Vehicle_ID,Frame_ID,Total_Frames,Global_Time,Local_X,Local_Y,Global_X,Global_Y,v_Length,v_Width,v_Class,v_Vel,v_Acc,Lane_ID,Preceding,Following,Space_Headway,Time_Headway,time_period,pair_id,leader_class,ego_class,mode_id
1570,4709,836,1.11343E+12,25.513,413.993,6042805.862,2133481.574,71.7,8.5,3,29.21,-0.26,3,1539,3345,250.99,8.59,1,3399,3,3,4
1570,4715,836,1.11343E+12,25.727,431.624,6042803.67,2133499.498,71.7,8.5,3,30.92,-2.06,3,1539,3345,245.67,7.95,1,3399,3,3,4
1570,4719,836,1.11343E+12,25.76,442.964,6042802.325,2133510.386,71.7,8.5,3,25.84,-1.5,3,1539,3345,242.36,9.38,1,3399,3,3,4
1570,4721,836,1.11343E+12,25.751,448.115,6042801.694,2133515.498,71.7,8.5,3,26.21,3.23,3,1539,3345,241.21,9.2,1,3399,3,3,4
1570,4722,836,1.11343E+12,25.745,450.79,6042801.363,2133518.176,71.7,8.5,3,26.24,-2.62,3,1539,3345,240.53,9.17,1,3399,3,3,4
1570,4725,836,1.11343E+12,25.731,458.471,6042800.425,2133525.769,71.7,8.5,3,25.05,-1.57,3,1539,1648,238.86,9.54,1,3399,3,3,4
1570,4726,836,1.11343E+12,25.726,460.954,6042800.119,2133528.25,71.7,8.5,3,24.96,0.22,3,1539,1648,238.55,9.56,1,3399,3,3,4
1570,4727,836,1.11343E+12,25.722,463.449,6042799.813,2133530.731,71.7,8.5,3,25,0.52,3,1539,1648,238.33,9.53,1,3399,3,3,4
1570,4728,836,1.11343E+12,25.717,465.954,6042799.506,2133533.212,71.7,8.5,3,25.04,0.26,3,1539,1648,238.17,9.51,1,3399,3,3,4
1570,4729,836,1.11343E+12,25.712,468.47,6042799.2,2133535.693,71.7,8.5,3,24.95,-1.53,3,1539,1648,238,9.54,1,3399,3,3,4
1570,4732,836,1.11343E+12,25.698,475.779,6042798.299,2133542.987,71.7,8.5,3,23.63,-3.22,3,1539,1648,238,10.07,1,3399,3,3,4
1570,4733,836,1.11343E+12,25.695,478.084,6042798.017,2133545.272,71.7,8.5,3,23.63,3.21,3,1539,1648,238.26,10.08,1,3399,3,3,4
1570,4736,836,1.11343E+12,25.693,485.391,6042797.116,2133552.565,71.7,8.5,3,24.95,1.55,3,1539,1648,238.9,9.58,1,3399,3,3,4
1570,4737,836,1.11343E+12,25.693,487.906,6042796.81,2133555.046,71.7,8.5,3,25.05,0.02,3,1539,1648,238.93,9.54,1,3399,3,3,4
1570,4738,836,1.11343E+12,25.692,490.412,6042796.503,2133557.528,71.7,8.5,3,25.05,-0.02,3,1539,1648,238.92,9.54,1,3399,3,3,4
1570,4739,836,1.11343E+12,25.692,492.925,6042796.197,2133560.009,71.7,8.5,3,24.96,-1.29,3,1539,1648,238.92,9.57,1,3399,3,3,4
1570,4744,836,1.11343E+12,25.689,504.748,6042794.744,2133571.768,71.7,8.5,3,22.03,-2.7,3,1539,1648,239.61,10.88,1,3399,3,3,4
1570,4749,836,1.11343E+12,25.687,516.415,6042793.313,2133583.361,71.7,8.5,3,24.63,-2.93,3,1539,1648,239.53,9.73,1,3399,3,3,4
1570,4752,836,1.11343E+12,25.686,523.542,6042792.44,2133590.43,71.7,8.5,3,22.89,-2.86,3,1539,1648,239.44,10.46,1,3399,3,3,4
1570,4755,836,1.11343E+12,25.684,530.461,6042791.597,2133597.254,71.7,8.5,3,23.62,0.96,3,1539,1648,240.73,10.19,1,3399,3,3,4
1570,4762,836,1.11343E+12,25.708,546.373,6042789.636,2133613.133,71.7,8.5,3,23.74,2.68,3,1539,1648,236.86,9.98,1,3399,3,3,4
1570,4763,836,1.11343E+12,25.714,548.791,6042789.337,2133615.559,71.7,8.5,3,23.81,-1.82,3,1539,1648,234.9,9.87,1,3399,3,3,4
1570,4764,836,1.11343E+12,25.719,551.165,6042789.045,2133617.918,71.7,8.5,3,23.71,-1.59,3,1539,1648,233.26,9.84,1,3399,3,3,4
1570,4765,836,1.11343E+12,25.725,553.502,6042788.763,2133620.203,71.7,8.5,3,23.78,2.63,3,1539,1648,231.93,9.75,1,3399,3,3,4
1570,4768,836,1.11343E+12,25.742,560.824,6042787.862,2133627.496,71.7,8.5,3,24.94,1.56,3,1539,1648,229.02,9.18,1,3399,3,3,4
1570,4769,836,1.11343E+12,25.749,563.34,6042787.556,2133629.977,71.7,8.5,3,25.04,-0.23,3,1539,1648,228.15,9.11,1,3399,3,3,4
1570,4770,836,1.11343E+12,25.754,565.844,6042787.249,2133632.458,71.7,8.5,3,25.02,-0.25,3,1539,1648,227.28,9.08,1,3399,3,3,4
1570,4771,836,1.11343E+12,25.76,568.342,6042786.943,2133634.939,71.7,8.5,3,25,0,3,1539,1648,226.42,9.06,1,3399,3,3,4
1570,4772,836,1.11343E+12,25.767,570.84,6042786.637,2133637.421,71.7,8.5,3,25.02,0.25,3,1539,1648,225.56,9.02,1,3399,3,3,4
1570,4773,836,1.11343E+12,25.772,573.344,6042786.33,2133639.902,71.7,8.5,3,25.04,0.23,3,1539,1648,224.81,8.98,1,3399,3,3,4
1570,4774,836,1.11343E+12,25.779,575.86,6042786.024,2133642.383,71.7,8.5,3,24.94,-1.56,3,1539,1648,224.21,8.99,1,3399,3,3,4
1570,4778,836,1.11343E+12,25.801,585.548,6042784.837,2133651.99,71.7,8.5,3,23.38,-2.93,3,1539,1648,223.38,9.55,1,3399,3,3,4
1570,4783,836,1.11343E+12,25.823,596.371,6042783.511,2133662.728,71.7,8.5,3,20,-1.8,3,1539,1648,224.07,11.2,1,3399,3,3,4
1570,4784,836,1.11343E+12,25.827,598.333,6042783.266,2133664.713,71.7,8.5,3,20.02,2.16,3,1539,1648,224.3,11.2,1,3399,3,3,4
1570,4789,836,1.11343E+12,26.309,609.288,6042782.377,2133675.664,71.7,8.5,3,23.67,0.31,3,1539,1648,223.2,9.43,1,3399,3,3,4
1570,4790,836,1.11343E+12,26.383,611.67,6042782.155,2133678.027,71.7,8.5,3,23.71,-1.08,3,1539,1648,222.77,9.4,1,3399,3,3,4
1570,4791,836,1.11343E+12,26.358,614.012,6042781.844,2133680.308,71.7,8.5,3,23.85,3.08,3,1539,1648,222.38,9.32,1,3399,3,3,4
1570,4793,836,1.11343E+12,26.366,618.863,6042781.253,2133685.091,71.7,8.5,3,24.63,2.89,3,1539,1648,221.37,8.99,1,3399,3,3,4
1570,4794,836,1.11343E+12,26.369,621.38,6042780.94,2133687.63,71.7,8.5,3,24.63,-3.23,3,1539,1648,220.81,8.97,1,3399,3,3,4
1570,4797,836,1.11343E+12,26.376,628.561,6042780.063,2133694.727,71.7,8.5,3,23.37,-1.76,3,1539,1648,220.1,9.42,1,3399,3,3,4
1570,4798,836,1.11343E+12,26.379,630.876,6042779.779,2133697.03,71.7,8.5,3,23.27,0,3,1539,1648,219.99,9.45,1,3399,3,3,4
1570,4799,836,1.11343E+12,26.381,633.192,6042779.494,2133699.332,71.7,8.5,3,23.37,1.74,3,1539,1648,219.88,9.41,1,3399,3,3,4
1570,4803,836,1.11343E+12,26.391,642.856,6042778.308,2133708.939,71.7,8.5,3,24.96,1.82,3,1539,1648,218.99,8.77,1,3399,3,3,4
1570,4804,836,1.11343E+12,26.394,645.376,6042778.002,2133711.42,71.7,8.5,3,25.07,0,3,1539,1648,218.73,8.72,1,3399,3,3,4
1570,4805,836,1.11343E+12,26.396,647.896,6042777.695,2133713.901,71.7,8.5,3,24.96,-1.81,3,1539,1648,218.55,8.76,1,3399,3,3,4
1570,4808,836,1.11343E+12,26.404,655.215,6042776.794,2133721.195,71.7,8.5,3,23.74,-2.87,3,1539,1648,218.73,9.21,1,3399,3,3,4
1570,4809,836,1.11343E+12,26.407,657.54,6042776.512,2133723.48,71.7,8.5,3,23.72,2.52,3,1539,1648,218.86,9.23,1,3399,3,3,4
1570,4812,836,1.11343E+12,26.418,664.83,6042775.612,2133730.773,71.7,8.5,3,24.84,1.87,3,1539,1648,218.21,8.78,1,3399,3,3,4
1570,4813,836,1.11343E+12,26.424,667.334,6042775.305,2133733.254,71.7,8.5,3,24.96,0.45,3,1539,1648,217.81,8.73,1,3399,3,3,4
1570,4814,836,1.11343E+12,26.431,669.835,6042774.999,2133735.735,71.7,8.5,3,24.99,0.12,3,1539,1648,217.48,8.7,1,3399,3,3,4
1570,4815,836,1.11343E+12,26.437,672.336,6042774.692,2133738.217,71.7,8.5,3,25,0,3,1539,1648,217.22,8.69,1,3399,3,3,4
1570,4816,836,1.11343E+12,26.444,674.836,6042774.386,2133740.698,71.7,8.5,3,25,-0.02,3,1539,1648,217.02,8.68,1,3399,3,3,4
1570,4817,836,1.11343E+12,26.45,677.336,6042774.08,2133743.179,71.7,8.5,3,25,-0.02,3,1539,1648,216.84,8.67,1,3399,3,3,4
1570,4818,836,1.11343E+12,26.456,679.836,6042773.773,2133745.66,71.7,8.5,3,25,0,3,1539,1648,216.65,8.67,1,3399,3,3,4
1570,4819,836,1.11343E+12,26.463,682.335,6042773.467,2133748.141,71.7,8.5,3,25,0.02,3,1539,1648,216.46,8.66,1,3399,3,3,4
1570,4820,836,1.11343E+12,26.469,684.835,6042773.16,2133750.622,71.7,8.5,3,25,0.02,3,1539,1648,216.26,8.65,1,3399,3,3,4
1570,4821,836,1.11343E+12,26.476,687.334,6042772.854,2133753.104,71.7,8.5,3,25.02,0.25,3,1539,1648,216.07,8.64,1,3399,3,3,4
1570,4822,836,1.11343E+12,26.482,689.838,6042772.547,2133755.585,71.7,8.5,3,25.04,0.21,3,1539,1648,215.87,8.62,1,3399,3,3,4
1570,4823,836,1.11343E+12,26.489,692.354,6042772.241,2133758.066,71.7,8.5,3,24.95,-1.57,3,1539,1648,215.67,8.64,1,3399,3,3,4
1570,4826,836,1.11343E+12,26.507,699.676,6042771.34,2133765.359,71.7,8.5,3,23.78,-2.63,3,1539,1648,215.23,9.05,1,3399,3,3,4
1570,4827,836,1.11343E+12,26.513,702.013,6042771.058,2133767.644,71.7,8.5,3,23.7,1.6,3,1539,1648,215.05,9.07,1,3399,3,3,4
1570,4828,836,1.11343E+12,26.52,704.386,6042770.767,2133770.003,71.7,8.5,3,23.81,1.84,3,1539,1648,214.74,9.02,1,3399,3,3,4
1570,4829,836,1.11343E+12,26.526,706.805,6042770.467,2133772.429,71.7,8.5,3,23.74,-2.67,3,1539,1648,214.33,9.03,1,3399,3,3,4
1570,4833,836,1.11343E+12,26.55,715.854,6042769.361,2133781.389,71.7,8.5,3,21.68,-1.54,3,1539,1648,213.26,9.84,1,3399,3,3,4
1570,4834,836,1.11343E+12,26.556,718.003,6042769.094,2133783.553,71.7,8.5,3,21.59,-0.15,3,1539,1648,213.08,9.87,1,3399,3,3,4
1570,4835,836,1.11343E+12,26.56,720.148,6042768.831,2133785.676,71.7,8.5,3,21.7,1.85,3,1539,1648,212.89,9.81,1,3399,3,3,4
1570,4841,836,1.11343E+12,26.603,733.887,6042767.136,2133799.404,71.7,8.5,3,22.66,-2.18,3,1539,1648,211.11,9.32,1,3399,3,3,4
1570,4842,836,1.11343E+12,26.619,736.105,6042766.867,2133801.583,71.7,8.5,3,22.64,3.17,3,1539,1648,210.9,9.32,1,3399,3,3,4
1570,4843,836,1.11343E+12,26.636,738.386,6042766.585,2133803.869,71.7,8.5,3,22.83,2.12,3,1539,1648,210.62,9.23,1,3399,3,3,4
1570,4844,836,1.11343E+12,26.652,740.689,6042766.293,2133806.229,71.7,8.5,3,23.01,0.54,3,1539,1648,210.31,9.14,1,3399,3,3,4
1570,4851,836,1.11343E+12,25.972,759.624,6042763.171,2133824.871,71.7,8.5,3,31.07,0.56,3,1539,1648,205.38,6.61,1,3399,3,3,4
1570,4852,836,1.11343E+12,25.791,762.748,6042762.589,2133827.926,71.7,8.5,3,31.04,-1.25,3,1539,1648,204.25,6.58,1,3399,3,3,4
1570,4853,836,1.11343E+12,25.61,765.832,6042762.007,2133830.981,71.7,8.5,3,31.02,0.51,3,1539,1648,203.17,6.55,1,3399,3,3,4
1570,4862,836,1.11343E+12,24.631,793.174,6042757.478,2133857.977,71.7,8.5,3,24.86,-2.98,3,1539,1648,193.83,7.8,1,3399,3,3,4
1570,4863,836,1.11343E+12,24.648,795.635,6042757.151,2133860.546,71.7,8.5,3,24.58,-2.18,3,1539,1648,193.37,7.87,1,3399,3,3,4
1570,4867,836,1.11343E+12,24.707,804.922,6042756.001,2133869.579,71.7,8.5,3,21.94,-1.74,3,1539,1648,192.08,8.75,1,3399,3,3,4
1570,4868,836,1.11343E+12,24.723,807.072,6042755.712,2133871.854,71.7,8.5,3,21.89,2.34,3,1539,1648,191.93,8.77,1,3399,3,3,4
1570,4869,836,1.11343E+12,24.737,809.269,6042755.437,2133874.016,71.7,8.5,3,22.21,3.06,3,1539,1648,191.73,8.63,1,3399,3,3,4
1570,4876,836,1.11343E+12,24.842,825.278,6042753.418,2133889.883,71.7,8.5,3,20.49,0.1,3,1539,1648,189.75,9.26,1,3399,3,3,4
1570,4879,836,1.11343E+12,24.885,831.771,6042752.6,2133896.313,71.7,8.5,3,22.98,1.61,3,1539,1648,188.97,8.22,1,3399,3,3,4
1570,4881,836,1.11343E+12,24.888,836.376,6042751.986,2133900.919,71.7,8.5,3,22.52,-3.14,3,1539,1648,188.04,8.35,1,3399,3,3,4
1570,4892,836,1.11343E+12,25.204,861.824,6042748.789,2133926.257,71.7,8.5,3,24.48,1.95,3,1539,1648,180.03,7.35,1,3399,3,3,4
1570,4893,836,1.11343E+12,25.235,864.29,6042748.483,2133928.668,71.7,8.5,3,24.53,0.7,3,1539,1648,179.07,7.3,1,3399,3,3,4
1570,4900,836,1.11343E+12,25.438,880.322,6042746.45,2133944.654,71.7,8.5,3,22.93,1.31,3,1539,1648,173.56,7.57,1,3399,3,3,4
1570,4904,836,1.11343E+12,25.538,888.949,6042745.32,2133953.33,71.7,8.5,3,20.19,0.35,3,1539,1648,170.36,8.44,1,3399,3,3,4
1570,4906,836,1.11343E+12,25.6,892.999,6042744.769,2133957.444,71.7,8.5,3,20.6,2.12,3,1539,1648,168.87,8.2,1,3399,3,3,4
1570,4907,836,1.11343E+12,25.631,895.087,6042744.494,2133959.498,71.7,8.5,3,20.73,-0.03,3,1539,1648,168.05,8.11,1,3399,3,3,4
1570,4908,836,1.11343E+12,25.663,897.159,6042744.22,2133961.553,71.7,8.5,3,20.73,0,3,1539,1648,167.23,8.07,1,3399,3,3,4
1570,4909,836,1.11343E+12,25.695,899.232,6042743.945,2133963.608,71.7,8.5,3,20.73,0,3,1539,1648,166.41,8.03,1,3399,3,3,4
1570,4910,836,1.11343E+12,25.727,901.305,6042743.671,2133965.663,71.7,8.5,3,20.73,0,3,1539,1648,165.6,7.99,1,3399,3,3,4
1570,4911,836,1.11343E+12,25.758,903.378,6042743.396,2133967.718,71.7,8.5,3,20.73,0,3,1539,1648,164.79,7.95,1,3399,3,3,4
1570,4912,836,1.11343E+12,25.79,905.451,6042743.122,2133969.773,71.7,8.5,3,20.73,0,3,1539,1648,163.98,7.91,1,3399,3,3,4
1570,4913,836,1.11343E+12,25.821,907.524,6042742.847,2133971.828,71.7,8.5,3,20.73,0,3,1539,1648,163.16,7.87,1,3399,3,3,4
1570,4914,836,1.11343E+12,25.852,909.597,6042742.572,2133973.883,71.7,8.5,3,20.73,0,3,1539,1648,162.35,7.83,1,3399,3,3,4
1570,4915,836,1.11343E+12,25.884,911.67,6042742.298,2133975.938,71.7,8.5,3,20.73,0,3,1539,1648,161.54,7.79,1,3399,3,3,4
1570,4916,836,1.11343E+12,25.916,913.743,6042742.023,2133977.993,71.7,8.5,3,20.73,0,3,1539,1648,160.73,7.75,1,3399,3,3,4
1570,4917,836,1.11343E+12,25.948,915.815,6042741.749,2133980.048,71.7,8.5,3,20.74,0.09,3,1539,1648,159.91,7.71,1,3399,3,3,4
1570,4918,836,1.11343E+12,25.979,917.889,6042741.474,2133982.103,71.7,8.5,3,20.75,0.2,3,1539,1648,159.1,7.67,1,3399,3,3,4
1570,4919,836,1.11343E+12,26.011,919.968,6042741.2,2133984.158,71.7,8.5,3,20.74,-0.32,3,1539,1648,158.28,7.63,1,3399,3,3,4
1570,4920,836,1.11343E+12,26.068,922.048,6042740.949,2133986.227,71.7,8.5,3,20.63,-1.63,3,1539,1648,157.46,7.63,1,3399,3,3,4
1570,4921,836,1.11343E+12,26.018,924.111,6042740.593,2133988.273,71.7,8.5,3,20.41,-2.87,3,1539,1648,156.66,7.68,1,3399,3,3,4
1570,4922,836,1.11343E+12,25.923,926.138,6042740.201,2133990.257,71.7,8.5,3,20.15,-2.74,3,1539,1648,155.9,7.74,1,3399,3,3,4
1570,4923,836,1.11343E+12,25.724,928.13,6042739.711,2133992.196,71.7,8.5,3,19.96,-1.15,3,1539,1648,155.16,7.77,1,3399,3,3,4
1570,4924,836,1.11343E+12,25.61,930.108,6042739.308,2133994.126,71.7,8.5,3,19.93,0.57,3,1539,1648,154.4,7.75,1,3399,3,3,4
1570,4925,836,1.11343E+12,25.534,932.101,6042738.938,2133996.091,71.7,8.5,3,19.98,0.9,3,1539,1648,153.58,7.69,1,3399,3,3,4
1570,4926,836,1.11343E+12,25.561,934.118,6042738.669,2133998.079,71.7,8.5,3,19.94,-1.29,3,1539,1648,152.71,7.66,1,3399,3,3,4
1570,4930,836,1.11343E+12,25.57,941.789,6042737.545,2134005.676,71.7,8.5,3,18.37,-1.77,3,1539,1648,149.27,8.13,1,3399,3,3,4
1570,4931,836,1.11343E+12,25.572,943.604,6042737.278,2134007.476,71.7,8.5,3,18.27,0,3,1539,1648,148.45,8.13,1,3399,3,3,4
1570,4932,836,1.11343E+12,25.573,945.417,6042737.011,2134009.277,71.7,8.5,3,18.38,2.01,3,1539,1648,147.63,8.03,1,3399,3,3,4
1570,4935,836,1.11343E+12,25.579,951.109,6042736.179,2134014.895,71.7,8.5,3,19.31,0,3,1539,1648,144.94,7.51,1,3399,3,3,4
1570,4944,836,1.11343E+12,24.437,964.476,6042733.08,2134027.933,71.7,8.5,3,9.91,-2,3,1539,1648,140.57,14.19,1,3399,3,3,4
1570,4945,836,1.11343E+12,24.492,965.438,6042732.989,2134028.912,71.7,8.5,3,9.79,0.24,3,1539,1648,140.61,14.36,1,3399,3,3,4
1570,4946,836,1.11343E+12,24.52,966.418,6042732.872,2134029.887,71.7,8.5,3,9.81,0.21,3,1539,1648,140.63,14.34,1,3399,3,3,4
1570,4947,836,1.11343E+12,24.549,967.402,6042732.756,2134030.863,71.7,8.5,3,9.82,0,3,1539,1648,140.65,14.32,1,3399,3,3,4
1570,4948,836,1.11343E+12,24.577,968.384,6042732.639,2134031.839,71.7,8.5,3,9.82,0,3,1539,1648,140.67,14.32,1,3399,3,3,4
1570,4949,836,1.11343E+12,24.606,969.366,6042732.523,2134032.814,71.7,8.5,3,9.82,0,3,1539,1648,140.68,14.33,1,3399,3,3,4
1570,4950,836,1.11343E+12,24.635,970.348,6042732.406,2134033.79,71.7,8.5,3,9.82,0,3,1539,1648,140.7,14.33,1,3399,3,3,4
1570,4951,836,1.11343E+12,24.663,971.33,6042732.289,2134034.766,71.7,8.5,3,9.82,0,3,1539,1648,140.72,14.33,1,3399,3,3,4
1570,4952,836,1.11343E+12,24.692,972.313,6042732.173,2134035.741,71.7,8.5,3,9.82,0,3,1539,1648,140.74,14.33,1,3399,3,3,4
1570,4953,836,1.11343E+12,24.72,973.294,6042732.056,2134036.717,71.7,8.5,3,9.82,0,3,1539,1648,140.76,14.33,1,3399,3,3,4
1570,4954,836,1.11343E+12,24.749,974.277,6042731.94,2134037.692,71.7,8.5,3,9.82,0,3,1539,1648,140.77,14.34,1,3399,3,3,4
1570,4955,836,1.11343E+12,24.778,975.259,6042731.823,2134038.668,71.7,8.5,3,9.82,0,3,1539,1648,140.79,14.34,1,3399,3,3,4
1570,4956,836,1.11343E+12,24.807,976.241,6042731.707,2134039.644,71.7,8.5,3,9.82,0,3,1539,1648,140.81,14.34,1,3399,3,3,4
1570,4957,836,1.11343E+12,24.835,977.223,6042731.59,2134040.619,71.7,8.5,3,9.82,0,3,1539,1648,140.83,14.34,1,3399,3,3,4
1570,4958,836,1.11343E+12,24.863,978.206,6042731.473,2134041.595,71.7,8.5,3,9.82,0,3,1539,1648,140.84,14.34,1,3399,3,3,4
1570,4959,836,1.11343E+12,24.892,979.188,6042731.357,2134042.571,71.7,8.5,3,9.82,0,3,1539,1648,140.86,14.34,1,3399,3,3,4
1570,4960,836,1.11343E+12,24.921,980.17,6042731.24,2134043.546,71.7,8.5,3,9.82,0,3,1539,1648,140.89,14.35,1,3399,3,3,4
1570,4961,836,1.11343E+12,24.95,981.152,6042731.124,2134044.522,71.7,8.5,3,9.82,0,3,1539,1648,140.9,14.35,1,3399,3,3,4
1570,4962,836,1.11343E+12,24.978,982.134,6042731.007,2134045.498,71.7,8.5,3,9.82,0,3,1539,1648,140.88,14.35,1,3399,3,3,4
1570,4963,836,1.11343E+12,25.007,983.117,6042730.891,2134046.473,71.7,8.5,3,9.82,0,3,1539,1648,140.84,14.34,1,3399,3,3,4
1570,4964,836,1.11343E+12,25.035,984.098,6042730.774,2134047.449,71.7,8.5,3,9.82,0,3,1539,1648,140.82,14.34,1,3399,3,3,4
1570,4965,836,1.11343E+12,25.065,985.081,6042730.658,2134048.424,71.7,8.5,3,9.82,0,3,1539,1648,140.85,14.34,1,3399,3,3,4
1570,4966,836,1.11343E+12,25.093,986.063,6042730.541,2134049.4,71.7,8.5,3,9.82,0,3,1539,1648,140.89,14.35,1,3399,3,3,4
1570,4967,836,1.11343E+12,25.121,987.045,6042730.424,2134050.376,71.7,8.5,3,9.82,0,3,1539,1648,140.86,14.34,1,3399,3,3,4
1570,4968,836,1.11343E+12,25.15,988.027,6042730.308,2134051.351,71.7,8.5,3,9.82,0,3,1539,1648,140.69,14.33,1,3399,3,3,4
1570,4969,836,1.11343E+12,25.178,989.009,6042730.191,2134052.327,71.7,8.5,3,9.82,0,3,1539,1648,140.4,14.3,1,3399,3,3,4
1570,4970,836,1.11343E+12,25.208,989.991,6042730.075,2134053.303,71.7,8.5,3,9.82,0,3,1539,1648,139.96,14.25,1,3399,3,3,4
1570,4971,836,1.11343E+12,25.236,990.974,6042729.958,2134054.278,71.7,8.5,3,9.82,0,3,1539,1648,139.46,14.2,1,3399,3,3,4
1570,4972,836,1.11343E+12,25.265,991.956,6042729.842,2134055.254,71.7,8.5,3,9.82,0,3,1539,1648,138.96,14.15,1,3399,3,3,4
1570,4973,836,1.11343E+12,25.293,992.938,6042729.725,2134056.23,71.7,8.5,3,9.82,0,3,1539,1648,138.48,14.1,1,3399,3,3,4
1570,4974,836,1.11343E+12,25.321,993.92,6042729.608,2134057.205,71.7,8.5,3,9.82,0,3,1539,1648,138,14.05,1,3399,3,3,4
1570,4975,836,1.11343E+12,25.351,994.902,6042729.492,2134058.181,71.7,8.5,3,9.82,0,3,1539,1648,137.52,14,1,3399,3,3,4
1570,4976,836,1.11343E+12,25.379,995.884,6042729.375,2134059.156,71.7,8.5,3,9.82,0,3,1539,1648,137.03,13.95,1,3399,3,3,4
1570,4977,836,1.11343E+12,25.408,996.866,6042729.259,2134060.132,71.7,8.5,3,9.82,0,3,1539,1648,136.55,13.91,1,3399,3,3,4
1570,4978,836,1.11343E+12,25.436,997.848,6042729.142,2134061.108,71.7,8.5,3,9.82,0,3,1539,1648,136.07,13.86,1,3399,3,3,4
1570,4979,836,1.11343E+12,25.465,998.831,6042729.026,2134062.083,71.7,8.5,3,9.82,0,3,1539,1648,135.59,13.81,1,3399,3,3,4
1570,4980,836,1.11343E+12,25.494,999.813,6042728.909,2134063.059,71.7,8.5,3,9.82,0,3,1539,1648,135.1,13.76,1,3399,3,3,4
1570,4981,836,1.11343E+12,25.522,1000.795,6042728.792,2134064.035,71.7,8.5,3,9.82,0,3,1539,1648,134.62,13.71,1,3399,3,3,4
1570,4982,836,1.11343E+12,25.551,1001.778,6042728.676,2134065.01,71.7,8.5,3,9.82,0,3,1539,1648,134.14,13.66,1,3399,3,3,4
1570,4983,836,1.11343E+12,25.579,1002.759,6042728.559,2134065.986,71.7,8.5,3,9.82,0,3,1539,1648,133.66,13.61,1,3399,3,3,4
1570,4984,836,1.11343E+12,25.608,1003.742,6042728.443,2134066.961,71.7,8.5,3,9.82,0,3,1539,1648,133.19,13.56,1,3399,3,3,4
1570,4985,836,1.11343E+12,25.636,1004.724,6042728.326,2134067.937,71.7,8.5,3,9.82,0,3,1539,1648,132.73,13.52,1,3399,3,3,4
1570,4986,836,1.11343E+12,25.666,1005.706,6042728.21,2134068.913,71.7,8.5,3,9.82,0,3,1539,1648,132.21,13.46,1,3399,3,3,4
1570,4987,836,1.11343E+12,25.694,1006.688,6042728.093,2134069.888,71.7,8.5,3,9.82,0,3,1539,1648,131.59,13.4,1,3399,3,3,4
1570,4988,836,1.11343E+12,25.723,1007.67,6042727.977,2134070.864,71.7,8.5,3,9.82,0,3,1539,1648,130.86,13.33,1,3399,3,3,4
1570,4989,836,1.11343E+12,25.751,1008.652,6042727.86,2134071.84,71.7,8.5,3,9.82,0,3,1539,1648,130.08,13.25,1,3399,3,3,4
1570,4990,836,1.11343E+12,25.779,1009.635,6042727.743,2134072.815,71.7,8.5,3,9.82,0,3,1539,1648,129.3,13.17,1,3399,3,3,4
1570,4991,836,1.11343E+12,25.809,1010.617,6042727.627,2134073.791,71.7,8.5,3,9.82,0,3,1539,1648,128.54,13.09,1,3399,3,3,4
1570,4992,836,1.11343E+12,25.837,1011.599,6042727.51,2134074.767,71.7,8.5,3,9.82,0,3,1539,1648,127.79,13.01,1,3399,3,3,4
1570,4993,836,1.11343E+12,25.866,1012.581,6042727.394,2134075.742,71.7,8.5,3,9.82,0,3,1539,1648,127.05,12.94,1,3399,3,3,4
1570,4994,836,1.11343E+12,25.894,1013.563,6042727.277,2134076.718,71.7,8.5,3,9.82,0,3,1539,1648,126.31,12.86,1,3399,3,3,4
1570,4995,836,1.11343E+12,25.923,1014.545,6042727.161,2134077.693,71.7,8.5,3,9.82,0,3,1539,1648,125.57,12.79,1,3399,3,3,4
1570,4996,836,1.11343E+12,25.952,1015.527,6042727.044,2134078.669,71.7,8.5,3,9.82,0,3,1539,1648,124.8,12.71,1,3399,3,3,4
1570,4997,836,1.11343E+12,25.98,1016.509,6042726.927,2134079.645,71.7,8.5,3,9.82,0,3,1539,1648,123.95,12.62,1,3399,3,3,4
1570,4998,836,1.11343E+12,26.009,1017.499,6042726.811,2134080.62,71.7,8.5,3,9.75,-1.14,3,1539,1648,123.01,12.62,1,3399,3,3,4
1570,4999,836,1.11343E+12,26.037,1018.474,6042726.694,2134081.596,71.7,8.5,3,9.59,-2.13,3,1539,1648,122.04,12.73,1,3399,3,3,4
1570,5000,836,1.11343E+12,26.066,1019.416,6042726.578,2134082.572,71.7,8.5,3,9.47,-1.03,3,1539,1648,121.09,12.79,1,3399,3,3,4
1570,5001,836,1.11343E+12,26.097,1020.347,6042726.461,2134083.547,71.7,8.5,3,9.47,1.01,3,1539,1648,120.16,12.69,1,3399,3,3,4
1570,5002,836,1.11343E+12,26.131,1021.289,6042726.345,2134084.523,71.7,8.5,3,9.59,2.13,3,1539,1648,119.22,12.43,1,3399,3,3,4
1570,5003,836,1.11343E+12,26.164,1022.263,6042726.228,2134085.499,71.7,8.5,3,9.75,1.14,3,1539,1648,118.25,12.13,1,3399,3,3,4
1570,5004,836,1.11343E+12,26.198,1023.253,6042726.112,2134086.474,71.7,8.5,3,9.82,0,3,1539,1648,117.26,11.94,1,3399,3,3,4
1570,5005,836,1.11343E+12,26.232,1024.235,6042725.995,2134087.45,71.7,8.5,3,9.82,0,3,1539,1648,116.28,11.84,1,3399,3,3,4
1570,5006,836,1.11343E+12,26.265,1025.217,6042725.878,2134088.425,71.7,8.5,3,9.82,0,3,1539,1648,115.29,11.74,1,3399,3,3,4
1570,5007,836,1.11343E+12,26.299,1026.199,6042725.762,2134089.401,71.7,8.5,3,9.82,0,3,1539,1648,114.31,11.64,1,3399,3,3,4
1570,5008,836,1.11343E+12,26.332,1027.181,6042725.645,2134090.377,71.7,8.5,3,9.82,0,3,1539,1648,113.33,11.54,1,3399,3,3,4
1570,5009,836,1.11343E+12,26.366,1028.163,6042725.529,2134091.352,71.7,8.5,3,9.82,0,3,1539,1648,112.35,11.44,1,3399,3,3,4
1570,5010,836,1.11343E+12,26.399,1029.145,6042725.412,2134092.328,71.7,8.5,3,9.82,0,3,1539,1648,111.37,11.34,1,3399,3,3,4
1570,5011,836,1.11343E+12,26.434,1030.127,6042725.296,2134093.304,71.7,8.5,3,9.82,0,3,1539,1648,110.38,11.24,1,3399,3,3,4
1570,5012,836,1.11343E+12,26.467,1031.109,6042725.179,2134094.279,71.7,8.5,3,9.82,0,3,1539,1648,109.4,11.14,1,3399,3,3,4
1570,5013,836,1.11343E+12,26.5,1032.091,6042725.062,2134095.255,71.7,8.5,3,9.82,0,3,1539,1648,108.42,11.04,1,3399,3,3,4
1570,5014,836,1.11343E+12,26.534,1033.073,6042724.946,2134096.23,71.7,8.5,3,9.82,0,3,1539,1648,107.44,10.94,1,3399,3,3,4
1570,5015,836,1.11343E+12,26.567,1034.055,6042724.829,2134097.206,71.7,8.5,3,9.82,0,3,1539,1648,106.45,10.84,1,3399,3,3,4
1570,5016,836,1.11343E+12,26.601,1035.037,6042724.713,2134098.182,71.7,8.5,3,9.82,0,3,1539,1648,105.47,10.74,1,3399,3,3,4
1570,5017,836,1.11343E+12,26.634,1036.019,6042724.596,2134099.157,71.7,8.5,3,9.82,0,3,1539,1648,104.49,10.64,1,3399,3,3,4
1570,5018,836,1.11343E+12,26.668,1037.001,6042724.48,2134100.133,71.7,8.5,3,9.82,0,3,1539,1648,103.51,10.54,1,3399,3,3,4
1570,5019,836,1.11343E+12,26.702,1037.983,6042724.363,2134101.109,71.7,8.5,3,9.82,0,3,1539,1648,102.53,10.44,1,3399,3,3,4
1570,5020,836,1.11343E+12,26.736,1038.965,6042724.247,2134102.084,71.7,8.5,3,9.82,0,3,1539,1648,101.55,10.34,1,3399,3,3,4
1570,5021,836,1.11343E+12,26.769,1039.947,6042724.13,2134103.06,71.7,8.5,3,9.82,0,3,1539,1648,100.56,10.24,1,3399,3,3,4
1570,5022,836,1.11343E+12,26.802,1040.929,6042724.013,2134104.036,71.7,8.5,3,9.82,0,3,1539,1648,99.58,10.14,1,3399,3,3,4
1570,5023,836,1.11343E+12,26.836,1041.911,6042723.897,2134105.011,71.7,8.5,3,9.82,0,3,1539,1648,98.6,10.04,1,3399,3,3,4
1570,5024,836,1.11343E+12,26.869,1042.893,6042723.78,2134105.987,71.7,8.5,3,9.82,0,3,1539,1648,97.62,9.94,1,3399,3,3,4
1570,5025,836,1.11343E+12,26.903,1043.875,6042723.664,2134106.962,71.7,8.5,3,9.82,0,3,1539,1648,96.63,9.84,1,3399,3,3,4
1570,5026,836,1.11343E+12,26.936,1044.857,6042723.547,2134107.938,71.7,8.5,3,9.82,0,3,1539,1648,95.65,9.74,1,3399,3,3,4
1570,5027,836,1.11343E+12,26.971,1045.839,6042723.431,2134108.914,71.7,8.5,3,9.82,0,3,1539,1648,94.67,9.64,1,3399,3,3,4
1570,5028,836,1.11343E+12,27.004,1046.821,6042723.314,2134109.889,71.7,8.5,3,9.82,0,3,1539,1648,93.69,9.54,1,3399,3,3,4
1570,5029,836,1.11343E+12,27.037,1047.803,6042723.197,2134110.865,71.7,8.5,3,9.82,0,3,1539,1648,92.71,9.44,1,3399,3,3,4
1570,5030,836,1.11343E+12,27.071,1048.785,6042723.081,2134111.841,71.7,8.5,3,9.82,0,3,1539,1648,91.72,9.34,1,3399,3,3,4
1570,5031,836,1.11343E+12,27.104,1049.765,6042722.964,2134112.816,71.7,8.5,3,9.84,0.3,3,1539,1648,90.74,9.22,1,3399,3,3,4
1570,5032,836,1.11343E+12,27.138,1050.751,6042722.848,2134113.792,71.7,8.5,3,9.86,0.24,3,1539,1648,89.76,9.1,1,3399,3,3,4
1570,5033,836,1.11343E+12,27.172,1051.752,6042722.731,2134114.768,71.7,8.5,3,9.75,-1.93,3,1539,1648,88.76,9.1,1,3399,3,3,4
1570,5038,836,1.11343E+12,27.015,1055.738,6042721.969,2134118.683,71.7,8.5,3,6.25,-1.07,3,1539,1648,84.77,13.56,1,3399,3,3,4
1570,5039,836,1.11343E+12,27,1056.343,6042721.863,2134119.271,71.7,8.5,3,6.17,0.78,3,1539,1648,84.17,13.64,1,3399,3,3,4
1570,5040,836,1.11343E+12,27.037,1056.983,6042721.798,2134119.936,71.7,8.5,3,6.05,-2.45,3,1539,1648,83.53,13.81,1,3399,3,3,4
1570,5045,836,1.11343E+12,26.225,1059.193,6042720.659,2134121.989,71.7,8.5,3,3.14,-0.84,3,1539,1648,81.32,25.9,1,3399,3,3,4
1570,5046,836,1.11343E+12,26.241,1059.495,6042720.627,2134122.3,71.7,8.5,3,3.09,0.08,3,1539,1648,81.02,26.22,1,3399,3,3,4
1570,5047,836,1.11343E+12,26.241,1059.804,6042720.58,2134122.605,71.7,8.5,3,3.09,0,3,1539,1648,80.71,26.12,1,3399,3,3,4
1570,5048,836,1.11343E+12,26.242,1060.114,6042720.534,2134122.91,71.7,8.5,3,3.09,-0.03,3,1539,1648,80.4,26.02,1,3399,3,3,4
1570,5049,836,1.11343E+12,26.243,1060.422,6042720.488,2134123.216,71.7,8.5,3,3.09,0,3,1539,1648,80.09,25.92,1,3399,3,3,4
1570,5050,836,1.11343E+12,26.243,1060.731,6042720.441,2134123.521,71.7,8.5,3,3.09,0,3,1539,1648,79.78,25.82,1,3399,3,3,4
1570,5051,836,1.11343E+12,26.244,1061.04,6042720.395,2134123.826,71.7,8.5,3,3.09,0,3,1539,1648,79.47,25.72,1,3399,3,3,4
1570,5052,836,1.11343E+12,26.245,1061.349,6042720.349,2134124.132,71.7,8.5,3,3.09,0,3,1539,1648,79.16,25.62,1,3399,3,3,4
1570,5053,836,1.11343E+12,26.245,1061.658,6042720.302,2134124.437,71.7,8.5,3,3.09,0,3,1539,1648,78.85,25.52,1,3399,3,3,4
1570,5054,836,1.11343E+12,26.246,1061.967,6042720.256,2134124.742,71.7,8.5,3,3.09,0,3,1539,1648,78.54,25.42,1,3399,3,3,4
1570,5055,836,1.11343E+12,26.248,1062.275,6042720.21,2134125.048,71.7,8.5,3,3.09,0,3,1539,1648,78.23,25.32,1,3399,3,3,4
1570,5056,836,1.11343E+12,26.248,1062.584,6042720.163,2134125.353,71.7,8.5,3,3.09,0,3,1539,1648,77.93,25.22,1,3399,3,3,4
1570,5057,836,1.11343E+12,26.249,1062.893,6042720.117,2134125.658,71.7,8.5,3,3.09,0,3,1539,1648,77.62,25.12,1,3399,3,3,4
1570,5058,836,1.11343E+12,26.25,1063.202,6042720.071,2134125.964,71.7,8.5,3,3.09,0,3,1539,1648,77.31,25.02,1,3399,3,3,4
1570,5059,836,1.11343E+12,26.25,1063.511,6042720.024,2134126.269,71.7,8.5,3,3.09,0,3,1539,1648,77,24.92,1,3399,3,3,4
1570,5060,836,1.11343E+12,26.251,1063.82,6042719.978,2134126.574,71.7,8.5,3,3.09,0,3,1539,1648,76.69,24.82,1,3399,3,3,4
1570,5061,836,1.11343E+12,26.252,1064.128,6042719.932,2134126.88,71.7,8.5,3,3.09,0,3,1539,1648,76.38,24.72,1,3399,3,3,4
1570,5062,836,1.11343E+12,26.252,1064.437,6042719.885,2134127.185,71.7,8.5,3,3.09,0,3,1539,1648,76.07,24.62,1,3399,3,3,4
1570,5063,836,1.11343E+12,26.253,1064.746,6042719.839,2134127.49,71.7,8.5,3,3.09,0,3,1539,1648,75.76,24.52,1,3399,3,3,4
1570,5064,836,1.11343E+12,26.254,1065.055,6042719.792,2134127.796,71.7,8.5,3,3.09,0,3,1539,1648,75.45,24.42,1,3399,3,3,4
1570,5065,836,1.11343E+12,26.255,1065.364,6042719.746,2134128.101,71.7,8.5,3,3.09,0,3,1539,1648,75.15,24.32,1,3399,3,3,4
1570,5066,836,1.11343E+12,26.256,1065.673,6042719.7,2134128.406,71.7,8.5,3,3.09,0,3,1539,1648,74.84,24.22,1,3399,3,3,4
1570,5067,836,1.11343E+12,26.256,1065.981,6042719.653,2134128.712,71.7,8.5,3,3.09,0,3,1539,1648,74.53,24.12,1,3399,3,3,4
1570,5068,836,1.11343E+12,26.257,1066.29,6042719.607,2134129.017,71.7,8.5,3,3.09,0,3,1539,1648,74.22,24.02,1,3399,3,3,4
1570,5069,836,1.11343E+12,26.258,1066.599,6042719.561,2134129.322,71.7,8.5,3,3.09,0,3,1539,1648,73.91,23.92,1,3399,3,3,4
1570,5070,836,1.11343E+12,26.258,1066.908,6042719.514,2134129.628,71.7,8.5,3,3.09,0,3,1539,1648,73.6,23.82,1,3399,3,3,4
1570,5071,836,1.11343E+12,26.259,1067.217,6042719.468,2134129.933,71.7,8.5,3,3.09,0,3,1539,1648,73.29,23.72,1,3399,3,3,4
1570,5072,836,1.11343E+12,26.26,1067.526,6042719.422,2134130.238,71.7,8.5,3,3.09,0,3,1539,1648,72.98,23.62,1,3399,3,3,4
1570,5073,836,1.11343E+12,26.26,1067.834,6042719.375,2134130.544,71.7,8.5,3,3.09,0,3,1539,1648,72.68,23.52,1,3399,3,3,4
1570,5074,836,1.11343E+12,26.261,1068.143,6042719.329,2134130.849,71.7,8.5,3,3.09,0,3,1539,1648,72.37,23.42,1,3399,3,3,4
1570,5075,836,1.11343E+12,26.263,1068.452,6042719.283,2134131.154,71.7,8.5,3,3.09,0,3,1539,1648,72.06,23.32,1,3399,3,3,4
1570,5076,836,1.11343E+12,26.263,1068.761,6042719.236,2134131.46,71.7,8.5,3,3.09,0,3,1539,1648,71.75,23.22,1,3399,3,3,4
1570,5077,836,1.11343E+12,26.264,1069.07,6042719.19,2134131.765,71.7,8.5,3,3.09,0,3,1539,1648,71.44,23.12,1,3399,3,3,4
1570,5078,836,1.11343E+12,26.265,1069.379,6042719.144,2134132.07,71.7,8.5,3,3.09,0,3,1539,1648,71.13,23.02,1,3399,3,3,4
1570,5079,836,1.11343E+12,26.265,1069.687,6042719.097,2134132.376,71.7,8.5,3,3.09,0,3,1539,1648,70.82,22.92,1,3399,3,3,4
1570,5080,836,1.11343E+12,26.266,1069.996,6042719.051,2134132.681,71.7,8.5,3,3.09,0,3,1539,1648,70.51,22.82,1,3399,3,3,4
1570,5081,836,1.11343E+12,26.266,1070.305,6042719.004,2134132.986,71.7,8.5,3,3.09,0,3,1539,1648,70.2,22.72,1,3399,3,3,4
1570,5082,836,1.11343E+12,26.267,1070.614,6042718.958,2134133.292,71.7,8.5,3,3.09,0,3,1539,1648,69.9,22.62,1,3399,3,3,4
1570,5083,836,1.11343E+12,26.268,1070.922,6042718.912,2134133.597,71.7,8.5,3,3.09,0,3,1539,1648,69.59,22.52,1,3399,3,3,4
1570,5084,836,1.11343E+12,26.268,1071.231,6042718.865,2134133.902,71.7,8.5,3,3.09,0,3,1539,1648,69.28,22.42,1,3399,3,3,4
1570,5085,836,1.11343E+12,26.27,1071.54,6042718.819,2134134.208,71.7,8.5,3,3.09,0,3,1539,1648,68.97,22.32,1,3399,3,3,4
1570,5086,836,1.11343E+12,26.271,1071.85,6042718.773,2134134.513,71.7,8.5,3,3.09,-0.03,3,1539,1648,68.66,22.22,1,3399,3,3,4
1570,5087,836,1.11343E+12,26.271,1072.158,6042718.726,2134134.819,71.7,8.5,3,3.09,0,3,1539,1648,68.35,22.12,1,3399,3,3,4
1570,5088,836,1.11343E+12,26.272,1072.467,6042718.68,2134135.124,71.7,8.5,3,3.09,0,3,1539,1648,68.04,22.02,1,3399,3,3,4
1570,5089,836,1.11343E+12,26.273,1072.776,6042718.634,2134135.429,71.7,8.5,3,3.09,0,3,1539,1648,67.73,21.92,1,3399,3,3,4
1570,5090,836,1.11343E+12,26.273,1073.084,6042718.587,2134135.735,71.7,8.5,3,3.09,0,3,1539,1648,67.43,21.82,1,3399,3,3,4
1570,5091,836,1.11343E+12,26.274,1073.393,6042718.541,2134136.04,71.7,8.5,3,3.09,0,3,1539,1648,67.12,21.72,1,3399,3,3,4
1570,5092,836,1.11343E+12,26.275,1073.702,6042718.495,2134136.345,71.7,8.5,3,3.09,0,3,1539,1648,66.81,21.62,1,3399,3,3,4
1570,5093,836,1.11343E+12,26.276,1074.011,6042718.448,2134136.651,71.7,8.5,3,3.09,0,3,1539,1648,66.5,21.52,1,3399,3,3,4
1570,5094,836,1.11343E+12,26.277,1074.32,6042718.402,2134136.956,71.7,8.5,3,3.09,0,3,1539,1648,66.19,21.42,1,3399,3,3,4
1570,5095,836,1.11343E+12,26.278,1074.629,6042718.356,2134137.261,71.7,8.5,3,3.09,0,3,1539,1648,65.89,21.33,1,3399,3,3,4
1570,5096,836,1.11343E+12,26.278,1074.938,6042718.309,2134137.567,71.7,8.5,3,3.09,-0.03,3,1539,1648,65.77,21.28,1,3399,3,3,4
1570,5097,836,1.11343E+12,26.279,1075.247,6042718.263,2134137.872,71.7,8.5,3,3.08,-0.08,3,1539,1648,65.78,21.36,1,3399,3,3,4
1570,5098,836,1.11343E+12,26.254,1075.554,6042718.191,2134138.174,71.7,8.5,3,3.07,-0.08,3,1539,1648,65.86,21.45,1,3399,3,3,4
1570,5099,836,1.11343E+12,26.314,1075.861,6042718.204,2134138.483,71.7,8.5,3,3.07,-0.03,3,1539,1648,65.93,21.48,1,3399,3,3,4
1570,5100,836,1.11343E+12,26.411,1076.167,6042718.253,2134138.804,71.7,8.5,3,3.07,0,3,1539,1648,65.99,21.49,1,3399,3,3,4
1570,5101,836,1.11343E+12,26.583,1076.474,6042718.377,2134139.13,71.7,8.5,3,3.07,0,3,1539,1648,66.04,21.51,1,3399,3,3,4
1570,5102,836,1.11343E+12,26.681,1076.781,6042718.426,2134139.452,71.7,8.5,3,3.07,0.03,3,1539,1648,66.1,21.53,1,3399,3,3,4
1570,5103,836,1.11343E+12,26.741,1077.087,6042718.439,2134139.76,71.7,8.5,3,3.07,0.07,3,1539,1648,66.16,21.55,1,3399,3,3,4
1570,5104,836,1.11343E+12,26.716,1077.395,6042718.367,2134140.062,71.7,8.5,3,3.08,0.07,3,1539,1648,66.21,21.5,1,3399,3,3,4
1570,5105,836,1.11343E+12,26.717,1077.704,6042718.321,2134140.368,71.7,8.5,3,3.09,0.04,3,1539,1648,66.27,21.45,1,3399,3,3,4
1570,5106,836,1.11343E+12,26.718,1078.013,6042718.275,2134140.673,71.7,8.5,3,3.09,0,3,1539,1648,66.33,21.46,1,3399,3,3,4
1570,5107,836,1.11343E+12,26.718,1078.322,6042718.228,2134140.978,71.7,8.5,3,3.09,0,3,1539,1648,66.38,21.48,1,3399,3,3,4
1570,5108,836,1.11343E+12,26.719,1078.63,6042718.182,2134141.284,71.7,8.5,3,3.09,0,3,1539,1648,66.44,21.5,1,3399,3,3,4
1570,5109,836,1.11343E+12,26.72,1078.939,6042718.136,2134141.589,71.7,8.5,3,3.09,0,3,1539,1648,66.49,21.52,1,3399,3,3,4
1570,5110,836,1.11343E+12,26.72,1079.248,6042718.089,2134141.894,71.7,8.5,3,3.09,0,3,1539,1648,66.55,21.54,1,3399,3,3,4
1570,5111,836,1.11343E+12,26.721,1079.557,6042718.043,2134142.2,71.7,8.5,3,3.09,0,3,1539,1648,66.6,21.55,1,3399,3,3,4
1570,5112,836,1.11343E+12,26.722,1079.866,6042717.997,2134142.505,71.7,8.5,3,3.09,0,3,1539,1648,66.66,21.57,1,3399,3,3,4
1570,5113,836,1.11343E+12,26.723,1080.175,6042717.95,2134142.81,71.7,8.5,3,3.09,0,3,1539,1648,66.71,21.59,1,3399,3,3,4
1570,5114,836,1.11343E+12,26.724,1080.483,6042717.904,2134143.116,71.7,8.5,3,3.09,0,3,1539,1648,66.77,21.61,1,3399,3,3,4
1570,5115,836,1.11343E+12,26.724,1080.792,6042717.857,2134143.421,71.7,8.5,3,3.09,0,3,1539,1648,66.82,21.63,1,3399,3,3,4
1570,5116,836,1.11343E+12,26.725,1081.101,6042717.811,2134143.726,71.7,8.5,3,3.09,0,3,1539,1648,66.88,21.64,1,3399,3,3,4
1570,5117,836,1.11343E+12,26.726,1081.41,6042717.765,2134144.032,71.7,8.5,3,3.09,0,3,1539,1648,66.93,21.66,1,3399,3,3,4
1570,5118,836,1.11343E+12,26.726,1081.719,6042717.718,2134144.337,71.7,8.5,3,3.09,0,3,1539,1648,66.99,21.68,1,3399,3,3,4
1570,5119,836,1.11343E+12,26.727,1082.028,6042717.672,2134144.642,71.7,8.5,3,3.09,0,3,1539,1648,67.05,21.7,1,3399,3,3,4
1570,5120,836,1.11343E+12,26.728,1082.336,6042717.626,2134144.948,71.7,8.5,3,3.09,0,3,1539,1648,67.1,21.72,1,3399,3,3,4
1570,5121,836,1.11343E+12,26.728,1082.645,6042717.579,2134145.253,71.7,8.5,3,3.09,0,3,1539,1648,67.16,21.73,1,3399,3,3,4
1570,5122,836,1.11343E+12,26.729,1082.954,6042717.533,2134145.558,71.7,8.5,3,3.09,0,3,1539,1648,67.21,21.75,1,3399,3,3,4
1570,5123,836,1.11343E+12,26.731,1083.263,6042717.487,2134145.864,71.7,8.5,3,3.09,0,3,1539,1648,67.27,21.77,1,3399,3,3,4
1570,5124,836,1.11343E+12,26.731,1083.572,6042717.44,2134146.169,71.7,8.5,3,3.09,0,3,1539,1648,67.32,21.79,1,3399,3,3,4
1570,5125,836,1.11343E+12,26.732,1083.881,6042717.394,2134146.474,71.7,8.5,3,3.09,0,3,1539,1648,67.38,21.8,1,3399,3,3,4
1570,5126,836,1.11343E+12,26.733,1084.189,6042717.348,2134146.78,71.7,8.5,3,3.09,0,3,1539,1648,67.43,21.82,1,3399,3,3,4
1570,5127,836,1.11343E+12,26.733,1084.498,6042717.301,2134147.085,71.7,8.5,3,3.09,0,3,1539,1648,67.49,21.84,1,3399,3,3,4
1570,5128,836,1.11343E+12,26.734,1084.807,6042717.255,2134147.39,71.7,8.5,3,3.09,0,3,1539,1648,67.54,21.86,1,3399,3,3,4
1570,5129,836,1.11343E+12,26.734,1085.116,6042717.208,2134147.696,71.7,8.5,3,3.09,0,3,1539,1648,67.6,21.88,1,3399,3,3,4
1570,5130,836,1.11343E+12,26.735,1085.425,6042717.162,2134148.001,71.7,8.5,3,3.09,0,3,1539,1648,67.65,21.89,1,3399,3,3,4
1570,5131,836,1.11343E+12,26.737,1085.734,6042717.116,2134148.307,71.7,8.5,3,3.09,0,3,1539,1648,67.71,21.91,1,3399,3,3,4
1570,5132,836,1.11343E+12,26.737,1086.043,6042717.069,2134148.612,71.7,8.5,3,3.09,0,3,1539,1648,67.77,21.93,1,3399,3,3,4
1570,5133,836,1.11343E+12,26.738,1086.352,6042717.023,2134148.917,71.7,8.5,3,3.09,0,3,1539,1648,67.82,21.95,1,3399,3,3,4
1570,5134,836,1.11343E+12,26.739,1086.66,6042716.977,2134149.223,71.7,8.5,3,3.09,0,3,1539,1648,67.88,21.97,1,3399,3,3,4
1570,5135,836,1.11343E+12,26.739,1086.969,6042716.93,2134149.528,71.7,8.5,3,3.09,0,3,1539,1648,67.93,21.98,1,3399,3,3,4
1570,5136,836,1.11343E+12,26.74,1087.278,6042716.884,2134149.833,71.7,8.5,3,3.09,0,3,1539,1648,67.99,22,1,3399,3,3,4
1570,5137,836,1.11343E+12,26.741,1087.587,6042716.838,2134150.139,71.7,8.5,3,3.09,0,3,1539,1648,68.04,22.02,1,3399,3,3,4
1570,5138,836,1.11343E+12,26.741,1087.896,6042716.791,2134150.444,71.7,8.5,3,3.09,0,3,1539,1648,68.1,22.04,1,3399,3,3,4
1570,5139,836,1.11343E+12,26.742,1088.205,6042716.745,2134150.749,71.7,8.5,3,3.09,0,3,1539,1648,68.15,22.06,1,3399,3,3,4
1570,5140,836,1.11343E+12,26.743,1088.513,6042716.699,2134151.055,71.7,8.5,3,3.09,0,3,1539,1648,68.21,22.07,1,3399,3,3,4
1570,5141,836,1.11343E+12,26.743,1088.822,6042716.652,2134151.36,71.7,8.5,3,3.09,0,3,1539,1648,68.27,22.09,1,3399,3,3,4
1570,5142,836,1.11343E+12,26.745,1089.131,6042716.606,2134151.665,71.7,8.5,3,3.09,0,3,1539,1648,68.32,22.11,1,3399,3,3,4
1570,5143,836,1.11343E+12,26.746,1089.44,6042716.56,2134151.971,71.7,8.5,3,3.09,0,3,1539,1648,68.38,22.13,1,3399,3,3,4
1570,5144,836,1.11343E+12,26.746,1089.749,6042716.513,2134152.276,71.7,8.5,3,3.09,0,3,1539,1648,68.43,22.15,1,3399,3,3,4
1570,5145,836,1.11343E+12,26.747,1090.058,6042716.467,2134152.581,71.7,8.5,3,3.09,0,3,1539,1648,68.48,22.16,1,3399,3,3,4
1570,5146,836,1.11343E+12,26.747,1090.366,6042716.42,2134152.887,71.7,8.5,3,3.09,0,3,1539,1648,68.54,22.18,1,3399,3,3,4
1570,5147,836,1.11343E+12,26.748,1090.675,6042716.374,2134153.192,71.7,8.5,3,3.09,0,3,1539,1648,68.6,22.2,1,3399,3,3,4
1570,5148,836,1.11343E+12,26.749,1090.984,6042716.328,2134153.497,71.7,8.5,3,3.09,0,3,1539,1648,68.65,22.22,1,3399,3,3,4
1570,5149,836,1.11343E+12,26.749,1091.293,6042716.281,2134153.803,71.7,8.5,3,3.09,0,3,1539,1648,68.71,22.24,1,3399,3,3,4
1570,5150,836,1.11343E+12,26.75,1091.602,6042716.235,2134154.108,71.7,8.5,3,3.09,0,3,1539,1648,68.76,22.25,1,3399,3,3,4
1570,5151,836,1.11343E+12,26.751,1091.911,6042716.189,2134154.413,71.7,8.5,3,3.09,0,3,1539,1648,68.82,22.27,1,3399,3,3,4
1570,5152,836,1.11343E+12,26.752,1092.219,6042716.142,2134154.719,71.7,8.5,3,3.09,0,3,1539,1648,68.87,22.29,1,3399,3,3,4
1570,5153,836,1.11343E+12,26.753,1092.528,6042716.096,2134155.024,71.7,8.5,3,3.09,0,3,1539,1648,68.93,22.31,1,3399,3,3,4
1570,5154,836,1.11343E+12,26.754,1092.837,6042716.05,2134155.329,71.7,8.5,3,3.09,0,3,1539,1648,68.98,22.33,1,3399,3,3,4
1570,5155,836,1.11343E+12,26.754,1093.146,6042716.003,2134155.635,71.7,8.5,3,3.09,0,3,1539,1648,69.04,22.34,1,3399,3,3,4
1570,5156,836,1.11343E+12,26.755,1093.455,6042715.957,2134155.94,71.7,8.5,3,3.09,0,3,1539,1648,69.1,22.36,1,3399,3,3,4
1570,5157,836,1.11343E+12,26.756,1093.764,6042715.911,2134156.245,71.7,8.5,3,3.09,0,3,1539,1648,69.15,22.38,1,3399,3,3,4
1570,5158,836,1.11343E+12,26.756,1094.072,6042715.864,2134156.551,71.7,8.5,3,3.09,0,3,1539,1648,69.21,22.4,1,3399,3,3,4
1570,5159,836,1.11343E+12,26.757,1094.381,6042715.818,2134156.856,71.7,8.5,3,3.09,0,3,1539,1648,69.24,22.41,1,3399,3,3,4
1570,5160,836,1.11343E+12,26.758,1094.69,6042715.772,2134157.161,71.7,8.5,3,3.09,0,3,1539,1648,69.35,22.44,1,3399,3,3,4
1570,5161,836,1.11343E+12,26.759,1094.999,6042715.725,2134157.467,71.7,8.5,3,3.09,0,3,1539,1648,69.89,22.62,1,3399,3,3,4
1570,5162,836,1.11343E+12,26.76,1095.308,6042715.679,2134157.772,71.7,8.5,3,3.09,0,3,1539,1648,70.98,22.97,1,3399,3,3,4
1570,5163,836,1.11343E+12,26.76,1095.617,6042715.632,2134158.077,71.7,8.5,3,3.09,0,3,1539,1648,72.69,23.52,1,3399,3,3,4
1570,5164,836,1.11343E+12,26.761,1095.925,6042715.586,2134158.383,71.7,8.5,3,3.09,0,3,1539,1648,74.94,24.25,1,3399,3,3,4
1570,5165,836,1.11343E+12,26.762,1096.234,6042715.54,2134158.688,71.7,8.5,3,3.09,0,3,1539,1648,77.65,25.13,1,3399,3,3,4
1570,5166,836,1.11343E+12,26.762,1096.543,6042715.493,2134158.993,71.7,8.5,3,3.09,0,3,1539,1648,79.85,25.84,1,3399,3,3,4
1570,5167,836,1.11343E+12,26.763,1096.852,6042715.447,2134159.299,71.7,8.5,3,3.09,0,3,1539,1648,81.48,26.37,1,3399,3,3,4
1570,5168,836,1.11343E+12,26.764,1097.161,6042715.401,2134159.604,71.7,8.5,3,3.09,0,3,1539,1648,82.46,26.68,1,3399,3,3,4
1570,5169,836,1.11343E+12,26.764,1097.47,6042715.354,2134159.909,71.7,8.5,3,3.09,0,3,1539,1648,82.88,26.82,1,3399,3,3,4
1570,5170,836,1.11343E+12,26.765,1097.778,6042715.308,2134160.215,71.7,8.5,3,3.09,0,3,1539,1648,82.86,26.82,1,3399,3,3,4
1570,5171,836,1.11343E+12,26.767,1098.087,6042715.262,2134160.52,71.7,8.5,3,3.09,0,3,1539,1648,82.76,26.78,1,3399,3,3,4
1570,5172,836,1.11343E+12,26.767,1098.396,6042715.215,2134160.825,71.7,8.5,3,3.09,0,3,1539,1648,82.68,26.76,1,3399,3,3,4
1570,5173,836,1.11343E+12,26.768,1098.705,6042715.169,2134161.131,71.7,8.5,3,3.09,0,3,1539,1648,82.61,26.73,1,3399,3,3,4
1570,5174,836,1.11343E+12,26.769,1099.014,6042715.123,2134161.436,71.7,8.5,3,3.09,0,3,1539,1648,82.52,26.71,1,3399,3,3,4
1570,5175,836,1.11343E+12,26.769,1099.323,6042715.076,2134161.741,71.7,8.5,3,3.09,0,3,1539,1648,82.43,26.68,1,3399,3,3,4
1570,5176,836,1.11343E+12,26.77,1099.631,6042715.03,2134162.047,71.7,8.5,3,3.09,0,3,1539,1648,82.32,26.64,1,3399,3,3,4
1570,5177,836,1.11343E+12,26.771,1099.94,6042714.984,2134162.352,71.7,8.5,3,3.09,0,3,1539,1648,82.31,26.64,1,3399,3,3,4
1570,5178,836,1.11343E+12,26.771,1100.249,6042714.937,2134162.657,71.7,8.5,3,3.09,0,3,1539,1648,82.48,26.69,1,3399,3,3,4
1570,5179,836,1.11343E+12,26.772,1100.558,6042714.891,2134162.963,71.7,8.5,3,3.09,0,3,1539,1648,82.82,26.8,1,3399,3,3,4
1570,5180,836,1.11343E+12,26.772,1100.867,6042714.844,2134163.268,71.7,8.5,3,3.09,0,3,1539,1648,83.31,26.96,1,3399,3,3,4
1570,5181,836,1.11343E+12,26.774,1101.176,6042714.798,2134163.573,71.7,8.5,3,3.09,0,3,1539,1648,84,27.18,1,3399,3,3,4
1570,5182,836,1.11343E+12,26.775,1101.484,6042714.752,2134163.879,71.7,8.5,3,3.09,0,3,1539,1648,84.72,27.42,1,3399,3,3,4
1570,5183,836,1.11343E+12,26.775,1101.793,6042714.705,2134164.184,71.7,8.5,3,3.09,0,3,1539,1648,85.42,27.64,1,3399,3,3,4
1570,5184,836,1.11343E+12,26.776,1102.102,6042714.659,2134164.489,71.7,8.5,3,3.09,0,3,1539,1648,86.11,27.87,1,3399,3,3,4
1570,5185,836,1.11343E+12,26.777,1102.411,6042714.613,2134164.795,71.7,8.5,3,3.09,0,3,1539,1648,86.8,28.09,1,3399,3,3,4
1570,5186,836,1.11343E+12,26.777,1102.72,6042714.566,2134165.1,71.7,8.5,3,3.09,0,3,1539,1648,87.49,28.31,1,3399,3,3,4
1570,5187,836,1.11343E+12,26.778,1103.029,6042714.52,2134165.405,71.7,8.5,3,3.09,0,3,1539,1648,88.16,28.53,1,3399,3,3,4
1570,5188,836,1.11343E+12,26.779,1103.337,6042714.474,2134165.711,71.7,8.5,3,3.09,0,3,1539,1648,88.84,28.75,1,3399,3,3,4
1570,5189,836,1.11343E+12,26.779,1103.646,6042714.427,2134166.016,71.7,8.5,3,3.09,0,3,1539,1648,89.57,28.99,1,3399,3,3,4
1570,5190,836,1.11343E+12,26.78,1103.955,6042714.381,2134166.321,71.7,8.5,3,3.09,0,3,1539,1648,90.46,29.27,1,3399,3,3,4
1570,5191,836,1.11343E+12,26.782,1104.264,6042714.335,2134166.627,71.7,8.5,3,3.09,0,3,1539,1648,91.45,29.6,1,3399,3,3,4
1570,5192,836,1.11343E+12,26.782,1104.573,6042714.288,2134166.932,71.7,8.5,3,3.09,0,3,1539,1648,92.6,29.97,1,3399,3,3,4
1570,5193,836,1.11343E+12,26.783,1104.882,6042714.242,2134167.237,71.7,8.5,3,3.09,0,3,1539,1648,93.81,30.36,1,3399,3,3,4
1570,5194,836,1.11343E+12,26.784,1105.19,6042714.196,2134167.543,71.7,8.5,3,3.09,0,3,1539,1648,95.02,30.75,1,3399,3,3,4
1570,5195,836,1.11343E+12,26.784,1105.5,6042714.149,2134167.848,71.7,8.5,3,3.09,0,3,1539,1648,96.21,31.14,1,3399,3,3,4
1570,5196,836,1.11343E+12,26.785,1105.808,6042714.103,2134168.154,71.7,8.5,3,3.09,0,3,1539,1648,97.4,31.52,1,3399,3,3,4
1570,5197,836,1.11343E+12,26.785,1106.117,6042714.056,2134168.459,71.7,8.5,3,3.09,0,3,1539,1648,98.59,31.91,1,3399,3,3,4
1570,5198,836,1.11343E+12,26.786,1106.426,6042714.01,2134168.764,71.7,8.5,3,3.09,0,3,1539,1648,99.76,32.29,1,3399,3,3,4
1570,5199,836,1.11343E+12,26.787,1106.735,6042713.964,2134169.07,71.7,8.5,3,3.09,0,3,1539,1648,100.94,32.67,1,3399,3,3,4
1570,5200,836,1.11343E+12,26.788,1107.044,6042713.917,2134169.375,71.7,8.5,3,3.09,0,3,1539,1648,102.17,33.07,1,3399,3,3,4
1570,5201,836,1.11343E+12,26.789,1107.353,6042713.871,2134169.68,71.7,8.5,3,3.09,0,3,1539,1648,103.56,33.51,1,3399,3,3,4
1570,5202,836,1.11343E+12,26.79,1107.661,6042713.825,2134169.986,71.7,8.5,3,3.09,0,3,1539,1648,105.06,34,1,3399,3,3,4
1570,5203,836,1.11343E+12,26.79,1107.97,6042713.778,2134170.291,71.7,8.5,3,3.09,0,3,1539,1648,106.7,34.53,1,3399,3,3,4
1570,5204,836,1.11343E+12,26.791,1108.279,6042713.732,2134170.596,71.7,8.5,3,3.09,0,3,1539,1648,108.41,35.08,1,3399,3,3,4
1570,5205,836,1.11343E+12,26.792,1108.588,6042713.686,2134170.902,71.7,8.5,3,3.09,0,3,1539,1648,110.12,35.64,1,3399,3,3,4
1570,5206,836,1.11343E+12,26.792,1108.897,6042713.639,2134171.207,71.7,8.5,3,3.09,0,3,1539,1648,111.82,36.19,1,3399,3,3,4
1570,5207,836,1.11343E+12,26.793,1109.206,6042713.593,2134171.512,71.7,8.5,3,3.09,0,3,1539,1648,113.5,36.73,1,3399,3,3,4
1570,5208,836,1.11343E+12,26.794,1109.519,6042713.547,2134171.818,71.7,8.5,3,3.05,-0.63,3,1539,1648,115.19,37.77,1,3399,3,3,4
1570,5209,836,1.11343E+12,26.794,1109.811,6042713.5,2134172.123,71.7,8.5,3,3.08,0.74,3,1539,1648,116.9,37.95,1,3399,3,3,4
1570,5217,836,1.11343E+12,27.116,1117.282,6042712.678,2134179.557,71.7,8.5,3,15.62,0.76,3,1539,1648,124.96,8,1,3399,3,3,4
1570,5218,836,1.11343E+12,27.135,1118.861,6042712.459,2134181.103,71.7,8.5,3,15.65,-0.64,3,1539,1648,125.33,8.01,1,3399,3,3,4
1570,5219,836,1.11343E+12,27.154,1120.425,6042712.24,2134182.649,71.7,8.5,3,15.55,-1.03,3,1539,1648,125.76,8.09,1,3399,3,3,4
1570,5220,836,1.11343E+12,27.174,1121.98,6042712.021,2134184.195,71.7,8.5,3,15.4,-1.94,3,1539,1648,126.2,8.19,1,3399,3,3,4
1570,5221,836,1.11343E+12,27.194,1123.505,6042711.803,2134185.741,71.7,8.5,3,15.29,-0.94,3,1539,1648,126.7,8.29,1,3399,3,3,4
1570,5222,836,1.11343E+12,27.219,1125.019,6042711.584,2134187.286,71.7,8.5,3,15.29,0.92,3,1539,1648,127.3,8.33,1,3399,3,3,4
1570,5223,836,1.11343E+12,27.245,1126.544,6042711.365,2134188.832,71.7,8.5,3,15.4,1.93,3,1539,1648,128.02,8.31,1,3399,3,3,4
1570,5224,836,1.11343E+12,27.271,1128.098,6042711.146,2134190.378,71.7,8.5,3,15.55,1.04,3,1539,1648,128.8,8.28,1,3399,3,3,4
1570,5225,836,1.11343E+12,27.297,1129.666,6042710.927,2134191.924,71.7,8.5,3,15.61,0,3,1539,1648,129.61,8.3,1,3399,3,3,4
1570,5226,836,1.11343E+12,27.323,1131.227,6042710.708,2134193.47,71.7,8.5,3,15.61,0,3,1539,1648,130.43,8.36,1,3399,3,3,4
1570,5227,836,1.11343E+12,27.349,1132.789,6042710.489,2134195.016,71.7,8.5,3,15.61,-0.02,3,1539,1648,131.23,8.41,1,3399,3,3,4
1570,5228,836,1.11343E+12,27.375,1134.35,6042710.27,2134196.562,71.7,8.5,3,15.61,-0.02,3,1539,1648,132.03,8.46,1,3399,3,3,4
1570,5229,836,1.11343E+12,27.402,1135.91,6042710.052,2134198.107,71.7,8.5,3,15.61,0,3,1539,1648,132.86,8.51,1,3399,3,3,4
1570,5230,836,1.11343E+12,27.428,1137.471,6042709.833,2134199.653,71.7,8.5,3,15.61,0.03,3,1539,1648,133.69,8.56,1,3399,3,3,4
1570,5231,836,1.11343E+12,27.455,1139.032,6042709.614,2134201.199,71.7,8.5,3,15.61,0,3,1539,1648,134.52,8.62,1,3399,3,3,4
1570,5232,836,1.11343E+12,27.481,1140.594,6042709.395,2134202.745,71.7,8.5,3,15.61,0,3,1539,1648,135.32,8.67,1,3399,3,3,4
1570,5233,836,1.11343E+12,27.507,1142.155,6042709.176,2134204.291,71.7,8.5,3,15.61,0,3,1539,1648,136.12,8.72,1,3399,3,3,4
1570,5234,836,1.11343E+12,27.533,1143.716,6042708.957,2134205.837,71.7,8.5,3,15.61,0,3,1539,1648,136.92,8.77,1,3399,3,3,4
1570,5235,836,1.11343E+12,27.559,1145.277,6042708.738,2134207.383,71.7,8.5,3,15.61,0,3,1539,1648,137.72,8.82,1,3399,3,3,4
1570,5236,836,1.11343E+12,27.585,1146.838,6042708.519,2134208.928,71.7,8.5,3,15.61,0,3,1539,1648,138.53,8.87,1,3399,3,3,4
1570,5237,836,1.11343E+12,27.611,1148.399,6042708.3,2134210.474,71.7,8.5,3,15.61,0,3,1539,1648,139.33,8.93,1,3399,3,3,4
1570,5238,836,1.11343E+12,27.638,1149.96,6042708.082,2134212.02,71.7,8.5,3,15.61,0,3,1539,1648,140.13,8.98,1,3399,3,3,4
1570,5239,836,1.11343E+12,27.664,1151.521,6042707.863,2134213.566,71.7,8.5,3,15.61,0,3,1539,1648,140.93,9.03,1,3399,3,3,4
1570,5240,836,1.11343E+12,27.69,1153.082,6042707.644,2134215.112,71.7,8.5,3,15.61,0,3,1539,1648,141.73,9.08,1,3399,3,3,4
1570,5241,836,1.11343E+12,27.716,1154.643,6042707.425,2134216.658,71.7,8.5,3,15.61,0,3,1539,1648,142.53,9.13,1,3399,3,3,4
1570,5242,836,1.11343E+12,27.743,1156.204,6042707.206,2134218.204,71.7,8.5,3,15.61,0,3,1539,1648,143.34,9.18,1,3399,3,3,4
1570,5243,836,1.11343E+12,27.768,1157.765,6042706.987,2134219.749,71.7,8.5,3,15.61,0,3,1539,1648,144.18,9.24,1,3399,3,3,4
1570,5244,836,1.11343E+12,27.795,1159.326,6042706.768,2134221.295,71.7,8.5,3,15.61,0,3,1539,1648,145.08,9.29,1,3399,3,3,4
1570,5245,836,1.11343E+12,27.821,1160.887,6042706.549,2134222.841,71.7,8.5,3,15.61,0.02,3,1539,1648,146.01,9.35,1,3399,3,3,4
1570,5246,836,1.11343E+12,27.848,1162.448,6042706.331,2134224.387,71.7,8.5,3,15.61,0,3,1539,1648,146.95,9.41,1,3399,3,3,4
1570,5247,836,1.11343E+12,27.874,1164.01,6042706.112,2134225.933,71.7,8.5,3,15.61,-0.02,3,1539,1648,147.9,9.47,1,3399,3,3,4
1570,5248,836,1.11343E+12,27.9,1165.571,6042705.893,2134227.479,71.7,8.5,3,15.61,-0.02,3,1539,1648,148.84,9.53,1,3399,3,3,4
1570,5249,836,1.11343E+12,27.926,1167.131,6042705.674,2134229.024,71.7,8.5,3,15.61,0,3,1539,1648,149.78,9.59,1,3399,3,3,4
1570,5250,836,1.11343E+12,27.952,1168.692,6042705.455,2134230.57,71.7,8.5,3,15.61,0.03,3,1539,1648,150.71,9.66,1,3399,3,3,4
1570,5251,836,1.11343E+12,27.978,1170.253,6042705.236,2134232.116,71.7,8.5,3,15.61,0,3,1539,1648,151.65,9.72,1,3399,3,3,4
1570,5252,836,1.11343E+12,28.004,1171.815,6042705.017,2134233.662,71.7,8.5,3,15.61,0,3,1539,1648,152.59,9.78,1,3399,3,3,4
1570,5253,836,1.11343E+12,28.03,1173.376,6042704.798,2134235.208,71.7,8.5,3,15.61,-0.02,3,1539,1648,153.53,9.84,1,3399,3,3,4
1570,5254,836,1.11343E+12,28.057,1174.937,6042704.58,2134236.754,71.7,8.5,3,15.61,0,3,1539,1648,154.47,9.9,1,3399,3,3,4
1570,5255,836,1.11343E+12,28.084,1176.498,6042704.361,2134238.3,71.7,8.5,3,15.61,0,3,1539,1648,155.41,9.96,1,3399,3,3,4
1570,5256,836,1.11343E+12,28.109,1178.071,6042704.142,2134239.845,71.7,8.5,3,15.5,-1.76,3,1539,1648,156.34,10.09,1,3399,3,3,4
1570,5258,836,1.11343E+12,28.162,1181.119,6042703.704,2134242.937,71.7,8.5,3,15.06,-1.61,3,1539,1648,158.29,10.51,1,3399,3,3,4
1570,5259,836,1.11343E+12,28.191,1182.599,6042703.485,2134244.483,71.7,8.5,3,15.06,1.59,3,1539,1648,159.31,10.58,1,3399,3,3,4
1570,5261,836,1.11343E+12,28.266,1185.647,6042703.047,2134247.575,71.7,8.5,3,15.5,1.76,3,1539,1648,161.26,10.4,1,3399,3,3,4
1570,5262,836,1.11343E+12,28.304,1187.22,6042702.829,2134249.121,71.7,8.5,3,15.61,0,3,1539,1648,162.17,10.39,1,3399,3,3,4
1570,5263,836,1.11343E+12,28.342,1188.78,6042702.61,2134250.666,71.7,8.5,3,15.61,0,3,1539,1648,163.11,10.45,1,3399,3,3,4
1874,5771,786,1.11343E+12,41.05,262.392,6042839.7,2133332.941,26.8,8.2,3,25.18,0,4,1866,1889,79.59,3.16,1,4176,3,3,4
1874,5779,786,1.11343E+12,40.86,281.539,6042837.249,2133351.917,26.8,8.2,3,27.02,2.57,4,1866,1889,82.17,3.04,1,4176,3,3,4
1874,5780,786,1.11343E+12,40.697,284.257,6042836.765,2133354.606,26.8,8.2,3,27.43,0.34,4,1866,1889,81.97,2.99,1,4176,3,3,4
1874,5781,786,1.11343E+12,40.534,287.002,6042836.278,2133357.317,26.8,8.2,3,27.49,0,4,1866,1889,81.73,2.97,1,4176,3,3,4
1874,5789,786,1.11343E+12,39.277,307.906,6042832.535,2133378.097,26.8,8.2,3,24.51,2.71,4,1866,1889,81.12,3.31,1,4176,3,3,4
1874,5790,786,1.11343E+12,39.276,310.369,6042832.226,2133380.572,26.8,8.2,3,25.09,-1.25,4,1866,1889,81.21,3.24,1,4176,3,3,4
1874,5799,786,1.11343E+12,39.295,333.871,6042829.374,2133403.66,26.8,8.2,3,26.35,2.85,4,1866,1889,80.79,3.07,1,4176,3,3,4
1874,5802,786,1.11343E+12,39.316,342.16,6042828.342,2133412.086,26.8,8.2,3,25.12,0.39,4,1866,1889,79.26,3.16,1,4176,3,3,4
1874,5806,786,1.11343E+12,39.335,352.778,6042826.994,2133422.933,26.8,8.2,3,28.35,1.16,4,1866,1889,78.42,2.77,1,4176,3,3,4
1874,5810,786,1.11343E+12,39.362,363.79,6042825.669,2133433.662,26.8,8.2,3,25.18,-0.99,4,1866,1889,79.16,3.14,1,4176,3,3,4
1874,5811,786,1.11343E+12,39.368,366.302,6042825.362,2133436.15,26.8,8.2,3,25.03,-0.17,4,1866,1889,79.42,3.17,1,4176,3,3,4
1874,5812,786,1.11343E+12,39.375,368.804,6042825.056,2133438.631,26.8,8.2,3,25,0,4,1866,1889,79.7,3.19,1,4176,3,3,4
1874,5813,786,1.11343E+12,39.38,371.304,6042824.749,2133441.112,26.8,8.2,3,24.99,0.08,4,1866,1889,79.97,3.2,1,4176,3,3,4
1874,5814,786,1.11343E+12,39.387,373.803,6042824.443,2133443.593,26.8,8.2,3,25,0,4,1866,1889,80.25,3.21,1,4176,3,3,4
1874,5815,786,1.11343E+12,39.393,376.303,6042824.137,2133446.074,26.8,8.2,3,25.01,-0.03,4,1866,1889,80.52,3.22,1,4176,3,3,4
1874,5817,786,1.11343E+12,39.406,381.217,6042823.524,2133451.037,26.8,8.2,3,26.25,0.97,4,1866,1889,81.16,3.09,1,4176,3,3,4
1874,5819,786,1.11343E+12,39.404,386.522,6042822.911,2133455.999,26.8,8.2,3,25.41,-2.25,4,1866,1889,81.4,3.2,1,4176,3,3,4
1874,5820,786,1.11343E+12,39.395,389.048,6042822.605,2133458.48,26.8,8.2,3,25.05,-0.28,4,1866,1889,81.64,3.26,1,4176,3,3,4
1874,5821,786,1.11343E+12,39.385,391.552,6042822.298,2133460.961,26.8,8.2,3,25.01,-0.04,4,1866,1889,81.94,3.28,1,4176,3,3,4
1874,5822,786,1.11343E+12,39.376,394.053,6042821.992,2133463.443,26.8,8.2,3,25,0,4,1866,1889,82.17,3.29,1,4176,3,3,4
1874,5823,786,1.11343E+12,39.366,396.553,6042821.685,2133465.924,26.8,8.2,3,25,-0.04,4,1866,1889,82.41,3.3,1,4176,3,3,4
1874,5824,786,1.11343E+12,39.356,399.053,6042821.379,2133468.405,26.8,8.2,3,25,0,4,1866,1889,82.7,3.31,1,4176,3,3,4
1874,5825,786,1.11343E+12,39.346,401.553,6042821.072,2133470.886,26.8,8.2,3,24.99,0.04,4,1866,1889,82.92,3.32,1,4176,3,3,4
1874,5826,786,1.11343E+12,39.337,404.052,6042820.766,2133473.367,26.8,8.2,3,24.99,0.05,4,1866,1889,83.29,3.33,1,4176,3,3,4
1874,5827,786,1.11343E+12,39.328,406.552,6042820.46,2133475.848,26.8,8.2,3,25,0,4,1866,1889,83.68,3.35,1,4176,3,3,4
1874,5828,786,1.11343E+12,39.318,409.052,6042820.153,2133478.329,26.8,8.2,3,25.01,-0.04,4,1866,1889,83.55,3.34,1,4176,3,3,4
1874,5829,786,1.11343E+12,39.308,411.553,6042819.847,2133480.811,26.8,8.2,3,25.01,-0.05,4,1866,1889,83.88,3.35,1,4176,3,3,4
1874,5834,786,1.11343E+12,39.343,423.193,6042818.315,2133493.216,26.8,8.2,3,24.82,1.06,4,1866,1889,86.27,3.48,1,4176,3,3,4
1874,5835,786,1.11343E+12,39.388,425.68,6042818.008,2133495.697,26.8,8.2,3,25,-0.03,4,1866,1889,86.47,3.46,1,4176,3,3,4
1874,5840,786,1.11343E+12,39.532,438.967,6042816.476,2133508.103,26.8,8.2,3,25.17,-0.98,4,1866,1889,87.94,3.49,1,4176,3,3,4
1874,5841,786,1.11343E+12,39.528,441.48,6042816.17,2133510.584,26.8,8.2,3,25,-0.04,4,1866,1889,88.42,3.54,1,4176,3,3,4
1874,5842,786,1.11343E+12,39.523,443.979,6042815.863,2133513.066,26.8,8.2,3,24.99,0.03,4,1866,1889,88.97,3.56,1,4176,3,3,4
1874,5843,786,1.11343E+12,39.518,446.479,6042815.557,2133515.547,26.8,8.2,3,25,0,4,1866,1889,89.39,3.58,1,4176,3,3,4
1874,5844,786,1.11343E+12,39.514,448.975,6042815.251,2133518.028,26.8,8.2,3,25.15,-1.6,4,1866,1889,89.85,3.57,1,4176,3,3,4
1874,5853,786,1.11343E+12,39.468,472.966,6042812.309,2133541.846,26.8,8.2,3,29.93,1.46,4,1866,1889,89.51,2.99,1,4176,3,3,4
1874,5854,786,1.11343E+12,39.462,475.958,6042811.941,2133544.824,26.8,8.2,3,29.86,-0.83,4,1866,1889,91.93,3.08,1,4176,3,3,4
1874,5855,786,1.11343E+12,39.46,478.928,6042811.574,2133547.802,26.8,8.2,3,29.8,1.01,4,1866,1889,93.23,3.13,1,4176,3,3,4
1874,5856,786,1.11343E+12,39.459,481.918,6042811.206,2133550.779,26.8,8.2,3,29.92,0.47,4,1866,1889,93.68,3.13,1,4176,3,3,4
1874,5857,786,1.11343E+12,39.458,484.908,6042810.838,2133553.756,26.8,8.2,3,30.14,-1.55,4,1866,1889,93.86,3.11,1,4176,3,3,4
1874,5867,786,1.11343E+12,39.452,515.928,6042807.038,2133584.53,26.8,8.2,3,34.81,0.99,4,1866,1889,93.14,2.68,1,4176,3,3,4
1874,5868,786,1.11343E+12,39.452,519.415,6042806.61,2133587.997,26.8,8.2,3,34.96,0.2,4,1866,1889,92.9,2.66,1,4176,3,3,4
1874,5869,786,1.11343E+12,39.451,522.911,6042806.181,2133591.47,26.8,8.2,3,34.99,0.06,4,1866,1889,92.8,2.65,1,4176,3,3,4
1874,5871,786,1.11343E+12,39.45,529.948,6042805.323,2133598.417,26.8,8.2,3,34.49,-0.43,4,1866,1889,91.92,2.67,1,4176,3,3,4
1874,5873,786,1.11343E+12,39.45,536.821,6042804.465,2133605.364,26.8,8.2,3,34.84,0.93,4,1866,1889,91.15,2.62,1,4176,3,3,4
1874,5874,786,1.11343E+12,39.458,540.311,6042804.036,2133608.838,26.8,8.2,3,34.98,0.12,4,1866,1889,90.74,2.59,1,4176,3,3,4
1874,5875,786,1.11343E+12,39.467,543.809,6042803.607,2133612.312,26.8,8.2,3,35,0,4,1866,1889,90.89,2.6,1,4176,3,3,4
1874,5876,786,1.11343E+12,39.475,547.31,6042803.178,2133615.785,26.8,8.2,3,35,-0.03,4,1866,1889,90.78,2.59,1,4176,3,3,4
1874,5877,786,1.11343E+12,39.483,550.81,6042802.749,2133619.259,26.8,8.2,3,34.99,0.07,4,1866,1889,90.47,2.59,1,4176,3,3,4
1874,5878,786,1.11343E+12,39.492,554.309,6042802.32,2133622.732,26.8,8.2,3,35.01,-0.03,4,1866,1889,90.06,2.57,1,4176,3,3,4
1874,5879,786,1.11343E+12,39.5,557.81,6042801.891,2133626.206,26.8,8.2,3,35,-0.04,4,1866,1889,89.3,2.55,1,4176,3,3,4
1874,5880,786,1.11343E+12,39.509,561.309,6042801.462,2133629.68,26.8,8.2,3,34.99,0.03,4,1866,1889,89,2.54,1,4176,3,3,4
1874,5881,786,1.11343E+12,39.517,564.809,6042801.033,2133633.153,26.8,8.2,3,35,0,4,1866,1889,88.81,2.54,1,4176,3,3,4
1874,5882,786,1.11343E+12,39.525,568.309,6042800.604,2133636.627,26.8,8.2,3,35,0.04,4,1866,1889,88.48,2.53,1,4176,3,3,4
1874,5883,786,1.11343E+12,39.534,571.809,6042800.175,2133640.1,26.8,8.2,3,35.01,-0.04,4,1866,1889,88.06,2.52,1,4176,3,3,4
1874,5884,786,1.11343E+12,39.542,575.311,6042799.746,2133643.574,26.8,8.2,3,34.93,0.68,4,1866,1889,87.53,2.51,1,4176,3,3,4
1874,5885,786,1.11343E+12,39.55,578.803,6042799.317,2133647.048,26.8,8.2,3,35.08,0.05,4,1866,1889,87.01,2.48,1,4176,3,3,4
1874,5886,786,1.11343E+12,39.559,582.316,6042798.888,2133650.521,26.8,8.2,3,35.11,-0.56,4,1866,1889,86.49,2.46,1,4176,3,3,4
1874,5887,786,1.11343E+12,39.567,585.823,6042798.459,2133653.995,26.8,8.2,3,35.03,-0.12,4,1866,1889,85.98,2.45,1,4176,3,3,4
1874,5888,786,1.11343E+12,39.574,589.325,6042798.03,2133657.468,26.8,8.2,3,35.01,-0.09,4,1866,1889,85.48,2.44,1,4176,3,3,4
1874,5889,786,1.11343E+12,39.581,592.826,6042797.601,2133660.942,26.8,8.2,3,34.99,0.03,4,1866,1889,84.98,2.43,1,4176,3,3,4
1874,5890,786,1.11343E+12,39.588,596.325,6042797.172,2133664.416,26.8,8.2,3,35,0.04,4,1866,1889,84.47,2.41,1,4176,3,3,4
1874,5891,786,1.11343E+12,39.595,599.826,6042796.743,2133667.889,26.8,8.2,3,35.01,-0.03,4,1866,1889,83.98,2.4,1,4176,3,3,4
1874,5892,786,1.11343E+12,39.602,603.326,6042796.314,2133671.363,26.8,8.2,3,35,0,4,1866,1889,83.49,2.39,1,4176,3,3,4
1874,5893,786,1.11343E+12,39.609,606.83,6042795.885,2133674.837,26.8,8.2,3,34.86,1.51,4,1866,1889,82.72,2.37,1,4176,3,3,4
1874,5894,786,1.11343E+12,39.616,610.313,6042795.456,2133678.31,26.8,8.2,3,35.18,0.15,4,1866,1889,82.44,2.34,1,4176,3,3,4
1874,5895,786,1.11343E+12,39.623,613.84,6042795.027,2133681.784,26.8,8.2,3,35.25,-1.24,4,1866,1889,82.22,2.33,1,4176,3,3,4
1874,5896,786,1.11343E+12,39.629,617.361,6042794.598,2133685.257,26.8,8.2,3,34.92,1.23,4,1866,1889,81.87,2.34,1,4176,3,3,4
1874,5901,786,1.11343E+12,39.647,634.824,6042792.483,2133702.383,26.8,8.2,3,31.93,1.4,4,1866,1889,79.96,2.5,1,4176,3,3,4
1874,5902,786,1.11343E+12,39.65,637.885,6042792.056,2133705.838,26.8,8.2,3,33.27,-2.49,4,1866,1889,80.35,2.41,1,4176,3,3,4
1874,5903,786,1.11343E+12,39.653,641.339,6042791.685,2133708.841,26.8,8.2,3,31.7,2.94,4,1866,1889,80.35,2.53,1,4176,3,3,4
1874,5908,786,1.11343E+12,39.671,657.366,6042789.696,2133724.949,26.8,8.2,3,30.03,-2.83,4,1866,1889,81.51,2.71,1,4176,3,3,4
1874,5915,786,1.11343E+12,39.718,678.791,6042787.061,2133746.287,26.8,8.2,3,30.08,0.02,4,1866,1889,83.58,2.78,1,4176,3,3,4
1874,5920,786,1.11343E+12,39.738,693.853,6042785.198,2133761.217,26.8,8.2,3,32.18,3.25,4,1866,1889,85.71,2.66,1,4176,3,3,4
1874,5921,786,1.11343E+12,39.625,697.09,6042784.68,2133764.422,26.8,8.2,3,32.69,0.64,4,1866,1889,85.66,2.62,1,4176,3,3,4
1874,5922,786,1.11343E+12,39.497,700.363,6042784.143,2133767.657,26.8,8.2,3,32.79,0.04,4,1866,1889,85.44,2.61,1,4176,3,3,4
1874,5923,786,1.11343E+12,39.368,703.643,6042783.604,2133770.896,26.8,8.2,3,32.8,0.04,4,1866,1889,85.45,2.61,1,4176,3,3,4
1874,5924,786,1.11343E+12,39.238,706.923,6042783.065,2133774.134,26.8,8.2,3,32.81,0,4,1866,1889,85.6,2.61,1,4176,3,3,4
1874,5925,786,1.11343E+12,39.109,710.203,6042782.526,2133777.372,26.8,8.2,3,32.83,-0.33,4,1866,1889,85.8,2.61,1,4176,3,3,4
1874,5926,786,1.11343E+12,38.978,713.487,6042781.986,2133780.611,26.8,8.2,3,32.74,0.3,4,1866,1889,86.02,2.63,1,4176,3,3,4
1874,5927,786,1.11343E+12,38.849,716.764,6042781.447,2133783.849,26.8,8.2,3,32.58,2.51,4,1866,1889,86.24,2.65,1,4176,3,3,4
1874,5932,786,1.11343E+12,38.212,732.661,6042778.806,2133799.694,26.8,8.2,3,29.81,1.06,4,1866,1889,87.84,2.95,1,4176,3,3,4
1874,5933,786,1.11343E+12,38.219,735.649,6042778.423,2133802.673,26.8,8.2,3,29.98,0.13,4,1866,1889,88.36,2.95,1,4176,3,3,4
1874,5934,786,1.11343E+12,38.229,738.647,6042778.044,2133805.649,26.8,8.2,3,30,0,4,1866,1889,88.86,2.96,1,4176,3,3,4
1874,5935,786,1.11343E+12,38.239,741.647,6042777.666,2133808.625,26.8,8.2,3,30,0,4,1866,1889,89.33,2.98,1,4176,3,3,4
1874,5936,786,1.11343E+12,38.249,744.647,6042777.287,2133811.601,26.8,8.2,3,30,0,4,1866,1889,89.94,3,1,4176,3,3,4
1874,5937,786,1.11343E+12,38.259,747.647,6042776.908,2133814.577,26.8,8.2,3,30,0,4,1866,1889,90.27,3.01,1,4176,3,3,4
1874,5938,786,1.11343E+12,38.27,750.647,6042776.53,2133817.553,26.8,8.2,3,30,0,4,1866,1889,90.66,3.02,1,4176,3,3,4
1874,5939,786,1.11343E+12,38.28,753.647,6042776.151,2133820.529,26.8,8.2,3,30,0,4,1866,1889,91.13,3.04,1,4176,3,3,4
1874,5940,786,1.11343E+12,38.29,756.647,6042775.772,2133823.505,26.8,8.2,3,30,0,4,1866,1889,91.63,3.05,1,4176,3,3,4
1874,5941,786,1.11343E+12,38.301,759.647,6042775.394,2133826.481,26.8,8.2,3,30,0,4,1866,1889,92.13,3.07,1,4176,3,3,4
1874,5942,786,1.11343E+12,38.31,762.647,6042775.015,2133829.457,26.8,8.2,3,30,0,4,1866,1889,92.63,3.09,1,4176,3,3,4
1874,5943,786,1.11343E+12,38.32,765.647,6042774.636,2133832.433,26.8,8.2,3,30,0,4,1866,1889,93.14,3.1,1,4176,3,3,4
1874,5944,786,1.11343E+12,38.331,768.647,6042774.258,2133835.409,26.8,8.2,3,30,0,4,1866,1889,93.63,3.12,1,4176,3,3,4
1874,5945,786,1.11343E+12,38.341,771.647,6042773.879,2133838.385,26.8,8.2,3,30,0,4,1866,1889,94.12,3.14,1,4176,3,3,4
1874,5946,786,1.11343E+12,38.351,774.647,6042773.5,2133841.361,26.8,8.2,3,30,0,4,1866,1889,94.64,3.15,1,4176,3,3,4
1874,5947,786,1.11343E+12,38.362,777.647,6042773.122,2133844.337,26.8,8.2,3,30,-0.04,4,1866,1889,95.17,3.17,1,4176,3,3,4
1874,5949,786,1.11343E+12,38.381,783.689,6042772.364,2133850.289,26.8,8.2,3,29.39,-0.46,4,1866,1889,96.2,3.27,1,4176,3,3,4
1874,5951,786,1.11343E+12,38.405,789.54,6042771.607,2133856.241,26.8,8.2,3,29.8,1.13,4,1866,1889,97.19,3.26,1,4176,3,3,4
1874,5952,786,1.11343E+12,38.424,792.527,6042771.228,2133859.217,26.8,8.2,3,29.98,0.14,4,1866,1889,97.71,3.26,1,4176,3,3,4
1874,5953,786,1.11343E+12,38.445,795.525,6042770.85,2133862.193,26.8,8.2,3,30,-0.04,4,1866,1889,98.45,3.28,1,4176,3,3,4
1874,5954,786,1.11343E+12,38.464,798.525,6042770.471,2133865.169,26.8,8.2,3,30,0,4,1866,1889,98.8,3.29,1,4176,3,3,4
1874,5955,786,1.11343E+12,38.483,801.525,6042770.092,2133868.145,26.8,8.2,3,29.99,0.04,4,1866,1889,98.98,3.3,1,4176,3,3,4
1874,5956,786,1.11343E+12,38.504,804.524,6042769.714,2133871.121,26.8,8.2,3,30,0,4,1866,1889,99.04,3.3,1,4176,3,3,4
1874,5957,786,1.11343E+12,38.523,807.524,6042769.335,2133874.097,26.8,8.2,3,30,0,4,1866,1889,99.05,3.3,1,4176,3,3,4
1874,5958,786,1.11343E+12,38.542,810.524,6042768.956,2133877.073,26.8,8.2,3,30,0,4,1866,1889,99.05,3.3,1,4176,3,3,4
1874,5959,786,1.11343E+12,38.563,813.524,6042768.578,2133880.049,26.8,8.2,3,30,0,4,1866,1889,99.05,3.3,1,4176,3,3,4
1874,5960,786,1.11343E+12,38.582,816.524,6042768.199,2133883.025,26.8,8.2,3,30,0,4,1866,1889,99.05,3.3,1,4176,3,3,4
1874,5961,786,1.11343E+12,38.601,819.524,6042767.82,2133886.001,26.8,8.2,3,30,0,4,1866,1889,99.05,3.3,1,4176,3,3,4
1874,5962,786,1.11343E+12,38.621,822.524,6042767.441,2133888.977,26.8,8.2,3,30,0,4,1866,1889,99.05,3.3,1,4176,3,3,4
1874,5963,786,1.11343E+12,38.641,825.524,6042767.063,2133891.953,26.8,8.2,3,30,0,4,1866,1889,99.05,3.3,1,4176,3,3,4
1874,5964,786,1.11343E+12,38.661,828.524,6042766.684,2133894.929,26.8,8.2,3,30,0,4,1866,1889,99.05,3.3,1,4176,3,3,4
1874,5965,786,1.11343E+12,38.68,831.524,6042766.305,2133897.905,26.8,8.2,3,30,0,4,1866,1889,99.05,3.3,1,4176,3,3,4
1874,5967,786,1.11343E+12,38.72,837.606,6042765.548,2133903.857,26.8,8.2,3,28.78,-0.22,4,1866,1889,98.97,3.44,1,4176,3,3,4
1874,5972,786,1.11343E+12,38.881,852.328,6042763.648,2133918.761,26.8,8.2,3,31.41,2.06,4,1866,1889,99.26,3.16,1,4176,3,3,4
1874,5973,786,1.11343E+12,38.895,855.48,6042763.224,2133921.891,26.8,8.2,3,31.73,0.4,4,1866,1889,99.38,3.13,1,4176,3,3,4
1874,5974,786,1.11343E+12,38.906,858.656,6042762.795,2133925.04,26.8,8.2,3,31.79,0.04,4,1866,1889,99.09,3.12,1,4176,3,3,4
1874,5975,786,1.11343E+12,38.917,861.835,6042762.365,2133928.191,26.8,8.2,3,31.8,0,4,1866,1889,98.58,3.1,1,4176,3,3,4
1874,5976,786,1.11343E+12,38.929,865.013,6042761.936,2133931.342,26.8,8.2,3,31.87,-0.76,4,1866,1889,97.94,3.07,1,4176,3,3,4
1874,5977,786,1.11343E+12,38.94,868.206,6042761.506,2133934.493,26.8,8.2,3,31.53,1.82,4,1866,1889,97.25,3.08,1,4176,3,3,4
1874,5978,786,1.11343E+12,38.951,871.35,6042761.076,2133937.644,26.8,8.2,3,32,-0.23,4,1866,1889,96.61,3.02,1,4176,3,3,4
1874,5982,786,1.11343E+12,38.8,884.081,6042759.182,2133950.089,26.8,8.2,3,28.42,-2.28,4,1866,1889,93.88,3.3,1,4176,3,3,4
1874,5984,786,1.11343E+12,38.755,889.666,6042758.28,2133956.03,26.8,8.2,3,29.43,3.18,4,1866,1889,93.29,3.17,1,4176,3,3,4
1874,5985,786,1.11343E+12,38.757,892.628,6042757.84,2133958.998,26.8,8.2,3,29.92,0.44,4,1866,1889,92.84,3.1,1,4176,3,3,4
1874,5986,786,1.11343E+12,38.761,895.622,6042757.401,2133961.966,26.8,8.2,3,30,0.04,4,1866,1889,92.35,3.08,1,4176,3,3,4
1874,5987,786,1.11343E+12,38.764,898.622,6042756.961,2133964.933,26.8,8.2,3,30.01,-0.07,4,1866,1889,91.77,3.06,1,4176,3,3,4
1874,5988,786,1.11343E+12,38.767,901.627,6042756.522,2133967.901,26.8,8.2,3,29.85,1.59,4,1866,1889,91.65,3.07,1,4176,3,3,4
1874,5995,786,1.11343E+12,38.979,921.62,6042753.78,2133987.719,26.8,8.2,3,24.76,-0.87,4,1866,1889,86.34,3.49,1,4176,3,3,4
1874,5996,786,1.11343E+12,38.906,924.094,6042753.345,2133990.145,26.8,8.2,3,24.49,1.32,4,1866,1889,85.87,3.51,1,4176,3,3,4
1874,5997,786,1.11343E+12,38.252,926.545,6042752.335,2133992.483,26.8,8.2,3,24.62,1.81,4,1866,1889,85.42,3.47,1,4176,3,3,4
1874,5998,786,1.11343E+12,38.105,929.017,6042751.827,2133994.894,26.8,8.2,3,24.89,0.6,4,1866,1889,84.94,3.41,1,4176,3,3,4
1874,5999,786,1.11343E+12,38.056,931.509,6042751.41,2133997.354,26.8,8.2,3,24.98,0.09,4,1866,1889,84.47,3.38,1,4176,3,3,4
1874,6000,786,1.11343E+12,38.051,934.008,6042751.036,2133999.826,26.8,8.2,3,25,0,4,1866,1889,83.96,3.36,1,4176,3,3,4
1874,6001,786,1.11343E+12,38.053,936.508,6042750.67,2134002.299,26.8,8.2,3,25,0,4,1866,1889,83.34,3.33,1,4176,3,3,4
1874,6002,786,1.11343E+12,38.056,939.012,6042750.304,2134004.772,26.8,8.2,3,24.86,1.52,4,1866,1889,82.77,3.33,1,4176,3,3,4
1874,6008,786,1.11343E+12,38.07,953.493,6042748.18,2134019.109,26.8,8.2,3,20.2,-1.07,4,1866,1889,80.28,3.97,1,4176,3,3,4
1874,6009,786,1.11343E+12,38.072,955.506,6042747.886,2134021.094,26.8,8.2,3,20.03,-0.18,4,1866,1889,80.26,4.01,1,4176,3,3,4
1874,6010,786,1.11343E+12,38.075,957.508,6042747.593,2134023.073,26.8,8.2,3,19.99,0.03,4,1866,1889,80.26,4.02,1,4176,3,3,4
1874,6011,786,1.11343E+12,38.077,959.507,6042747.3,2134025.051,26.8,8.2,3,20,0.04,4,1866,1889,80.26,4.01,1,4176,3,3,4
1874,6012,786,1.11343E+12,38.079,961.508,6042747.007,2134027.029,26.8,8.2,3,20.01,-0.03,4,1866,1889,80.26,4.01,1,4176,3,3,4
1874,6013,786,1.11343E+12,38.081,963.508,6042746.714,2134029.008,26.8,8.2,3,20,0,4,1866,1889,80.26,4.01,1,4176,3,3,4
1874,6014,786,1.11343E+12,38.083,965.508,6042746.421,2134030.986,26.8,8.2,3,20,0,4,1866,1889,80.26,4.01,1,4176,3,3,4
1874,6015,786,1.11343E+12,38.085,967.508,6042746.128,2134032.965,26.8,8.2,3,20,0,4,1866,1889,80.26,4.01,1,4176,3,3,4
1874,6016,786,1.11343E+12,38.087,969.508,6042745.835,2134034.943,26.8,8.2,3,20,0,4,1866,1889,80.26,4.01,1,4176,3,3,4
1874,6017,786,1.11343E+12,38.089,971.508,6042745.542,2134036.922,26.8,8.2,3,20,0,4,1866,1889,80.26,4.01,1,4176,3,3,4
1874,6018,786,1.11343E+12,38.091,973.508,6042745.249,2134038.9,26.8,8.2,3,20,0,4,1866,1889,80.28,4.01,1,4176,3,3,4
1874,6019,786,1.11343E+12,38.093,975.508,6042744.956,2134040.879,26.8,8.2,3,20,0,4,1866,1889,80.27,4.01,1,4176,3,3,4
1874,6020,786,1.11343E+12,38.095,977.508,6042744.663,2134042.857,26.8,8.2,3,20,0,4,1866,1889,80.25,4.01,1,4176,3,3,4
1874,6021,786,1.11343E+12,38.097,979.508,6042744.37,2134044.835,26.8,8.2,3,20,0,4,1866,1889,80.21,4.01,1,4176,3,3,4
1874,6022,786,1.11343E+12,38.099,981.508,6042744.077,2134046.814,26.8,8.2,3,20,0,4,1866,1889,80.16,4.01,1,4176,3,3,4
1874,6023,786,1.11343E+12,38.101,983.508,6042743.784,2134048.792,26.8,8.2,3,20,0.04,4,1866,1889,80.12,4.01,1,4176,3,3,4
1874,6024,786,1.11343E+12,38.103,985.508,6042743.491,2134050.771,26.8,8.2,3,20.01,-0.04,4,1866,1889,80.08,4,1,4176,3,3,4
1874,6025,786,1.11343E+12,38.105,987.509,6042743.198,2134052.749,26.8,8.2,3,20,-0.04,4,1866,1889,80.03,4,1,4176,3,3,4
1874,6026,786,1.11343E+12,38.107,989.508,6042742.905,2134054.728,26.8,8.2,3,19.99,0.03,4,1866,1889,79.99,4,1,4176,3,3,4
1874,6027,786,1.11343E+12,38.109,991.508,6042742.612,2134056.706,26.8,8.2,3,20,0,4,1866,1889,79.94,4,1,4176,3,3,4
1874,6028,786,1.11343E+12,38.111,993.508,6042742.319,2134058.684,26.8,8.2,3,20,0,4,1866,1889,79.9,4,1,4176,3,3,4
1874,6029,786,1.11343E+12,38.114,995.512,6042742.026,2134060.663,26.8,8.2,3,19.85,1.6,4,1866,1889,79.85,4.02,1,4176,3,3,4
1874,6035,786,1.11343E+12,38.125,1006.993,6042740.342,2134072.032,26.8,8.2,3,15.2,-1.11,4,1866,1889,80.31,5.28,1,4176,3,3,4
1874,6036,786,1.11343E+12,38.127,1008.507,6042740.122,2134073.523,26.8,8.2,3,15.03,-0.18,4,1866,1889,80.47,5.35,1,4176,3,3,4
1874,6037,786,1.11343E+12,38.129,1010.008,6042739.902,2134075.007,26.8,8.2,3,15,0,4,1866,1889,80.55,5.37,1,4176,3,3,4
1874,6038,786,1.11343E+12,38.13,1011.508,6042739.682,2134076.49,26.8,8.2,3,15,0,4,1866,1889,80.3,5.35,1,4176,3,3,4
1874,6039,786,1.11343E+12,38.131,1013.008,6042739.462,2134077.974,26.8,8.2,3,15,0.04,4,1866,1889,80.5,5.37,1,4176,3,3,4
1874,6040,786,1.11343E+12,38.134,1014.508,6042739.243,2134079.458,26.8,8.2,3,15,0,4,1866,1889,80.8,5.39,1,4176,3,3,4
1874,6042,786,1.11343E+12,38.136,1017.577,6042738.803,2134082.426,26.8,8.2,3,14.04,-0.8,4,1866,1889,80.97,5.77,1,4176,3,3,4
1874,6044,786,1.11343E+12,38.142,1020.34,6042738.364,2134085.393,26.8,8.2,3,14.67,1.85,4,1866,1889,81.22,5.54,1,4176,3,3,4
1874,6045,786,1.11343E+12,38.151,1021.818,6042738.144,2134086.877,26.8,8.2,3,14.97,0.23,4,1866,1889,81.24,5.43,1,4176,3,3,4
1874,6046,786,1.11343E+12,38.16,1023.316,6042737.924,2134088.361,26.8,8.2,3,15.01,-0.03,4,1866,1889,81.24,5.41,1,4176,3,3,4
1874,6047,786,1.11343E+12,38.169,1024.817,6042737.704,2134089.845,26.8,8.2,3,15.01,-0.05,4,1866,1889,81.24,5.41,1,4176,3,3,4
1874,6048,786,1.11343E+12,38.179,1026.317,6042737.485,2134091.329,26.8,8.2,3,15,0,4,1866,1889,81.24,5.42,1,4176,3,3,4
1874,6049,786,1.11343E+12,38.188,1027.817,6042737.265,2134092.813,26.8,8.2,3,14.99,0.04,4,1866,1889,81.24,5.42,1,4176,3,3,4
1874,6050,786,1.11343E+12,38.196,1029.316,6042737.045,2134094.296,26.8,8.2,3,15,0,4,1866,1889,81.24,5.42,1,4176,3,3,4
1874,6051,786,1.11343E+12,38.205,1030.816,6042736.825,2134095.78,26.8,8.2,3,15,0.04,4,1866,1889,81.31,5.42,1,4176,3,3,4
1874,6052,786,1.11343E+12,38.215,1032.316,6042736.606,2134097.264,26.8,8.2,3,15,0,4,1866,1889,80.93,5.4,1,4176,3,3,4
1874,6053,786,1.11343E+12,38.224,1033.816,6042736.386,2134098.748,26.8,8.2,3,15.01,-0.08,4,1866,1889,81.02,5.4,1,4176,3,3,4
1874,6054,786,1.11343E+12,38.233,1035.317,6042736.166,2134100.232,26.8,8.2,3,15,0,4,1866,1889,81.32,5.42,1,4176,3,3,4
1874,6055,786,1.11343E+12,38.242,1036.817,6042735.946,2134101.716,26.8,8.2,3,14.99,0.03,4,1866,1889,81.74,5.45,1,4176,3,3,4
1874,6056,786,1.11343E+12,38.251,1038.316,6042735.727,2134103.199,26.8,8.2,3,15,0,4,1866,1889,82.31,5.49,1,4176,3,3,4
1874,6057,786,1.11343E+12,38.26,1039.816,6042735.507,2134104.683,26.8,8.2,3,15,0.04,4,1866,1889,82.67,5.51,1,4176,3,3,4
1874,6058,786,1.11343E+12,38.269,1041.316,6042735.287,2134106.167,26.8,8.2,3,15,0,4,1866,1889,83.09,5.54,1,4176,3,3,4
1874,6059,786,1.11343E+12,38.278,1042.816,6042735.067,2134107.651,26.8,8.2,3,15.01,-0.08,4,1866,1889,83.57,5.57,1,4176,3,3,4
1874,6060,786,1.11343E+12,38.288,1044.317,6042734.848,2134109.135,26.8,8.2,3,15,0,4,1866,1889,84.07,5.6,1,4176,3,3,4
1874,6061,786,1.11343E+12,38.297,1045.817,6042734.628,2134110.619,26.8,8.2,3,14.99,0.03,4,1866,1889,84.57,5.64,1,4176,3,3,4
1874,6062,786,1.11343E+12,38.305,1047.316,6042734.408,2134112.102,26.8,8.2,3,15,0,4,1866,1889,85.07,5.67,1,4176,3,3,4
1874,6063,786,1.11343E+12,38.314,1048.816,6042734.188,2134113.586,26.8,8.2,3,15,0.04,4,1866,1889,85.57,5.7,1,4176,3,3,4
1874,6064,786,1.11343E+12,38.324,1050.318,6042733.969,2134115.07,26.8,8.2,3,14.9,1.1,4,1866,1889,86.07,5.78,1,4176,3,3,4
1874,6065,786,1.11343E+12,38.333,1051.8,6042733.749,2134116.554,26.8,8.2,3,15.41,-2.83,4,1866,1889,86.58,5.62,1,4176,3,3,4
1874,6066,786,1.11343E+12,38.342,1053.358,6042733.529,2134118.038,26.8,8.2,3,14.59,1.48,4,1866,1889,87.02,5.96,1,4176,3,3,4
1874,6069,786,1.11343E+12,38.456,1057.849,6042732.952,2134122.524,26.8,8.2,3,16.39,2.2,4,1866,1889,88.53,5.4,1,4176,3,3,4
1874,6070,786,1.11343E+12,38.653,1059.5,6042732.894,2134124.194,26.8,8.2,3,16.73,0.5,4,1866,1889,88.88,5.31,1,4176,3,3,4
1874,6071,786,1.11343E+12,38.808,1061.176,6042732.791,2134125.876,26.8,8.2,3,16.8,0.11,4,1866,1889,89.21,5.31,1,4176,3,3,4
1874,6072,786,1.11343E+12,38.951,1062.857,6042732.676,2134127.56,26.8,8.2,3,16.82,0,4,1866,1889,89.53,5.32,1,4176,3,3,4
1874,6073,786,1.11343E+12,39.092,1064.539,6042732.559,2134129.244,26.8,8.2,3,16.83,-0.08,4,1866,1889,89.84,5.34,1,4176,3,3,4
1874,6074,786,1.11343E+12,39.232,1066.222,6042732.441,2134130.928,26.8,8.2,3,16.81,0.03,4,1866,1889,90.16,5.36,1,4176,3,3,4
1874,6075,786,1.11343E+12,39.372,1067.903,6042732.323,2134132.612,26.8,8.2,3,16.82,0.04,4,1866,1889,90.48,5.38,1,4176,3,3,4
1874,6076,786,1.11343E+12,39.512,1069.586,6042732.205,2134134.295,26.8,8.2,3,16.83,-0.03,4,1866,1889,90.8,5.4,1,4176,3,3,4
1874,6077,786,1.11343E+12,39.653,1071.268,6042732.087,2134135.979,26.8,8.2,3,16.82,0,4,1866,1889,91.12,5.42,1,4176,3,3,4
1874,6078,786,1.11343E+12,39.793,1072.95,6042731.969,2134137.663,26.8,8.2,3,16.82,0,4,1866,1889,91.43,5.44,1,4176,3,3,4
1874,6079,786,1.11343E+12,39.934,1074.632,6042731.852,2134139.347,26.8,8.2,3,16.82,0,4,1866,1889,91.75,5.45,1,4176,3,3,4
1874,6080,786,1.11343E+12,40.074,1076.314,6042731.734,2134141.031,26.8,8.2,3,16.82,0,4,1866,1889,92.07,5.47,1,4176,3,3,4
1874,6081,786,1.11343E+12,40.214,1077.996,6042731.616,2134142.714,26.8,8.2,3,16.82,0.04,4,1866,1889,92.39,5.49,1,4176,3,3,4
1874,6082,786,1.11343E+12,40.354,1079.678,6042731.498,2134144.398,26.8,8.2,3,16.83,-0.04,4,1866,1889,92.7,5.51,1,4176,3,3,4
1874,6083,786,1.11343E+12,40.494,1081.361,6042731.38,2134146.082,26.8,8.2,3,16.82,-0.04,4,1866,1889,93.02,5.53,1,4176,3,3,4
1874,6084,786,1.11343E+12,40.635,1083.042,6042731.262,2134147.766,26.8,8.2,3,16.81,0.03,4,1866,1889,93.33,5.55,1,4176,3,3,4
1874,6085,786,1.11343E+12,40.776,1084.722,6042731.145,2134149.449,26.8,8.2,3,16.89,-0.79,4,1866,1889,93.71,5.55,1,4176,3,3,4
1874,6086,786,1.11343E+12,40.916,1086.419,6042731.027,2134151.133,26.8,8.2,3,16.48,2.58,4,1866,1889,93.94,5.7,1,4176,3,3,4
1874,6087,786,1.11343E+12,41.056,1088.052,6042730.909,2134152.817,26.8,8.2,3,17.27,-1.97,4,1866,1889,94.13,5.45,1,4176,3,3,4
1874,6095,786,1.11343E+12,41.437,1101.15,6042729.295,2134165.776,26.8,8.2,3,19.81,1.03,4,1866,1889,96.94,4.89,1,4176,3,3,4
1874,6096,786,1.11343E+12,41.427,1103.137,6042728.981,2134167.744,26.8,8.2,3,19.97,0.14,4,1866,1889,96.95,4.85,1,4176,3,3,4
1874,6097,786,1.11343E+12,41.417,1105.135,6042728.666,2134169.719,26.8,8.2,3,19.99,0.04,4,1866,1889,96.95,4.85,1,4176,3,3,4
1874,6098,786,1.11343E+12,41.407,1107.134,6042728.352,2134171.694,26.8,8.2,3,19.99,0.05,4,1866,1889,96.95,4.85,1,4176,3,3,4
1874,6099,786,1.11343E+12,41.397,1109.134,6042728.037,2134173.669,26.8,8.2,3,20,0,4,1866,1889,96.96,4.85,1,4176,3,3,4
1874,6100,786,1.11343E+12,41.387,1111.134,6042727.722,2134175.644,26.8,8.2,3,20.01,-0.04,4,1866,1889,96.97,4.85,1,4176,3,3,4
1874,6101,786,1.11343E+12,41.377,1113.135,6042727.407,2134177.62,26.8,8.2,3,20,0,4,1866,1889,96.71,4.84,1,4176,3,3,4
1874,6102,786,1.11343E+12,41.367,1115.135,6042727.092,2134179.595,26.8,8.2,3,20,0,4,1866,1889,96.91,4.85,1,4176,3,3,4
1874,6103,786,1.11343E+12,41.357,1117.135,6042726.777,2134181.57,26.8,8.2,3,20,0,4,1866,1889,97.21,4.86,1,4176,3,3,4
1874,6105,786,1.11343E+12,41.337,1121.198,6042726.148,2134185.52,26.8,8.2,3,19.1,-0.74,4,1866,1889,97.38,5.1,1,4176,3,3,4
1874,6107,786,1.11343E+12,41.323,1124.977,6042725.518,2134189.47,26.8,8.2,3,19.7,1.69,4,1866,1889,97.61,4.96,1,4176,3,3,4
1874,6108,786,1.11343E+12,41.321,1126.958,6042725.203,2134191.445,26.8,8.2,3,19.97,0.18,4,1866,1889,97.64,4.89,1,4176,3,3,4
1874,6109,786,1.11343E+12,41.321,1128.956,6042724.889,2134193.421,26.8,8.2,3,20,0,4,1866,1889,97.64,4.88,1,4176,3,3,4
1874,6110,786,1.11343E+12,41.32,1130.956,6042724.574,2134195.396,26.8,8.2,3,20,0,4,1866,1889,97.65,4.88,1,4176,3,3,4
1874,6111,786,1.11343E+12,41.318,1132.956,6042724.259,2134197.371,26.8,8.2,3,20,-0.04,4,1866,1889,97.91,4.9,1,4176,3,3,4
1874,6112,786,1.11343E+12,41.317,1134.953,6042723.944,2134199.346,26.8,8.2,3,20.14,-1.52,4,1866,1889,97.46,4.84,1,4176,3,3,4
1874,6118,786,1.11343E+12,41.309,1147.472,6042721.975,2134211.698,26.8,8.2,3,24.8,1.06,4,1866,1889,97.66,3.94,1,4176,3,3,4
1874,6119,786,1.11343E+12,41.308,1149.958,6042721.583,2134214.16,26.8,8.2,3,24.97,0.17,4,1866,1889,97.41,3.9,1,4176,3,3,4
1874,6120,786,1.11343E+12,41.305,1152.456,6042721.189,2134216.628,26.8,8.2,3,25,0,4,1866,1889,97.16,3.89,1,4176,3,3,4
1874,6121,786,1.11343E+12,41.304,1154.956,6042720.796,2134219.097,26.8,8.2,3,25,0,4,1866,1889,96.9,3.88,1,4176,3,3,4
1874,6122,786,1.11343E+12,41.302,1157.456,6042720.402,2134221.566,26.8,8.2,3,25,0.04,4,1866,1889,96.64,3.87,1,4176,3,3,4
1874,6123,786,1.11343E+12,41.301,1159.959,6042720.009,2134224.035,26.8,8.2,3,24.86,1.52,4,1866,1889,96.38,3.88,1,4176,3,3,4
1874,6129,786,1.11343E+12,41.293,1174.442,6042717.728,2134238.348,26.8,8.2,3,20.2,-1.07,4,1866,1889,95.39,4.72,1,4176,3,3,4
1874,6134,786,1.11343E+12,41.301,1184.168,6042716.152,2134248.231,26.8,8.2,3,19.85,0.82,4,1866,1889,96.94,4.88,1,4176,3,3,4
1874,6135,786,1.11343E+12,41.314,1186.158,6042715.837,2134250.206,26.8,8.2,3,19.99,0.07,4,1866,1889,97.19,4.86,1,4176,3,3,4
1874,6136,786,1.11343E+12,41.328,1188.157,6042715.523,2134252.181,26.8,8.2,3,20,0,4,1866,1889,97.44,4.87,1,4176,3,3,4
1874,6137,786,1.11343E+12,41.341,1190.157,6042715.208,2134254.156,26.8,8.2,3,20,0,4,1866,1889,97.68,4.88,1,4176,3,3,4
1874,6138,786,1.11343E+12,41.354,1192.157,6042714.893,2134256.131,26.8,8.2,3,20,0,4,1866,1889,97.92,4.9,1,4176,3,3,4
1874,6139,786,1.11343E+12,41.367,1194.157,6042714.578,2134258.106,26.8,8.2,3,20,0,4,1866,1889,98.16,4.91,1,4176,3,3,4
1874,6140,786,1.11343E+12,41.381,1196.157,6042714.263,2134260.081,26.8,8.2,3,20,0,4,1866,1889,98.41,4.92,1,4176,3,3,4
1874,6141,786,1.11343E+12,41.395,1198.157,6042713.949,2134262.057,26.8,8.2,3,20,0,4,1866,1889,98.65,4.93,1,4176,3,3,4
1874,6142,786,1.11343E+12,41.408,1200.157,6042713.634,2134264.032,26.8,8.2,3,20,0,4,1866,1889,98.89,4.94,1,4176,3,3,4
1874,6143,786,1.11343E+12,41.421,1202.157,6042713.319,2134266.007,26.8,8.2,3,20,0,4,1866,1889,99.13,4.96,1,4176,3,3,4
1874,6144,786,1.11343E+12,41.434,1204.157,6042713.004,2134267.982,26.8,8.2,3,20,0,4,1866,1889,99.38,4.97,1,4176,3,3,4
1874,6145,786,1.11343E+12,41.447,1206.157,6042712.689,2134269.957,26.8,8.2,3,20,0.04,4,1866,1889,99.62,4.98,1,4176,3,3,4
1874,6146,786,1.11343E+12,41.46,1208.157,6042712.374,2134271.932,26.8,8.2,3,20,0,4,1866,1889,99.86,4.99,1,4176,3,3,4
1874,6147,786,1.11343E+12,41.474,1210.157,6042712.06,2134273.907,26.8,8.2,3,20.01,-0.08,4,1866,1889,100.1,5,1,4176,3,3,4
1874,6148,786,1.11343E+12,41.488,1212.158,6042711.745,2134275.883,26.8,8.2,3,20,0,4,1866,1889,100.35,5.02,1,4176,3,3,4
1874,6149,786,1.11343E+12,41.501,1214.158,6042711.43,2134277.858,26.8,8.2,3,19.99,0.03,4,1866,1889,100.29,5.02,1,4176,3,3,4
1874,6150,786,1.11343E+12,41.514,1216.157,6042711.115,2134279.833,26.8,8.2,3,20,0,4,1866,1889,100.33,5.02,1,4176,3,3,4
1874,6151,786,1.11343E+12,41.527,1218.157,6042710.8,2134281.808,26.8,8.2,3,20,0,4,1866,1889,102.81,5.14,1,4176,3,3,4
1874,6152,786,1.11343E+12,41.54,1220.157,6042710.485,2134283.783,26.8,8.2,3,20,0.04,4,1866,1889,103.72,5.19,1,4176,3,3,4
1874,6153,786,1.11343E+12,41.554,1222.157,6042710.171,2134285.758,26.8,8.2,3,20,0,4,1866,1889,102.29,5.11,1,4176,3,3,4
1874,6154,786,1.11343E+12,41.567,1224.157,6042709.856,2134287.733,26.8,8.2,3,20.01,-0.04,4,1866,1889,100.29,5.01,1,4176,3,3,4
1874,6155,786,1.11343E+12,41.58,1226.158,6042709.541,2134289.709,26.8,8.2,3,20.01,-0.05,4,1866,1889,98.29,4.91,1,4176,3,3,4
1874,6156,786,1.11343E+12,41.594,1228.158,6042709.226,2134291.684,26.8,8.2,3,20,0,4,1866,1889,96.46,4.82,1,4176,3,3,4
1874,6157,786,1.11343E+12,41.607,1230.158,6042708.911,2134293.659,26.8,8.2,3,19.99,0.04,4,1866,1889,95.78,4.79,1,4176,3,3,4
1874,6158,786,1.11343E+12,41.621,1232.157,6042708.597,2134295.634,26.8,8.2,3,20,0,4,1866,1889,95.23,4.76,1,4176,3,3,4
1874,6159,786,1.11343E+12,41.634,1234.157,6042708.282,2134297.609,26.8,8.2,3,20,0,4,1866,1889,94.73,4.74,1,4176,3,3,4
1874,6160,786,1.11343E+12,41.647,1236.157,6042707.967,2134299.584,26.8,8.2,3,20,0.04,4,1866,1889,94.23,4.71,1,4176,3,3,4
1874,6161,786,1.11343E+12,41.66,1238.157,6042707.652,2134301.559,26.8,8.2,3,20,0,4,1866,1889,93.73,4.69,1,4176,3,3,4
1874,6162,786,1.11343E+12,41.673,1240.161,6042707.337,2134303.534,26.8,8.2,3,19.86,1.48,4,1866,1889,93.22,4.69,1,4176,3,3,4
1874,6168,786,1.11343E+12,41.768,1251.647,6042705.546,2134314.89,26.8,8.2,3,15.39,-0.77,4,1866,1889,90.96,5.91,1,4176,3,3,4
1874,6169,786,1.11343E+12,41.756,1253.181,6042705.283,2134316.397,26.8,8.2,3,15.26,0.02,4,1866,1889,90.62,5.94,1,4176,3,3,4
1874,6170,786,1.11343E+12,41.71,1254.707,6042704.988,2134317.893,26.8,8.2,3,15.26,0.06,4,1866,1889,90.16,5.91,1,4176,3,3,4
1874,6171,786,1.11343E+12,41.657,1256.233,6042704.685,2134319.39,26.8,8.2,3,15.27,-0.03,4,1866,1889,89.65,5.87,1,4176,3,3,4
1874,6172,786,1.11343E+12,41.603,1257.76,6042704.381,2134320.887,26.8,8.2,3,15.26,0,4,1866,1889,89.13,5.84,1,4176,3,3,4
1874,6173,786,1.11343E+12,41.548,1259.286,6042704.077,2134322.384,26.8,8.2,3,15.27,-0.05,4,1866,1889,88.6,5.8,1,4176,3,3,4
1874,6174,786,1.11343E+12,41.494,1260.814,6042703.773,2134323.881,26.8,8.2,3,15.26,0,4,1866,1889,88.07,5.77,1,4176,3,3,4
1874,6175,786,1.11343E+12,41.439,1262.339,6042703.469,2134325.378,26.8,8.2,3,15.26,0.07,4,1866,1889,87.55,5.74,1,4176,3,3,4
1874,6176,786,1.11343E+12,41.385,1263.865,6042703.165,2134326.874,26.8,8.2,3,15.27,-0.02,4,1866,1889,87.02,5.7,1,4176,3,3,4
1874,6177,786,1.11343E+12,41.33,1265.392,6042702.861,2134328.371,26.8,8.2,3,15.26,0,4,1866,1889,86.49,5.67,1,4176,3,3,4
1874,6179,786,1.11343E+12,41.221,1268.407,6042702.253,2134331.365,26.8,8.2,3,15.81,0.45,4,1866,1889,85.48,5.41,1,4176,3,3,4
1874,6181,786,1.11343E+12,41.11,1271.594,6042701.645,2134334.358,26.8,8.2,3,15.45,-1.06,4,1866,1889,84.23,5.45,1,4176,3,3,4
1874,6182,786,1.11343E+12,41.052,1273.132,6042701.342,2134335.855,26.8,8.2,3,15.28,-0.1,4,1866,1889,84.06,5.5,1,4176,3,3,4
1874,6183,786,1.11343E+12,40.994,1274.66,6042701.038,2134337.352,26.8,8.2,3,15.27,-0.04,4,1866,1889,83.44,5.46,1,4176,3,3,4
1874,6184,786,1.11343E+12,40.935,1276.187,6042700.734,2134338.849,26.8,8.2,3,15.26,0,4,1866,1889,82.62,5.41,1,4176,3,3,4
1874,6185,786,1.11343E+12,40.877,1277.712,6042700.43,2134340.346,26.8,8.2,3,15.26,0.03,4,1866,1889,81.66,5.35,1,4176,3,3,4
1874,6186,786,1.11343E+12,40.818,1279.239,6042700.126,2134341.842,26.8,8.2,3,15.26,0,4,1866,1889,80.64,5.28,1,4176,3,3,4
1874,6187,786,1.11343E+12,40.76,1280.765,6042699.822,2134343.339,26.8,8.2,3,15.27,0,4,1866,1889,79.62,5.21,1,4176,3,3,4
1874,6188,786,1.11343E+12,40.701,1282.291,6042699.518,2134344.836,26.8,8.2,3,15.27,-0.08,4,1866,1889,78.6,5.15,1,4176,3,3,4
1874,6189,786,1.11343E+12,40.643,1283.818,6042699.214,2134346.333,26.8,8.2,3,15.25,0.03,4,1866,1889,77.57,5.09,1,4176,3,3,4
1874,6190,786,1.11343E+12,40.584,1285.347,6042698.91,2134347.83,26.8,8.2,3,15.09,1.85,4,1866,1889,76.54,5.07,1,4176,3,3,4
1874,6197,786,1.11343E+12,40.286,1294.937,6042697.034,2134357.459,26.8,8.2,3,8.49,0.42,4,1866,1889,70.51,8.31,1,4176,3,3,4
1874,6201,786,1.11343E+12,40.28,1297.96,6042696.573,2134360.239,26.8,8.2,3,5.18,-0.95,4,1866,1889,69.49,13.41,1,4176,3,3,4
1874,6202,786,1.11343E+12,40.278,1298.473,6042696.49,2134360.739,26.8,8.2,3,5.03,-0.2,4,1866,1889,69.48,13.81,1,4176,3,3,4
1874,6203,786,1.11343E+12,40.277,1298.975,6042696.408,2134361.233,26.8,8.2,3,5,-0.02,4,1866,1889,69.47,13.89,1,4176,3,3,4
1874,6204,786,1.11343E+12,40.276,1299.475,6042696.326,2134361.726,26.8,8.2,3,4.99,0.08,4,1866,1889,69.47,13.92,1,4176,3,3,4
1874,6205,786,1.11343E+12,40.275,1299.974,6042696.245,2134362.219,26.8,8.2,3,5,0,4,1866,1889,69.48,13.9,1,4176,3,3,4
1874,6206,786,1.11343E+12,40.274,1300.474,6042696.163,2134362.712,26.8,8.2,3,5.01,-0.03,4,1866,1889,69.48,13.87,1,4176,3,3,4
1874,6207,786,1.11343E+12,40.273,1300.975,6042696.081,2134363.206,26.8,8.2,3,5.01,-0.05,4,1866,1889,69.47,13.87,1,4176,3,3,4
1874,6208,786,1.11343E+12,40.271,1301.475,6042695.999,2134363.699,26.8,8.2,3,4.99,0.04,4,1866,1889,69.47,13.92,1,4176,3,3,4
1874,6209,786,1.11343E+12,40.27,1301.974,6042695.917,2134364.192,26.8,8.2,3,5,0.04,4,1866,1889,69.48,13.9,1,4176,3,3,4
1874,6210,786,1.11343E+12,40.269,1302.474,6042695.835,2134364.685,26.8,8.2,3,5.01,-0.07,4,1866,1889,69.48,13.87,1,4176,3,3,4
1874,6211,786,1.11343E+12,40.267,1302.975,6042695.753,2134365.179,26.8,8.2,3,5,0,4,1866,1889,69.47,13.89,1,4176,3,3,4
1874,6212,786,1.11343E+12,40.267,1303.475,6042695.672,2134365.672,26.8,8.2,3,4.99,0.08,4,1866,1889,69.47,13.92,1,4176,3,3,4
1874,6213,786,1.11343E+12,40.266,1303.974,6042695.59,2134366.165,26.8,8.2,3,5,0,4,1866,1889,69.48,13.9,1,4176,3,3,4
1874,6214,786,1.11343E+12,40.264,1304.474,6042695.508,2134366.658,26.8,8.2,3,5.01,-0.03,4,1866,1889,69.48,13.87,1,4176,3,3,4
1874,6215,786,1.11343E+12,40.263,1304.975,6042695.426,2134367.152,26.8,8.2,3,5.01,-0.05,4,1866,1889,69.47,13.87,1,4176,3,3,4
1874,6216,786,1.11343E+12,40.262,1305.475,6042695.344,2134367.645,26.8,8.2,3,4.99,0.04,4,1866,1889,69.47,13.92,1,4176,3,3,4
1874,6217,786,1.11343E+12,40.26,1305.974,6042695.262,2134368.138,26.8,8.2,3,5,0.04,4,1866,1889,69.48,13.9,1,4176,3,3,4
1874,6218,786,1.11343E+12,40.26,1306.474,6042695.181,2134368.631,26.8,8.2,3,5.01,-0.07,4,1866,1889,69.48,13.87,1,4176,3,3,4
1874,6219,786,1.11343E+12,40.259,1306.975,6042695.099,2134369.125,26.8,8.2,3,4.99,0.03,4,1866,1889,69.47,13.92,1,4176,3,3,4
1874,6220,786,1.11343E+12,40.257,1307.474,6042695.017,2134369.618,26.8,8.2,3,5,0.04,4,1866,1889,69.48,13.9,1,4176,3,3,4
1874,6221,786,1.11343E+12,40.256,1307.975,6042694.935,2134370.111,26.8,8.2,3,5.01,-0.03,4,1866,1889,69.47,13.87,1,4176,3,3,4
1874,6222,786,1.11343E+12,40.255,1308.475,6042694.853,2134370.605,26.8,8.2,3,5.01,-0.05,4,1866,1889,69.47,13.87,1,4176,3,3,4
1874,6223,786,1.11343E+12,40.253,1308.975,6042694.771,2134371.098,26.8,8.2,3,4.99,0.04,4,1866,1889,69.47,13.92,1,4176,3,3,4
1874,6224,786,1.11343E+12,40.252,1309.474,6042694.689,2134371.591,26.8,8.2,3,5,0.04,4,1866,1889,69.48,13.9,1,4176,3,3,4
1874,6225,786,1.11343E+12,40.251,1309.975,6042694.608,2134372.084,26.8,8.2,3,5.01,-0.03,4,1866,1889,69.47,13.87,1,4176,3,3,4
1874,6226,786,1.11343E+12,40.25,1310.475,6042694.526,2134372.578,26.8,8.2,3,5.01,-0.05,4,1866,1889,69.47,13.87,1,4176,3,3,4
1874,6227,786,1.11343E+12,40.249,1310.975,6042694.444,2134373.071,26.8,8.2,3,4.99,0.04,4,1866,1889,69.47,13.92,1,4176,3,3,4
1874,6228,786,1.11343E+12,40.247,1311.474,6042694.362,2134373.564,26.8,8.2,3,5,0.04,4,1866,1889,69.48,13.9,1,4176,3,3,4
1874,6229,786,1.11343E+12,40.246,1311.975,6042694.28,2134374.057,26.8,8.2,3,5.01,-0.03,4,1866,1889,69.47,13.87,1,4176,3,3,4
1874,6230,786,1.11343E+12,40.245,1312.475,6042694.198,2134374.551,26.8,8.2,3,5.01,-0.05,4,1866,1889,69.47,13.87,1,4176,3,3,4
1874,6231,786,1.11343E+12,40.243,1312.975,6042694.116,2134375.044,26.8,8.2,3,4.99,0.04,4,1866,1889,69.47,13.92,1,4176,3,3,4
1874,6232,786,1.11343E+12,40.243,1313.474,6042694.035,2134375.537,26.8,8.2,3,5,0.04,4,1866,1889,69.48,13.9,1,4176,3,3,4
1874,6233,786,1.11343E+12,40.242,1313.975,6042693.953,2134376.03,26.8,8.2,3,5.01,-0.03,4,1866,1889,69.47,13.87,1,4176,3,3,4
1874,6234,786,1.11343E+12,40.24,1314.475,6042693.871,2134376.524,26.8,8.2,3,5.01,-0.05,4,1866,1889,69.47,13.87,1,4176,3,3,4
1874,6235,786,1.11343E+12,40.239,1314.979,6042693.789,2134377.017,26.8,8.2,3,4.85,1.55,4,1866,1889,69.5,14.33,1,4176,3,3,4
1874,6242,786,1.11343E+12,40.222,1317.619,6042693.329,2134379.727,26.8,8.2,3,4.88,-0.52,4,1866,1889,72.29,14.81,1,4176,3,3,4
1874,6246,786,1.11343E+12,40.229,1318.849,6042693.148,2134380.878,26.8,8.2,3,0,0,4,1866,1889,73.1,9999.99,1,4176,3,3,4
1874,6249,786,1.11343E+12,40.228,1319.282,6042693.067,2134381.367,26.8,8.2,3,0,0,4,1866,1889,74.17,9999.99,1,4176,3,3,4
1874,6253,786,1.11343E+12,40.227,1319.955,6042692.972,2134381.942,26.8,8.2,3,0,1.32,4,1866,1889,75.5,9999.99,1,4176,3,3,4
1874,6254,786,1.11343E+12,40.227,1319.955,6042692.985,2134381.864,26.8,8.2,3,0,0,4,1866,1889,76,9999.99,1,4176,3,3,4
1874,6255,786,1.11343E+12,40.211,1319.955,6042692.992,2134381.719,26.8,8.2,3,0,0,4,1866,1889,76.49,9999.99,1,4176,3,3,4
1874,6260,786,1.11343E+12,40.223,1321.489,6042692.724,2134383.436,26.8,8.2,3,4.82,0.98,4,1866,1889,77.72,16.12,1,4176,3,3,4
1874,6261,786,1.11343E+12,40.222,1321.977,6042692.643,2134383.923,26.8,8.2,3,4.98,0.09,4,1866,1889,77.91,15.64,1,4176,3,3,4
1874,6262,786,1.11343E+12,40.221,1322.476,6042692.561,2134384.416,26.8,8.2,3,4.99,0.05,4,1866,1889,78.04,15.64,1,4176,3,3,4
1874,6263,786,1.11343E+12,40.219,1322.974,6042692.479,2134384.909,26.8,8.2,3,5,0.04,4,1866,1889,77.66,15.53,1,4176,3,3,4
1874,6264,786,1.11343E+12,40.219,1323.475,6042692.398,2134385.402,26.8,8.2,3,5.01,-0.03,4,1866,1889,77.71,15.51,1,4176,3,3,4
1874,6265,786,1.11343E+12,40.218,1323.975,6042692.316,2134385.896,26.8,8.2,3,5,0,4,1866,1889,78,15.6,1,4176,3,3,4
1874,6266,786,1.11343E+12,40.216,1324.475,6042692.234,2134386.389,26.8,8.2,3,5,0,4,1866,1889,78.73,15.75,1,4176,3,3,4
1874,6267,786,1.11343E+12,40.215,1324.975,6042692.152,2134386.882,26.8,8.2,3,5,0,4,1866,1889,79.03,15.81,1,4176,3,3,4
1874,6268,786,1.11343E+12,40.214,1325.475,6042692.07,2134387.375,26.8,8.2,3,5,0,4,1866,1889,79.22,15.84,1,4176,3,3,4
1874,6269,786,1.11343E+12,40.212,1325.975,6042691.988,2134387.869,26.8,8.2,3,5,-0.04,4,1866,1889,79.55,15.91,1,4176,3,3,4
1874,6270,786,1.11343E+12,40.211,1326.475,6042691.906,2134388.362,26.8,8.2,3,4.99,0.04,4,1866,1889,79.99,16.03,1,4176,3,3,4
1874,6271,786,1.11343E+12,40.21,1326.974,6042691.825,2134388.855,26.8,8.2,3,5,0.04,4,1866,1889,80.48,16.1,1,4176,3,3,4
1874,6272,786,1.11343E+12,40.209,1327.475,6042691.743,2134389.348,26.8,8.2,3,5.01,-0.03,4,1866,1889,80.98,16.16,1,4176,3,3,4
1874,6273,786,1.11343E+12,40.208,1327.975,6042691.661,2134389.842,26.8,8.2,3,5.01,-0.05,4,1866,1889,81.48,16.26,1,4176,3,3,4
1874,6274,786,1.11343E+12,40.206,1328.475,6042691.579,2134390.335,26.8,8.2,3,4.99,0.04,4,1866,1889,81.98,16.43,1,4176,3,3,4
1874,6275,786,1.11343E+12,40.205,1328.974,6042691.497,2134390.828,26.8,8.2,3,5,0.04,4,1866,1889,82.48,16.5,1,4176,3,3,4
1874,6276,786,1.11343E+12,40.204,1329.475,6042691.415,2134391.321,26.8,8.2,3,5.01,-0.03,4,1866,1889,82.98,16.56,1,4176,3,3,4
1874,6277,786,1.11343E+12,40.202,1329.975,6042691.333,2134391.815,26.8,8.2,3,5.01,-0.05,4,1866,1889,83.48,16.66,1,4176,3,3,4
1874,6278,786,1.11343E+12,40.202,1330.475,6042691.252,2134392.308,26.8,8.2,3,4.99,0.04,4,1866,1889,83.98,16.83,1,4176,3,3,4
1874,6279,786,1.11343E+12,40.201,1330.974,6042691.17,2134392.801,26.8,8.2,3,5,0.04,4,1866,1889,84.48,16.9,1,4176,3,3,4
1874,6280,786,1.11343E+12,40.199,1331.475,6042691.088,2134393.294,26.8,8.2,3,5.01,-0.03,4,1866,1889,84.98,16.96,1,4176,3,3,4
1874,6281,786,1.11343E+12,40.198,1331.971,6042691.006,2134393.788,26.8,8.2,3,5.14,-1.52,4,1866,1889,85.49,16.63,1,4176,3,3,4
1874,6287,786,1.11343E+12,40.189,1335.491,6042690.431,2134397.247,26.8,8.2,3,9.81,1.04,4,1866,1889,88.54,9.03,1,4176,3,3,4
1874,6288,786,1.11343E+12,40.187,1336.477,6042690.269,2134398.228,26.8,8.2,3,9.97,0.17,4,1866,1889,88.99,8.93,1,4176,3,3,4
1874,6289,786,1.11343E+12,40.185,1337.475,6042690.106,2134399.214,26.8,8.2,3,10,0,4,1866,1889,89.48,8.95,1,4176,3,3,4
1874,6290,786,1.11343E+12,40.182,1338.475,6042689.942,2134400.2,26.8,8.2,3,10,0,4,1866,1889,89.98,9,1,4176,3,3,4
1874,6291,786,1.11343E+12,40.18,1339.475,6042689.778,2134401.187,26.8,8.2,3,10,0,4,1866,1889,90.48,9.05,1,4176,3,3,4
1874,6292,786,1.11343E+12,40.178,1340.475,6042689.615,2134402.173,26.8,8.2,3,10,0,4,1866,1889,90.98,9.1,1,4176,3,3,4
1874,6293,786,1.11343E+12,40.175,1341.475,6042689.451,2134403.16,26.8,8.2,3,10,0,4,1866,1889,91.47,9.15,1,4176,3,3,4
1874,6294,786,1.11343E+12,40.173,1342.475,6042689.287,2134404.146,26.8,8.2,3,10,0,4,1866,1889,92.21,9.22,1,4176,3,3,4
1874,6295,786,1.11343E+12,40.171,1343.479,6042689.124,2134405.133,26.8,8.2,3,9.86,1.52,4,1866,1889,92.42,9.37,1,4176,3,3,4
1874,6302,786,1.11343E+12,40.154,1349.989,6042688.058,2134411.552,26.8,8.2,3,9.82,0.98,4,1866,1889,94.92,9.67,1,4176,3,3,4
2820,7762,822,1.11343E+12,27.999,397.208,6042810.333,2133465.122,58.2,8.5,3,15.56,1.94,3,2804,2833,123.32,7.93,1,5705,3,3,4
2820,7764,822,1.11343E+12,27.878,400.206,6042809.835,2133468.267,58.2,8.5,3,18.9,2.77,3,2804,2833,124.52,6.59,1,5705,3,3,4
2820,7768,822,1.11343E+12,27.607,407.465,6042808.713,2133475.368,58.2,8.5,3,15.66,-0.89,3,2804,2833,125.71,8.03,1,5705,3,3,4
2820,7769,822,1.11343E+12,27.649,409.026,6042808.57,2133476.918,58.2,8.5,3,15.52,-0.07,3,2804,2833,126.23,8.13,1,5705,3,3,4
2820,7770,822,1.11343E+12,27.692,410.577,6042808.429,2133478.463,58.2,8.5,3,15.51,0,3,2804,2833,126.65,8.17,1,5705,3,3,4
2820,7771,822,1.11343E+12,27.736,412.127,6042808.288,2133480.007,58.2,8.5,3,15.51,-0.04,3,2804,2833,127.03,8.19,1,5705,3,3,4
2820,7772,822,1.11343E+12,27.779,413.679,6042808.147,2133481.552,58.2,8.5,3,15.46,0.45,3,2804,2833,127.38,8.24,1,5705,3,3,4
2820,7773,822,1.11343E+12,27.824,415.218,6042808.007,2133483.096,58.2,8.5,3,15.81,-2.65,3,2804,2833,127.74,8.08,1,5705,3,3,4
2820,7783,822,1.11343E+12,27.882,432.162,6042805.676,2133500.693,58.2,8.5,3,21.33,2.23,3,2804,2833,129.05,6.05,1,5705,3,3,4
2820,7787,822,1.11343E+12,28.101,440.377,6042804.965,2133508.062,58.2,8.5,3,17.68,-0.68,3,2804,2833,127.17,7.19,1,5705,3,3,4
2820,7793,822,1.11343E+12,27.49,452.59,6042802.865,2133520.273,58.2,8.5,3,24.99,-0.97,3,2804,2833,128.46,5.14,1,5705,3,3,4
2820,7795,822,1.11343E+12,27.499,457.771,6042802.273,2133525.224,58.2,8.5,3,20.64,-2.4,3,2804,2833,128.5,6.23,1,5705,3,3,4
2820,7807,822,1.11343E+12,27.637,485.277,6042799.059,2133552.685,58.2,8.5,3,20.1,-1.93,3,2804,2830,129.03,6.42,1,5705,3,3,4
2820,7808,822,1.11343E+12,27.614,487.276,6042798.793,2133554.656,58.2,8.5,3,19.8,-0.27,3,2804,2830,129.2,6.53,1,5705,3,3,4
2820,7809,822,1.11343E+12,27.587,489.254,6042798.525,2133556.613,58.2,8.5,3,19.75,0,3,2804,2830,129.39,6.55,1,5705,3,3,4
2820,7810,822,1.11343E+12,27.562,491.229,6042798.258,2133558.57,58.2,8.5,3,19.75,0,3,2804,2830,129.56,6.56,1,5705,3,3,4
2820,7811,822,1.11343E+12,27.535,493.204,6042797.99,2133560.527,58.2,8.5,3,19.75,0,3,2804,2830,129.74,6.57,1,5705,3,3,4
2820,7812,822,1.11343E+12,27.51,495.179,6042797.723,2133562.484,58.2,8.5,3,19.75,0,3,2804,2830,129.92,6.58,1,5705,3,3,4
2820,7813,822,1.11343E+12,27.483,497.154,6042797.455,2133564.441,58.2,8.5,3,19.75,0,3,2804,2830,130.09,6.59,1,5705,3,3,4
2820,7814,822,1.11343E+12,27.457,499.129,6042797.187,2133566.398,58.2,8.5,3,19.75,0,3,2804,2830,130.26,6.6,1,5705,3,3,4
2820,7815,822,1.11343E+12,27.431,501.104,6042796.92,2133568.355,58.2,8.5,3,19.75,0,3,2804,2830,130.44,6.6,1,5705,3,3,4
2820,7816,822,1.11343E+12,27.405,503.079,6042796.652,2133570.312,58.2,8.5,3,19.75,0,3,2804,2830,130.6,6.61,1,5705,3,3,4
2820,7817,822,1.11343E+12,27.379,505.054,6042796.385,2133572.269,58.2,8.5,3,19.75,0,3,2804,2830,130.8,6.62,1,5705,3,3,4
2820,7818,822,1.11343E+12,27.353,507.029,6042796.117,2133574.226,58.2,8.5,3,19.75,0,3,2804,2830,131.25,6.65,1,5705,3,3,4
2820,7819,822,1.11343E+12,27.327,509.004,6042795.85,2133576.183,58.2,8.5,3,19.75,0,3,2804,2830,131.24,6.65,1,5705,3,3,4
2820,7820,822,1.11343E+12,27.3,510.979,6042795.582,2133578.14,58.2,8.5,3,19.75,-0.04,3,2804,2830,131.08,6.64,1,5705,3,3,4
2820,7821,822,1.11343E+12,27.275,512.957,6042795.315,2133580.097,58.2,8.5,3,19.65,1.05,3,2804,2830,130.97,6.67,1,5705,3,3,4
2820,7822,822,1.11343E+12,27.248,514.912,6042795.047,2133582.054,58.2,8.5,3,20.18,-3.23,3,2804,2830,130.97,6.49,1,5705,3,3,4
2820,7823,822,1.11343E+12,27.223,516.95,6042794.78,2133584.01,58.2,8.5,3,19.18,2.45,3,2804,2830,130.92,6.83,1,5705,3,3,4
2820,7826,822,1.11343E+12,27.169,522.871,6042793.998,2133589.915,58.2,8.5,3,21.49,2.68,3,2804,2830,131,6.1,1,5705,3,3,4
2820,7827,822,1.11343E+12,27.296,525.036,6042793.858,2133592.086,58.2,8.5,3,21.91,0.51,3,2804,2830,130.84,5.97,1,5705,3,3,4
2820,7828,822,1.11343E+12,27.442,527.23,6042793.734,2133594.285,58.2,8.5,3,21.99,0.05,3,2804,2830,130.4,5.93,1,5705,3,3,4
2820,7829,822,1.11343E+12,27.591,529.429,6042793.613,2133596.487,58.2,8.5,3,22,0,3,2804,2830,130.41,5.93,1,5705,3,3,4
2820,7830,822,1.11343E+12,27.74,531.622,6042793.491,2133598.688,58.2,8.5,3,22.29,-3.07,3,2804,2830,130.49,5.85,1,5705,3,3,4
2820,7831,822,1.11343E+12,27.889,533.854,6042793.37,2133600.89,58.2,8.5,3,21.64,-0.38,3,2804,2830,130.41,6.03,1,5705,3,3,4
2820,7832,822,1.11343E+12,28.037,535.99,6042793.248,2133603.092,58.2,8.5,3,21.92,-2.16,3,2804,2830,130.33,5.95,1,5705,3,3,4
2820,7834,822,1.11343E+12,28.488,540.181,6042793.146,2133607.512,58.2,8.5,3,23.17,3.27,3,2804,2830,130.15,5.62,1,5705,3,3,4
2820,7838,822,1.11343E+12,28.271,549.141,6042791.832,2133616.21,58.2,8.5,3,19.68,-0.97,3,2804,2830,129.19,6.56,1,5705,3,3,4
2820,7839,822,1.11343E+12,28.318,551.103,6042791.634,2133618.157,58.2,8.5,3,19.53,-0.13,3,2804,2830,129.23,6.62,1,5705,3,3,4
2820,7840,822,1.11343E+12,28.372,553.055,6042791.444,2133620.099,58.2,8.5,3,19.51,-0.09,3,2804,2830,129.27,6.63,1,5705,3,3,4
2820,7841,822,1.11343E+12,28.426,555,6042791.254,2133622.041,58.2,8.5,3,19.75,-2.75,3,2804,2830,129.33,6.55,1,5705,3,3,4
2820,7847,822,1.11343E+12,28.702,567.323,6042789.99,2133634.287,58.2,8.5,3,25.27,1.28,3,2804,2830,129.01,5.11,1,5705,3,3,4
2820,7848,822,1.11343E+12,28.708,569.857,6042789.678,2133636.809,58.2,8.5,3,25.47,0.17,3,2804,2830,128.47,5.04,1,5705,3,3,4
2820,7849,822,1.11343E+12,28.712,572.405,6042789.364,2133639.339,58.2,8.5,3,25.5,0,3,2804,2830,127.92,5.02,1,5705,3,3,4
2820,7850,822,1.11343E+12,28.718,574.955,6042789.051,2133641.87,58.2,8.5,3,25.5,0,3,2804,2830,127.37,5,1,5705,3,3,4
2820,7857,822,1.11343E+12,28.701,592.096,6042786.895,2133658.874,58.2,8.5,3,18.77,-1.49,3,2804,2830,124.24,6.62,1,5705,3,3,4
2820,7858,822,1.11343E+12,28.654,593.965,6042786.617,2133660.714,58.2,8.5,3,18.54,-0.24,3,2804,2830,124.37,6.71,1,5705,3,3,4
2820,7859,822,1.11343E+12,28.607,595.817,6042786.34,2133662.544,58.2,8.5,3,18.5,0,3,2804,2830,124.45,6.73,1,5705,3,3,4
2820,7860,822,1.11343E+12,28.56,597.667,6042786.063,2133664.373,58.2,8.5,3,18.49,0.05,3,2804,2830,124.98,6.76,1,5705,3,3,4
2820,7861,822,1.11343E+12,28.513,599.516,6042785.786,2133666.203,58.2,8.5,3,18.53,-0.25,3,2804,2830,125.03,6.75,1,5705,3,3,4
2820,7867,822,1.11343E+12,28.308,611.007,6042784.153,2133677.569,58.2,8.5,3,22,1.91,3,2804,2830,122.67,5.58,1,5705,3,3,4
2820,7868,822,1.11343E+12,28.336,613.21,6042783.904,2133679.775,58.2,8.5,3,22.37,0.17,3,2804,2830,121.76,5.44,1,5705,3,3,4
2820,7869,822,1.11343E+12,28.364,615.454,6042783.655,2133681.986,58.2,8.5,3,22.42,-0.88,3,2804,2830,120.8,5.39,1,5705,3,3,4
2820,7870,822,1.11343E+12,28.392,617.69,6042783.406,2133684.197,58.2,8.5,3,22.29,-0.2,3,2804,2830,119.84,5.38,1,5705,3,3,4
2820,7871,822,1.11343E+12,28.419,619.918,6042783.158,2133686.408,58.2,8.5,3,22.26,-0.06,3,2804,2830,118.89,5.34,1,5705,3,3,4
2820,7872,822,1.11343E+12,28.445,622.144,6042782.909,2133688.62,58.2,8.5,3,22.26,-0.05,3,2804,2830,117.94,5.3,1,5705,3,3,4
2820,7873,822,1.11343E+12,28.472,624.369,6042782.661,2133690.831,58.2,8.5,3,22.25,0,3,2804,2830,116.99,5.26,1,5705,3,3,4
2820,7874,822,1.11343E+12,28.499,626.594,6042782.412,2133693.042,58.2,8.5,3,22.24,0.08,3,2804,2830,116.04,5.22,1,5705,3,3,4
2820,7875,822,1.11343E+12,28.525,628.818,6042782.163,2133695.253,58.2,8.5,3,22.25,0,3,2804,2830,115.09,5.17,1,5705,3,3,4
2820,7876,822,1.11343E+12,28.552,631.043,6042781.915,2133697.464,58.2,8.5,3,22.26,-0.08,3,2804,2830,114.14,5.13,1,5705,3,3,4
2820,7877,822,1.11343E+12,28.578,633.269,6042781.666,2133699.676,58.2,8.5,3,22.25,0,3,2804,2830,113.19,5.09,1,5705,3,3,4
2820,7878,822,1.11343E+12,28.605,635.494,6042781.417,2133701.887,58.2,8.5,3,22.24,0.03,3,2804,2830,112.24,5.05,1,5705,3,3,4
2820,7879,822,1.11343E+12,28.632,637.718,6042781.169,2133704.098,58.2,8.5,3,22.24,0.05,3,2804,2830,111.3,5,1,5705,3,3,4
2820,7880,822,1.11343E+12,28.658,639.943,6042780.92,2133706.309,58.2,8.5,3,22.25,0,3,2804,2830,110.35,4.96,1,5705,3,3,4
2820,7887,822,1.11343E+12,28.742,654.414,6042779.213,2133720.694,58.2,8.5,3,11.89,-2.15,3,2804,2830,104.81,8.81,1,5705,3,3,4
2820,7888,822,1.11343E+12,28.67,655.59,6042778.997,2133721.841,58.2,8.5,3,11.55,-0.3,3,2804,2830,104.91,9.08,1,5705,3,3,4
2820,7889,822,1.11343E+12,28.595,656.744,6042778.781,2133722.973,58.2,8.5,3,11.5,0,3,2804,2830,105.03,9.13,1,5705,3,3,4
2820,7890,822,1.11343E+12,28.521,657.894,6042778.565,2133724.105,58.2,8.5,3,11.5,0,3,2804,2830,105.15,9.14,1,5705,3,3,4
2820,7891,822,1.11343E+12,28.448,659.044,6042778.35,2133725.237,58.2,8.5,3,11.5,0,3,2804,2830,105.28,9.15,1,5705,3,3,4
2820,7892,822,1.11343E+12,28.373,660.19,6042778.134,2133726.369,58.2,8.5,3,11.67,-1.81,3,2804,2830,105.41,9.03,1,5705,3,3,4
2820,7893,822,1.11343E+12,28.299,661.359,6042777.918,2133727.501,58.2,8.5,3,11.29,-0.18,3,2804,2830,105.53,9.35,1,5705,3,3,4
2820,7894,822,1.11343E+12,28.224,662.477,6042777.702,2133728.633,58.2,8.5,3,11.2,1.53,3,2804,2830,105.66,9.43,1,5705,3,3,4
2820,7895,822,1.11343E+12,28.152,663.606,6042777.487,2133729.765,58.2,8.5,3,11.43,0.4,3,2804,2830,105.8,9.26,1,5705,3,3,4
2820,7896,822,1.11343E+12,28.079,664.752,6042777.271,2133730.897,58.2,8.5,3,11.49,0.05,3,2804,2830,106.02,9.23,1,5705,3,3,4
2820,7897,822,1.11343E+12,28.007,665.901,6042777.055,2133732.029,58.2,8.5,3,11.5,0,3,2804,2830,106.11,9.23,1,5705,3,3,4
2820,7898,822,1.11343E+12,27.934,667.051,6042776.839,2133733.161,58.2,8.5,3,11.5,0,3,2804,2830,106.06,9.22,1,5705,3,3,4
2820,7899,822,1.11343E+12,27.862,668.201,6042776.624,2133734.293,58.2,8.5,3,11.49,0.08,3,2804,2830,105.94,9.22,1,5705,3,3,4
2820,7900,822,1.11343E+12,27.79,669.35,6042776.408,2133735.425,58.2,8.5,3,11.51,0,3,2804,2830,105.8,9.19,1,5705,3,3,4
2820,7901,822,1.11343E+12,27.717,670.5,6042776.192,2133736.557,58.2,8.5,3,11.58,-0.74,3,2804,2830,105.65,9.12,1,5705,3,3,4
2820,7911,822,1.11343E+12,27.227,685.797,6042773.765,2133751.881,58.2,8.5,3,18.49,0.41,3,2804,2830,100.34,5.43,1,5705,3,3,4
2820,7915,822,1.11343E+12,27.244,692.819,6042772.929,2133758.647,58.2,8.5,3,15.19,-1.01,3,2804,2830,97.24,6.4,1,5705,3,3,4
2820,7916,822,1.11343E+12,27.249,694.332,6042772.745,2133760.143,58.2,8.5,3,15.02,-0.17,3,2804,2830,96.73,6.44,1,5705,3,3,4
2820,7917,822,1.11343E+12,27.252,695.833,6042772.561,2133761.632,58.2,8.5,3,14.99,0.06,3,2804,2830,96.23,6.42,1,5705,3,3,4
2820,7918,822,1.11343E+12,27.256,697.333,6042772.377,2133763.12,58.2,8.5,3,15.01,-0.03,3,2804,2830,95.73,6.38,1,5705,3,3,4
2820,7919,822,1.11343E+12,27.26,698.834,6042772.193,2133764.609,58.2,8.5,3,15,-0.04,3,2804,2830,95.23,6.35,1,5705,3,3,4
2820,7920,822,1.11343E+12,27.264,700.334,6042772.009,2133766.098,58.2,8.5,3,14.99,0.07,3,2804,2830,94.73,6.32,1,5705,3,3,4
2820,7921,822,1.11343E+12,27.267,701.833,6042771.825,2133767.586,58.2,8.5,3,15,0,3,2804,2830,94.23,6.28,1,5705,3,3,4
2820,7922,822,1.11343E+12,27.271,703.333,6042771.641,2133769.075,58.2,8.5,3,15.01,-0.08,3,2804,2830,93.73,6.24,1,5705,3,3,4
2820,7923,822,1.11343E+12,27.276,704.834,6042771.458,2133770.564,58.2,8.5,3,14.99,0.03,3,2804,2830,93.23,6.22,1,5705,3,3,4
2820,7924,822,1.11343E+12,27.28,706.333,6042771.274,2133772.053,58.2,8.5,3,15,0.04,3,2804,2830,92.73,6.18,1,5705,3,3,4
2820,7925,822,1.11343E+12,27.283,707.833,6042771.09,2133773.541,58.2,8.5,3,15.01,-0.07,3,2804,2830,92.23,6.14,1,5705,3,3,4
2820,7926,822,1.11343E+12,27.287,709.338,6042770.906,2133775.03,58.2,8.5,3,14.85,1.59,3,2804,2830,91.72,6.18,1,5705,3,3,4
2820,7930,822,1.11343E+12,27.304,715.298,6042770.15,2133781.158,58.2,8.5,3,13.48,0.55,3,2804,2830,89.76,6.66,1,5705,3,3,4
2820,7938,822,1.11343E+12,27.321,725.249,6042768.944,2133790.858,58.2,8.5,3,10.38,1.67,3,2804,2830,87.81,8.46,1,5705,3,3,4
2820,7939,822,1.11343E+12,27.348,726.288,6042768.844,2133791.868,58.2,8.5,3,10.49,3.13,3,2804,2830,87.77,8.37,1,5705,3,3,4
2820,7940,822,1.11343E+12,27.325,727.354,6042768.689,2133792.909,58.2,8.5,3,10.94,1.23,3,2804,2830,87.77,8.02,1,5705,3,3,4
2820,7941,822,1.11343E+12,27.268,728.455,6042768.495,2133793.997,58.2,8.5,3,11.14,0.24,3,2804,2830,87.29,7.84,1,5705,3,3,4
2820,7943,822,1.11343E+12,27.14,730.731,6042768.088,2133796.198,58.2,8.5,3,10.57,-0.46,3,2804,2830,87.41,8.27,1,5705,3,3,4
2820,7945,822,1.11343E+12,27.014,732.818,6042767.681,2133798.4,58.2,8.5,3,10.98,1.11,3,2804,2830,88.24,8.04,1,5705,3,3,4
2820,7946,822,1.11343E+12,26.954,733.923,6042767.477,2133799.502,58.2,8.5,3,11.16,0.13,3,2804,2830,88.64,7.94,1,5705,3,3,4
2820,7947,822,1.11343E+12,26.895,735.039,6042767.273,2133800.603,58.2,8.5,3,11.17,0.08,3,2804,2830,89.02,7.97,1,5705,3,3,4
2820,7948,822,1.11343E+12,26.835,736.156,6042767.069,2133801.704,58.2,8.5,3,11.19,0,3,2804,2830,89.4,7.99,1,5705,3,3,4
2820,7949,822,1.11343E+12,26.776,737.276,6042766.866,2133802.805,58.2,8.5,3,11.19,-0.07,3,2804,2830,89.78,8.02,1,5705,3,3,4
2820,7950,822,1.11343E+12,26.717,738.395,6042766.662,2133803.907,58.2,8.5,3,11.18,0,3,2804,2830,90.16,8.06,1,5705,3,3,4
2820,7951,822,1.11343E+12,26.657,739.513,6042766.458,2133805.008,58.2,8.5,3,11.18,0.04,3,2804,2830,90.55,8.1,1,5705,3,3,4
2820,7952,822,1.11343E+12,26.598,740.631,6042766.254,2133806.109,58.2,8.5,3,11.18,0,3,2804,2830,90.93,8.13,1,5705,3,3,4
2820,7953,822,1.11343E+12,26.538,741.749,6042766.05,2133807.21,58.2,8.5,3,11.19,-0.04,3,2804,2830,91.31,8.16,1,5705,3,3,4
2820,7954,822,1.11343E+12,26.48,742.868,6042765.847,2133808.312,58.2,8.5,3,11.18,0.03,3,2804,2830,91.69,8.2,1,5705,3,3,4
2820,7955,822,1.11343E+12,26.42,743.986,6042765.643,2133809.413,58.2,8.5,3,11.18,0.05,3,2804,2830,92.07,8.24,1,5705,3,3,4
2820,7956,822,1.11343E+12,26.36,745.104,6042765.439,2133810.514,58.2,8.5,3,11.19,-0.03,3,2804,2830,92.44,8.26,1,5705,3,3,4
2820,7957,822,1.11343E+12,26.301,746.223,6042765.235,2133811.615,58.2,8.5,3,11.19,-0.05,3,2804,2830,92.89,8.3,1,5705,3,3,4
2820,7958,822,1.11343E+12,26.241,747.342,6042765.031,2133812.717,58.2,8.5,3,11.18,0,3,2804,2830,93.15,8.33,1,5705,3,3,4
2820,7959,822,1.11343E+12,26.183,748.46,6042764.828,2133813.818,58.2,8.5,3,11.18,0.04,3,2804,2830,93.45,8.36,1,5705,3,3,4
2820,7960,822,1.11343E+12,26.123,749.578,6042764.624,2133814.919,58.2,8.5,3,11.18,0,3,2804,2830,93.82,8.39,1,5705,3,3,4
2820,7961,822,1.11343E+12,26.063,750.696,6042764.42,2133816.02,58.2,8.5,3,11.19,-0.04,3,2804,2830,94.2,8.42,1,5705,3,3,4
2820,7962,822,1.11343E+12,26.004,751.815,6042764.216,2133817.122,58.2,8.5,3,11.18,0,3,2804,2830,94.58,8.46,1,5705,3,3,4
2820,7963,822,1.11343E+12,25.944,752.933,6042764.012,2133818.223,58.2,8.5,3,11.17,0.08,3,2804,2830,94.96,8.5,1,5705,3,3,4
2820,7964,822,1.11343E+12,25.886,754.049,6042763.809,2133819.324,58.2,8.5,3,11.25,-0.67,3,2804,2830,95.35,8.48,1,5705,3,3,4
2820,7965,822,1.11343E+12,25.826,755.179,6042763.605,2133820.425,58.2,8.5,3,10.97,1.38,3,2804,2830,95.71,8.72,1,5705,3,3,4
2820,7966,822,1.11343E+12,25.767,756.268,6042763.401,2133821.527,58.2,8.5,3,11.31,0.03,3,2804,2830,96.13,8.5,1,5705,3,3,4
2820,7969,822,1.11343E+12,25.398,759.637,6042762.6,2133824.809,58.2,8.5,3,10.34,-1.64,3,2804,2830,97.24,9.4,1,5705,3,3,4
2820,7970,822,1.11343E+12,25.312,760.661,6042762.383,2133825.806,58.2,8.5,3,10.09,-0.44,3,2804,2830,97.76,9.69,1,5705,3,3,4
2820,7971,822,1.11343E+12,25.279,761.668,6042762.22,2133826.798,58.2,8.5,3,10.02,-0.1,3,2804,2830,98.25,9.81,1,5705,3,3,4
2820,7972,822,1.11343E+12,25.277,762.669,6042762.089,2133827.79,58.2,8.5,3,10,0,3,2804,2830,98.74,9.87,1,5705,3,3,4
2820,7973,822,1.11343E+12,25.281,763.669,6042761.963,2133828.782,58.2,8.5,3,10,0,3,2804,2830,99.24,9.92,1,5705,3,3,4
2820,7974,822,1.11343E+12,25.285,764.669,6042761.837,2133829.774,58.2,8.5,3,10,0,3,2804,2830,99.74,9.97,1,5705,3,3,4
2820,7975,822,1.11343E+12,25.288,765.669,6042761.711,2133830.766,58.2,8.5,3,10,0,3,2804,2830,100.24,10.02,1,5705,3,3,4
2820,7976,822,1.11343E+12,25.291,766.669,6042761.584,2133831.758,58.2,8.5,3,10,0,3,2804,2830,100.74,10.07,1,5705,3,3,4
2820,7977,822,1.11343E+12,25.294,767.669,6042761.458,2133832.75,58.2,8.5,3,10,0,3,2804,2830,101.24,10.12,1,5705,3,3,4
2820,7978,822,1.11343E+12,25.298,768.669,6042761.332,2133833.742,58.2,8.5,3,10,0,3,2804,2830,101.74,10.17,1,5705,3,3,4
2820,7979,822,1.11343E+12,25.302,769.669,6042761.206,2133834.734,58.2,8.5,3,10,0,3,2804,2830,102.24,10.22,1,5705,3,3,4
2820,7980,822,1.11343E+12,25.304,770.669,6042761.079,2133835.726,58.2,8.5,3,10,0,3,2804,2830,102.73,10.27,1,5705,3,3,4
2820,7981,822,1.11343E+12,25.308,771.669,6042760.953,2133836.718,58.2,8.5,3,10,0,3,2804,2830,103.24,10.32,1,5705,3,3,4
2820,7982,822,1.11343E+12,25.312,772.669,6042760.827,2133837.71,58.2,8.5,3,10,0,3,2804,2830,103.75,10.37,1,5705,3,3,4
2820,7983,822,1.11343E+12,25.315,773.669,6042760.701,2133838.702,58.2,8.5,3,10,0,3,2804,2830,104,10.4,1,5705,3,3,4
2820,7984,822,1.11343E+12,25.319,774.669,6042760.575,2133839.694,58.2,8.5,3,10,0,3,2804,2830,104.77,10.48,1,5705,3,3,4
2820,7985,822,1.11343E+12,25.321,775.669,6042760.448,2133840.686,58.2,8.5,3,10,0,3,2804,2830,105.31,10.53,1,5705,3,3,4
2820,7986,822,1.11343E+12,25.325,776.669,6042760.322,2133841.678,58.2,8.5,3,10.02,-0.21,3,2804,2830,105.97,10.58,1,5705,3,3,4
2820,7993,822,1.11343E+12,26.882,784.005,6042760.916,2133849.15,58.2,8.5,3,16.74,-1.67,3,2804,2830,111.65,6.67,1,5705,3,3,4
2820,7994,822,1.11343E+12,26.876,785.694,6042760.695,2133850.796,58.2,8.5,3,16.28,-0.08,3,2804,2830,111.97,6.88,1,5705,3,3,4
2820,7995,822,1.11343E+12,26.848,787.303,6042760.45,2133852.453,58.2,8.5,3,16.15,3.05,3,2804,2830,112.37,6.96,1,5705,3,3,4
2820,7996,822,1.11343E+12,26.821,788.937,6042760.205,2133854.11,58.2,8.5,3,16.6,0.84,3,2804,2830,112.74,6.79,1,5705,3,3,4
2820,7997,822,1.11343E+12,26.797,790.602,6042759.959,2133855.767,58.2,8.5,3,16.74,0.1,3,2804,2830,113.08,6.76,1,5705,3,3,4
2820,7998,822,1.11343E+12,26.774,792.276,6042759.714,2133857.424,58.2,8.5,3,16.76,-0.04,3,2804,2830,113.41,6.77,1,5705,3,3,4
2820,7999,822,1.11343E+12,26.751,793.952,6042759.469,2133859.082,58.2,8.5,3,16.75,0,3,2804,2830,113.74,6.79,1,5705,3,3,4
2820,8000,822,1.11343E+12,26.728,795.627,6042759.223,2133860.739,58.2,8.5,3,16.75,-0.04,3,2804,2830,114.08,6.81,1,5705,3,3,4
2820,8001,822,1.11343E+12,26.705,797.302,6042758.978,2133862.396,58.2,8.5,3,16.75,0,3,2804,2830,114.41,6.83,1,5705,3,3,4
2820,8002,822,1.11343E+12,26.682,798.977,6042758.733,2133864.053,58.2,8.5,3,16.74,0.04,3,2804,2830,114.74,6.85,1,5705,3,3,4
2820,8003,822,1.11343E+12,26.659,800.651,6042758.488,2133865.71,58.2,8.5,3,16.75,0,3,2804,2830,115.07,6.87,1,5705,3,3,4
2820,8004,822,1.11343E+12,26.635,802.326,6042758.242,2133867.367,58.2,8.5,3,16.75,0.04,3,2804,2830,115.43,6.89,1,5705,3,3,4
2820,8005,822,1.11343E+12,26.612,804.001,6042757.997,2133869.024,58.2,8.5,3,16.75,0,3,2804,2830,115.67,6.91,1,5705,3,3,4
2820,8006,822,1.11343E+12,26.589,805.676,6042757.752,2133870.681,58.2,8.5,3,16.76,-0.04,3,2804,2830,116.11,6.93,1,5705,3,3,4
2820,8007,822,1.11343E+12,26.566,807.352,6042757.507,2133872.339,58.2,8.5,3,16.74,0.07,3,2804,2830,116.45,6.96,1,5705,3,3,4
2820,8008,822,1.11343E+12,26.542,809.025,6042757.261,2133873.996,58.2,8.5,3,16.8,-0.37,3,2804,2830,116.65,6.94,1,5705,3,3,4
2820,8009,822,1.11343E+12,26.52,810.707,6042757.016,2133875.653,58.2,8.5,3,16.68,0.31,3,2804,2830,116.88,7.01,1,5705,3,3,4
2820,8010,822,1.11343E+12,26.499,812.374,6042756.773,2133877.313,58.2,8.5,3,16.65,1.27,3,2804,2830,117.19,7.04,1,5705,3,3,4
2820,8011,822,1.11343E+12,26.467,814.045,6042756.52,2133878.96,58.2,8.5,3,16.82,0.87,3,2804,2830,117.51,6.99,1,5705,3,3,4
2820,8012,822,1.11343E+12,26.453,815.731,6042756.283,2133880.628,58.2,8.5,3,16.95,0.29,3,2804,2830,117.83,6.95,1,5705,3,3,4
2820,8013,822,1.11343E+12,26.453,817.428,6042756.057,2133882.31,58.2,8.5,3,16.99,0.05,3,2804,2830,118.13,6.95,1,5705,3,3,4
2820,8014,822,1.11343E+12,26.454,819.127,6042755.833,2133883.995,58.2,8.5,3,17,-0.04,3,2804,2830,118.43,6.97,1,5705,3,3,4
2820,8015,822,1.11343E+12,26.456,820.827,6042755.609,2133885.68,58.2,8.5,3,17,0,3,2804,2830,118.97,7,1,5705,3,3,4
2820,8016,822,1.11343E+12,26.458,822.527,6042755.385,2133887.365,58.2,8.5,3,16.99,0.08,3,2804,2830,119.06,7.01,1,5705,3,3,4
2820,8017,822,1.11343E+12,26.459,824.225,6042755.161,2133889.05,58.2,8.5,3,17.02,-0.2,3,2804,2830,119.03,6.99,1,5705,3,3,4
2820,8018,822,1.11343E+12,26.461,825.93,6042754.937,2133890.735,58.2,8.5,3,16.91,0.66,3,2804,2830,119.43,7.06,1,5705,3,3,4
2820,8019,822,1.11343E+12,26.464,827.617,6042754.714,2133892.421,58.2,8.5,3,17.13,-0.56,3,2804,2830,119.38,6.97,1,5705,3,3,4
2820,8020,822,1.11343E+12,26.463,829.332,6042754.488,2133894.101,58.2,8.5,3,17.19,-2.49,3,2804,2830,119.54,6.95,1,5705,3,3,4
2820,8021,822,1.11343E+12,26.474,831.04,6042754.271,2133895.804,58.2,8.5,3,16.87,-1.72,3,2804,2830,119.66,7.09,1,5705,3,3,4
2820,8022,822,1.11343E+12,26.466,832.717,6042754.04,2133897.469,58.2,8.5,3,16.62,-0.62,3,2804,2830,119.66,7.2,1,5705,3,3,4
2820,8023,822,1.11343E+12,26.445,834.376,6042753.8,2133899.108,58.2,8.5,3,16.51,-0.09,3,2804,2830,119.56,7.24,1,5705,3,3,4
2820,8024,822,1.11343E+12,26.422,836.026,6042753.558,2133900.741,58.2,8.5,3,16.5,0.02,3,2804,2830,119.42,7.24,1,5705,3,3,4
2820,8026,822,1.11343E+12,26.376,839.382,6042753.074,2133904.006,58.2,8.5,3,15.72,-0.65,3,2804,2830,119.07,7.57,1,5705,3,3,4
2820,8028,822,1.11343E+12,26.337,842.49,6042752.59,2133907.27,58.2,8.5,3,16.24,1.46,3,2804,2830,118.96,7.32,1,5705,3,3,4
2820,8029,822,1.11343E+12,26.324,844.123,6042752.348,2133908.903,58.2,8.5,3,16.46,0.22,3,2804,2830,118.82,7.22,1,5705,3,3,4
2820,8030,822,1.11343E+12,26.31,845.771,6042752.106,2133910.535,58.2,8.5,3,16.51,-0.04,3,2804,2830,118.68,7.19,1,5705,3,3,4
2820,8031,822,1.11343E+12,26.297,847.422,6042751.864,2133912.167,58.2,8.5,3,16.5,0,3,2804,2830,118.52,7.18,1,5705,3,3,4
2820,8032,822,1.11343E+12,26.283,849.071,6042751.622,2133913.8,58.2,8.5,3,16.5,0.03,3,2804,2830,118.38,7.17,1,5705,3,3,4
2820,8033,822,1.11343E+12,26.271,850.722,6042751.381,2133915.432,58.2,8.5,3,16.51,-0.03,3,2804,2830,118.23,7.16,1,5705,3,3,4
2820,8034,822,1.11343E+12,26.258,852.372,6042751.139,2133917.065,58.2,8.5,3,16.5,0.03,3,2804,2830,117.82,7.14,1,5705,3,3,4
2820,8035,822,1.11343E+12,26.244,854.022,6042750.897,2133918.697,58.2,8.5,3,16.51,-0.04,3,2804,2830,117.88,7.14,1,5705,3,3,4
2820,8036,822,1.11343E+12,26.231,855.673,6042750.655,2133920.329,58.2,8.5,3,16.5,-0.04,3,2804,2830,118.09,7.16,1,5705,3,3,4
2820,8044,822,1.11343E+12,26.041,867.451,6042748.835,2133931.966,58.2,8.5,3,15.05,-2.48,3,2804,2830,120.5,8.01,1,5705,3,3,4
2820,8050,822,1.11343E+12,26.153,877.209,6042747.595,2133941.637,58.2,8.5,3,22.26,1.57,3,2804,2830,122.74,5.51,1,5705,3,3,4
2820,8051,822,1.11343E+12,26.175,879.445,6042747.305,2133943.862,58.2,8.5,3,22.52,0.17,3,2804,2830,122.5,5.44,1,5705,3,3,4
2820,8053,822,1.11343E+12,26.217,884.035,6042746.722,2133948.334,58.2,8.5,3,21.36,-0.93,3,2804,2830,121.96,5.71,1,5705,3,3,4
2820,8055,822,1.11343E+12,26.271,888.253,6042746.139,2133952.806,58.2,8.5,3,22.16,2.18,3,2804,2830,121.27,5.47,1,5705,3,3,4
2820,8056,822,1.11343E+12,26.312,890.483,6042745.847,2133955.042,58.2,8.5,3,22.5,0.27,3,2804,2830,120.98,5.38,1,5705,3,3,4
2820,8057,822,1.11343E+12,26.354,892.73,6042745.556,2133957.278,58.2,8.5,3,22.69,-1.56,3,2804,2830,120.72,5.32,1,5705,3,3,4
2820,8064,822,1.11343E+12,26.136,907.57,6042743.15,2133971.929,58.2,8.5,3,15.22,-1.19,3,2804,2830,119.75,7.87,1,5705,3,3,4
2820,8065,822,1.11343E+12,26.131,909.085,6042742.923,2133973.42,58.2,8.5,3,15.03,-0.16,3,2804,2830,120.23,8,1,5705,3,3,4
2820,8066,822,1.11343E+12,26.133,910.587,6042742.704,2133974.904,58.2,8.5,3,15.01,-0.05,3,2804,2830,120.73,8.04,1,5705,3,3,4
2820,8067,822,1.11343E+12,26.135,912.088,6042742.484,2133976.388,58.2,8.5,3,15,0,3,2804,2830,121.23,8.08,1,5705,3,3,4
2820,8068,822,1.11343E+12,26.136,913.588,6042742.264,2133977.872,58.2,8.5,3,15,-0.04,3,2804,2830,121.73,8.12,1,5705,3,3,4
2820,8069,822,1.11343E+12,26.138,915.088,6042742.045,2133979.356,58.2,8.5,3,15,0,3,2804,2830,122.23,8.15,1,5705,3,3,4
2820,8070,822,1.11343E+12,26.14,916.588,6042741.825,2133980.84,58.2,8.5,3,14.99,0.08,3,2804,2830,122.73,8.19,1,5705,3,3,4
2820,8071,822,1.11343E+12,26.141,918.087,6042741.605,2133982.323,58.2,8.5,3,15,0,3,2804,2830,123.23,8.22,1,5705,3,3,4
2820,8072,822,1.11343E+12,26.143,919.587,6042741.386,2133983.807,58.2,8.5,3,15.01,-0.03,3,2804,2830,123.73,8.24,1,5705,3,3,4
2820,8073,822,1.11343E+12,26.144,921.088,6042741.166,2133985.291,58.2,8.5,3,15.01,-0.05,3,2804,2830,124.23,8.28,1,5705,3,3,4
2820,8074,822,1.11343E+12,26.146,922.587,6042740.946,2133986.775,58.2,8.5,3,15.05,-0.55,3,2804,2830,124.73,8.29,1,5705,3,3,4
2820,8075,822,1.11343E+12,26.147,924.094,6042740.726,2133988.259,58.2,8.5,3,14.85,0.87,3,2804,2830,125.2,8.43,1,5705,3,3,4
2820,8081,822,1.11343E+12,25.502,933.496,6042738.702,2133997.459,58.2,8.5,3,19.72,1.56,3,2804,2830,128.33,6.51,1,5705,3,3,4
2820,8082,822,1.11343E+12,25.451,935.477,6042738.358,2133999.419,58.2,8.5,3,19.97,0.18,3,2804,2830,128.6,6.44,1,5705,3,3,4
2820,8083,822,1.11343E+12,25.445,937.476,6042738.057,2134001.396,58.2,8.5,3,20,0,3,2804,2830,128.86,6.44,1,5705,3,3,4
2820,8084,822,1.11343E+12,25.447,939.475,6042737.764,2134003.375,58.2,8.5,3,20,0,3,2804,2830,129.12,6.46,1,5705,3,3,4
2820,8085,822,1.11343E+12,25.449,941.476,6042737.471,2134005.353,58.2,8.5,3,20,0,3,2804,2830,129.38,6.47,1,5705,3,3,4
2820,8086,822,1.11343E+12,25.452,943.475,6042737.178,2134007.332,58.2,8.5,3,20,0.03,3,2804,2830,129.64,6.48,1,5705,3,3,4
2820,8087,822,1.11343E+12,25.453,945.475,6042736.885,2134009.31,58.2,8.5,3,20.01,-0.07,3,2804,2830,129.9,6.49,1,5705,3,3,4
2820,8088,822,1.11343E+12,25.456,947.476,6042736.592,2134011.289,58.2,8.5,3,19.99,0.03,3,2804,2830,130.16,6.51,1,5705,3,3,4
2820,8089,822,1.11343E+12,25.458,949.475,6042736.299,2134013.267,58.2,8.5,3,20,0,3,2804,2830,130.42,6.52,1,5705,3,3,4
2820,8090,822,1.11343E+12,25.46,951.476,6042736.006,2134015.245,58.2,8.5,3,20,0,3,2804,2830,130.68,6.53,1,5705,3,3,4
2820,8091,822,1.11343E+12,25.462,953.475,6042735.713,2134017.224,58.2,8.5,3,20,0,3,2804,2830,130.96,6.55,1,5705,3,3,4
2820,8092,822,1.11343E+12,25.464,955.476,6042735.42,2134019.202,58.2,8.5,3,20,0,3,2804,2830,131.14,6.56,1,5705,3,3,4
2820,8093,822,1.11343E+12,25.466,957.475,6042735.127,2134021.181,58.2,8.5,3,20,0.03,3,2804,2830,131.5,6.57,1,5705,3,3,4
2820,8094,822,1.11343E+12,25.468,959.476,6042734.834,2134023.159,58.2,8.5,3,20.01,-0.03,3,2804,2830,131.79,6.59,1,5705,3,3,4
2820,8095,822,1.11343E+12,25.47,961.476,6042734.541,2134025.138,58.2,8.5,3,20,0,3,2804,2830,131.94,6.6,1,5705,3,3,4
2820,8096,822,1.11343E+12,25.472,963.476,6042734.248,2134027.116,58.2,8.5,3,20,-0.04,3,2804,2830,132.19,6.61,1,5705,3,3,4
2820,8097,822,1.11343E+12,25.474,965.476,6042733.955,2134029.095,58.2,8.5,3,19.99,0.04,3,2804,2830,132.04,6.61,1,5705,3,3,4
2820,8098,822,1.11343E+12,25.476,967.475,6042733.662,2134031.073,58.2,8.5,3,20,0.04,3,2804,2830,131.78,6.59,1,5705,3,3,4
2820,8099,822,1.11343E+12,25.478,969.476,6042733.369,2134033.051,58.2,8.5,3,20.01,-0.03,3,2804,2830,131.57,6.58,1,5705,3,3,4
2820,8100,822,1.11343E+12,25.48,971.476,6042733.076,2134035.03,58.2,8.5,3,20,0,3,2804,2830,131.45,6.57,1,5705,3,3,4
2820,8101,822,1.11343E+12,25.482,973.476,6042732.783,2134037.008,58.2,8.5,3,20,0,3,2804,2830,131.36,6.57,1,5705,3,3,4
2820,8102,822,1.11343E+12,25.484,975.476,6042732.49,2134038.987,58.2,8.5,3,20,0,3,2804,2830,131.29,6.56,1,5705,3,3,4
2820,8103,822,1.11343E+12,25.486,977.476,6042732.197,2134040.965,58.2,8.5,3,20,-0.04,3,2804,2830,131.23,6.56,1,5705,3,3,4
2820,8104,822,1.11343E+12,25.489,979.476,6042731.904,2134042.944,58.2,8.5,3,19.99,0.04,3,2804,2830,131.16,6.56,1,5705,3,3,4
2820,8105,822,1.11343E+12,25.49,981.475,6042731.611,2134044.922,58.2,8.5,3,20,0.04,3,2804,2830,131.09,6.55,1,5705,3,3,4
2820,8106,822,1.11343E+12,25.492,983.476,6042731.318,2134046.9,58.2,8.5,3,20.01,-0.03,3,2804,2830,131.01,6.55,1,5705,3,3,4
2820,8107,822,1.11343E+12,25.495,985.476,6042731.025,2134048.879,58.2,8.5,3,20,0,3,2804,2830,130.95,6.55,1,5705,3,3,4
2820,8108,822,1.11343E+12,25.497,987.476,6042730.732,2134050.857,58.2,8.5,3,20,0,3,2804,2830,130.86,6.54,1,5705,3,3,4
2820,8109,822,1.11343E+12,25.499,989.476,6042730.439,2134052.836,58.2,8.5,3,20,0,3,2804,2830,130.85,6.54,1,5705,3,3,4
2820,8110,822,1.11343E+12,25.501,991.476,6042730.146,2134054.814,58.2,8.5,3,20,0,3,2804,2830,130.69,6.53,1,5705,3,3,4
2820,8111,822,1.11343E+12,25.503,993.476,6042729.853,2134056.793,58.2,8.5,3,20,0,3,2804,2830,130.57,6.53,1,5705,3,3,4
2820,8112,822,1.11343E+12,25.505,995.476,6042729.56,2134058.771,58.2,8.5,3,20,0,3,2804,2830,130.48,6.52,1,5705,3,3,4
2820,8113,822,1.11343E+12,25.507,997.476,6042729.267,2134060.75,58.2,8.5,3,20,0,3,2804,2830,130.41,6.52,1,5705,3,3,4
2820,8114,822,1.11343E+12,25.509,999.476,6042728.974,2134062.728,58.2,8.5,3,20,0,3,2804,2830,130.34,6.52,1,5705,3,3,4
2820,8115,822,1.11343E+12,25.511,1001.476,6042728.681,2134064.706,58.2,8.5,3,20,0,3,2804,2830,130.26,6.51,1,5705,3,3,4
2820,8116,822,1.11343E+12,25.513,1003.476,6042728.388,2134066.685,58.2,8.5,3,20,0,3,2804,2830,130.24,6.51,1,5705,3,3,4
2820,8117,822,1.11343E+12,25.515,1005.476,6042728.095,2134068.663,58.2,8.5,3,20,0,3,2804,2830,129.95,6.5,1,5705,3,3,4
2820,8118,822,1.11343E+12,25.517,1007.476,6042727.802,2134070.642,58.2,8.5,3,20,0,3,2804,2830,129.49,6.47,1,5705,3,3,4
2820,8119,822,1.11343E+12,25.519,1009.476,6042727.509,2134072.62,58.2,8.5,3,20,0.04,3,2804,2830,130.09,6.5,1,5705,3,3,4
2820,8120,822,1.11343E+12,25.521,1011.476,6042727.216,2134074.599,58.2,8.5,3,20.01,-0.04,3,2804,2830,130.51,6.52,1,5705,3,3,4
2820,8121,822,1.11343E+12,25.523,1013.477,6042726.923,2134076.577,58.2,8.5,3,20,-0.04,3,2804,2830,130.64,6.53,1,5705,3,3,4
2820,8123,822,1.11343E+12,25.527,1017.521,6042726.337,2134080.534,58.2,8.5,3,19.36,-0.56,3,2804,2830,130.51,6.74,1,5705,3,3,4
2820,8125,822,1.11343E+12,25.539,1021.363,6042725.751,2134084.491,58.2,8.5,3,19.78,1.24,3,2804,2830,130.47,6.6,1,5705,3,3,4
2820,8126,822,1.11343E+12,25.551,1023.349,6042725.458,2134086.469,58.2,8.5,3,19.98,0.12,3,2804,2830,130.38,6.53,1,5705,3,3,4
2820,8127,822,1.11343E+12,25.564,1025.348,6042725.165,2134088.448,58.2,8.5,3,20,0,3,2804,2830,130.28,6.51,1,5705,3,3,4
2820,8128,822,1.11343E+12,25.576,1027.348,6042724.872,2134090.426,58.2,8.5,3,20,0,3,2804,2830,130.18,6.51,1,5705,3,3,4
2820,8129,822,1.11343E+12,25.588,1029.348,6042724.579,2134092.405,58.2,8.5,3,20,0,3,2804,2830,130.08,6.5,1,5705,3,3,4
2820,8130,822,1.11343E+12,25.6,1031.348,6042724.286,2134094.383,58.2,8.5,3,20,-0.04,3,2804,2830,129.98,6.5,1,5705,3,3,4
2820,8131,822,1.11343E+12,25.612,1033.348,6042723.993,2134096.362,58.2,8.5,3,19.99,0.04,3,2804,2830,129.88,6.5,1,5705,3,3,4
2820,8132,822,1.11343E+12,25.624,1035.347,6042723.7,2134098.34,58.2,8.5,3,20,0,3,2804,2830,129.79,6.49,1,5705,3,3,4
2820,8133,822,1.11343E+12,25.636,1037.352,6042723.407,2134100.318,58.2,8.5,3,19.85,1.53,3,2804,2830,129.68,6.53,1,5705,3,3,4
2820,8139,822,1.11343E+12,25.705,1048.829,6042721.723,2134111.687,58.2,8.5,3,15.34,-2.58,3,2804,2830,129.59,8.45,1,5705,3,3,4
2820,8144,822,1.11343E+12,25.6,1056.459,6042720.458,2134119.193,58.2,8.5,3,18.58,1.85,3,2804,2830,131.27,7.07,1,5705,3,3,4
2820,8145,822,1.11343E+12,25.979,1058.331,6042720.547,2134121.102,58.2,8.5,3,18.9,-0.22,3,2804,2830,131.3,6.95,1,5705,3,3,4
2820,8146,822,1.11343E+12,26.163,1060.22,6042720.44,2134123.005,58.2,8.5,3,18.87,-0.1,3,2804,2830,131.3,6.96,1,5705,3,3,4
2820,8147,822,1.11343E+12,26.292,1062.106,6042720.28,2134124.887,58.2,8.5,3,18.86,-0.06,3,2804,2830,131.34,6.96,1,5705,3,3,4
2820,8148,822,1.11343E+12,26.389,1063.991,6042720.088,2134126.765,58.2,8.5,3,18.85,0,3,2804,2830,131.32,6.97,1,5705,3,3,4
2820,8149,822,1.11343E+12,26.48,1065.876,6042719.891,2134128.642,58.2,8.5,3,18.84,0.04,3,2804,2830,131.32,6.97,1,5705,3,3,4
2820,8150,822,1.11343E+12,26.572,1067.76,6042719.694,2134130.518,58.2,8.5,3,18.85,0,3,2804,2830,131.38,6.97,1,5705,3,3,4
2820,8151,822,1.11343E+12,26.663,1069.645,6042719.497,2134132.395,58.2,8.5,3,18.85,-0.04,3,2804,2830,131.48,6.98,1,5705,3,3,4
2820,8152,822,1.11343E+12,26.755,1071.53,6042719.3,2134134.272,58.2,8.5,3,18.84,0.04,3,2804,2830,131.59,6.98,1,5705,3,3,4
2820,8153,822,1.11343E+12,26.846,1073.414,6042719.103,2134136.148,58.2,8.5,3,18.85,0,3,2804,2830,131.71,6.99,1,5705,3,3,4
2820,8154,822,1.11343E+12,26.939,1075.3,6042718.907,2134138.025,58.2,8.5,3,18.85,-0.03,3,2804,2830,131.82,6.99,1,5705,3,3,4
2820,8155,822,1.11343E+12,27.03,1077.184,6042718.71,2134139.902,58.2,8.5,3,18.85,0,3,2804,2830,131.94,7,1,5705,3,3,4
2820,8156,822,1.11343E+12,27.122,1079.071,6042718.513,2134141.778,58.2,8.5,3,18.8,0.47,3,2804,2830,132.05,7.02,1,5705,3,3,4
2820,8162,822,1.11343E+12,27.57,1089.981,6042717.291,2134152.637,58.2,8.5,3,15.15,-0.78,3,2804,2830,133.19,8.79,1,5705,3,3,4
2820,8163,822,1.11343E+12,27.564,1091.49,6042717.056,2134154.124,58.2,8.5,3,15.03,-0.14,3,2804,2830,133.38,8.87,1,5705,3,3,4
2820,8164,822,1.11343E+12,27.557,1092.993,6042716.82,2134155.605,58.2,8.5,3,15,-0.05,3,2804,2830,133.7,8.91,1,5705,3,3,4
2820,8165,822,1.11343E+12,27.55,1094.493,6042716.584,2134157.087,58.2,8.5,3,14.99,0.07,3,2804,2830,134.13,8.95,1,5705,3,3,4
2820,8166,822,1.11343E+12,27.542,1095.992,6042716.348,2134158.568,58.2,8.5,3,15,0,3,2804,2830,134.87,8.99,1,5705,3,3,4
2820,8167,822,1.11343E+12,27.535,1097.492,6042716.112,2134160.049,58.2,8.5,3,15.01,-0.08,3,2804,2830,135.09,9,1,5705,3,3,4
2820,8168,822,1.11343E+12,27.527,1098.993,6042715.875,2134161.531,58.2,8.5,3,14.99,0.03,3,2804,2830,135.59,9.05,1,5705,3,3,4
2820,8169,822,1.11343E+12,27.519,1100.492,6042715.639,2134163.012,58.2,8.5,3,15,0.04,3,2804,2830,135.66,9.04,1,5705,3,3,4
2820,8170,822,1.11343E+12,27.512,1101.993,6042715.403,2134164.493,58.2,8.5,3,15.01,-0.03,3,2804,2830,136.05,9.06,1,5705,3,3,4
2820,8171,822,1.11343E+12,27.504,1103.493,6042715.167,2134165.975,58.2,8.5,3,15,0,3,2804,2830,136.38,9.09,1,5705,3,3,4
2820,8172,822,1.11343E+12,27.497,1104.993,6042714.931,2134167.456,58.2,8.5,3,15,0,3,2804,2830,136.55,9.1,1,5705,3,3,4
2820,8173,822,1.11343E+12,27.49,1106.493,6042714.695,2134168.938,58.2,8.5,3,15,0,3,2804,2830,136.61,9.11,1,5705,3,3,4
2820,8174,822,1.11343E+12,27.482,1107.993,6042714.459,2134170.419,58.2,8.5,3,15,0,3,2804,2830,136.32,9.09,1,5705,3,3,4
2820,8175,822,1.11343E+12,27.475,1109.493,6042714.223,2134171.9,58.2,8.5,3,15,0,3,2804,2830,136.78,9.12,1,5705,3,3,4
2820,8176,822,1.11343E+12,27.468,1110.993,6042713.987,2134173.382,58.2,8.5,3,15,0,3,2804,2830,136.74,9.12,1,5705,3,3,4
2820,8177,822,1.11343E+12,27.459,1112.493,6042713.75,2134174.863,58.2,8.5,3,15,0,3,2804,2830,136.74,9.12,1,5705,3,3,4
2820,8178,822,1.11343E+12,27.452,1113.993,6042713.514,2134176.344,58.2,8.5,3,15,0,3,2804,2830,136.9,9.13,1,5705,3,3,4
2820,8179,822,1.11343E+12,27.445,1115.493,6042713.278,2134177.826,58.2,8.5,3,15,0,3,2804,2830,137.19,9.15,1,5705,3,3,4
2820,8180,822,1.11343E+12,27.437,1116.993,6042713.042,2134179.307,58.2,8.5,3,15,0,3,2804,2830,137.53,9.17,1,5705,3,3,4
2820,8181,822,1.11343E+12,27.43,1118.489,6042712.806,2134180.788,58.2,8.5,3,15.15,-1.56,3,2804,2830,137.9,9.1,1,5705,3,3,4
2820,8190,822,1.11343E+12,27.398,1132.912,6042710.485,2134195.349,58.2,8.5,3,18.01,-0.51,3,2804,2830,140.31,7.79,1,5705,3,3,4
2820,8191,822,1.11343E+12,27.397,1134.831,6042710.246,2134196.849,58.2,8.5,3,17.39,-3.22,3,2804,2830,140.25,8.06,1,5705,3,3,4
2820,8193,822,1.11343E+12,27.395,1138.187,6042709.692,2134200.33,58.2,8.5,3,18.21,-0.08,3,2804,2830,140.62,7.72,1,5705,3,3,4
2820,8195,822,1.11343E+12,27.392,1141.841,6042709.111,2134203.968,58.2,8.5,3,17.88,-1.87,3,2804,2830,140.69,7.87,1,5705,3,3,4
2820,8196,822,1.11343E+12,27.391,1143.618,6042708.832,2134205.721,58.2,8.5,3,17.59,-0.49,3,2804,2830,140.77,8,1,5705,3,3,4
2820,8197,822,1.11343E+12,27.39,1145.374,6042708.556,2134207.453,58.2,8.5,3,17.52,-0.11,3,2804,2830,140.88,8.04,1,5705,3,3,4
2820,8198,822,1.11343E+12,27.389,1147.125,6042708.28,2134209.181,58.2,8.5,3,17.49,0.03,3,2804,2830,140.99,8.06,1,5705,3,3,4
2820,8199,822,1.11343E+12,27.388,1148.874,6042708.005,2134210.909,58.2,8.5,3,17.5,0.04,3,2804,2830,141.11,8.06,1,5705,3,3,4
2820,8200,822,1.11343E+12,27.386,1150.625,6042707.729,2134212.637,58.2,8.5,3,17.51,-0.03,3,2804,2830,141.22,8.06,1,5705,3,3,4
2820,8201,822,1.11343E+12,27.386,1152.375,6042707.454,2134214.366,58.2,8.5,3,17.5,0,3,2804,2830,141.33,8.08,1,5705,3,3,4
2820,8202,822,1.11343E+12,27.384,1154.125,6042707.178,2134216.094,58.2,8.5,3,17.5,0.04,3,2804,2830,141.44,8.08,1,5705,3,3,4
2820,8203,822,1.11343E+12,27.383,1155.875,6042706.903,2134217.822,58.2,8.5,3,17.51,-0.04,3,2804,2830,141.55,8.08,1,5705,3,3,4
2820,8204,822,1.11343E+12,27.383,1157.626,6042706.628,2134219.55,58.2,8.5,3,17.5,-0.04,3,2804,2830,141.66,8.1,1,5705,3,3,4
2820,8205,822,1.11343E+12,27.381,1159.375,6042706.352,2134221.279,58.2,8.5,3,17.49,0.03,3,2804,2830,141.78,8.11,1,5705,3,3,4
2820,8206,822,1.11343E+12,27.381,1161.128,6042706.077,2134223.007,58.2,8.5,3,17.4,1.06,3,2804,2830,141.89,8.15,1,5705,3,3,4
2820,8209,822,1.11343E+12,27.377,1166.21,6042705.247,2134228.216,58.2,8.5,3,19.01,-2.87,3,2804,2830,142.39,7.49,1,5705,3,3,4
2820,8222,822,1.11343E+12,27.419,1190.141,6042701.511,2134251.652,58.2,8.5,3,16.92,1.4,3,2804,2830,142.67,8.43,1,5705,3,3,4
2820,8223,822,1.11343E+12,27.431,1191.698,6042701.198,2134253.61,58.2,8.5,3,18.32,-2.97,3,2804,2830,142.98,7.8,1,5705,3,3,4
2820,8236,822,1.11343E+12,27.587,1215.195,6042697.536,2134276.589,58.2,8.5,3,19.68,2.47,3,2804,2830,143.7,7.3,1,5705,3,3,4
2820,8246,822,1.11343E+12,27.713,1234.191,6042694.545,2134295.353,58.2,8.5,3,19.82,1,3,2804,2830,143.37,7.23,1,5705,3,3,4
2042,6306,1390,1.11344E+12,31.56,347.82,6042819.926,2133416.838,64.3,8.5,3,17.62,0,3,2019,2027,109.59,6.22,2,12005,3,3,4
2042,6308,1390,1.11344E+12,31.569,351.331,6042819.493,2133420.341,64.3,8.5,3,17.17,-2.87,3,2019,2027,109.52,6.38,2,12005,3,3,4
2042,6309,1390,1.11344E+12,31.573,353.022,6042819.295,2133421.95,64.3,8.5,3,16.94,-0.98,3,2019,2027,109.54,6.47,2,12005,3,3,4
2042,6310,1390,1.11344E+12,31.577,354.708,6042819.083,2133423.664,64.3,8.5,3,16.77,-1.3,3,2019,2027,109.57,6.53,2,12005,3,3,4
2042,6311,1390,1.11344E+12,31.582,356.372,6042818.869,2133425.397,64.3,8.5,3,16.77,-0.18,3,2019,2027,109.63,6.54,2,12005,3,3,4
2042,6314,1390,1.11344E+12,31.609,361.539,6042818.26,2133430.449,64.3,8.5,3,17.58,-0.68,3,2019,2027,109.61,6.23,2,12005,3,3,4
2042,6317,1390,1.11344E+12,31.435,366.558,6042817.462,2133435.394,64.3,8.5,3,15.94,-0.19,3,2019,2027,109.72,6.88,2,12005,3,3,4
2042,6321,1390,1.11344E+12,31.345,373.306,6042816.526,2133442.099,64.3,8.5,3,17.71,-0.02,3,2019,2027,109.79,6.2,2,12005,3,3,4
2042,6322,1390,1.11344E+12,31.341,375.08,6042816.301,2133443.851,64.3,8.5,3,17.69,-0.42,3,2019,2027,109.63,6.2,2,12005,3,3,4
2042,6323,1390,1.11344E+12,31.336,376.844,6042816.075,2133445.603,64.3,8.5,3,17.67,0,3,2019,2027,109.46,6.19,2,12005,3,3,4
2042,6324,1390,1.11344E+12,31.332,378.611,6042815.85,2133447.356,64.3,8.5,3,17.67,0,3,2019,2027,109.34,6.19,2,12005,3,3,4
2042,6325,1390,1.11344E+12,31.327,380.366,6042815.625,2133449.108,64.3,8.5,3,17.77,1.7,3,2019,2027,109.3,6.15,2,12005,3,3,4
2042,6326,1390,1.11344E+12,31.322,382.144,6042815.399,2133450.86,64.3,8.5,3,18.02,3.23,3,2019,2027,109.3,6.07,2,12005,3,3,4
2042,6327,1390,1.11344E+12,31.318,383.97,6042815.174,2133452.612,64.3,8.5,3,18.2,1.55,3,2019,2027,109.25,6,2,12005,3,3,4
2042,6328,1390,1.11344E+12,31.304,385.816,6042814.948,2133454.365,64.3,8.5,3,18.2,-1.55,3,2019,2027,109.17,6,2,12005,3,3,4
2042,6329,1390,1.11344E+12,31.288,387.642,6042814.723,2133456.117,64.3,8.5,3,18.02,-3.23,3,2019,2027,109.1,6.05,2,12005,3,3,4
2042,6330,1390,1.11344E+12,31.273,389.42,6042814.498,2133457.869,64.3,8.5,3,17.77,-1.71,3,2019,2027,109.09,6.14,2,12005,3,3,4
2042,6331,1390,1.11344E+12,31.256,391.175,6042814.272,2133459.621,64.3,8.5,3,17.67,0,3,2019,2027,109.09,6.17,2,12005,3,3,4
2042,6332,1390,1.11344E+12,31.241,392.942,6042814.047,2133461.374,64.3,8.5,3,17.67,0,3,2019,2027,109.09,6.17,2,12005,3,3,4
2042,6333,1390,1.11344E+12,31.226,394.708,6042813.822,2133463.126,64.3,8.5,3,17.67,0,3,2019,2027,109.08,6.17,2,12005,3,3,4
2042,6334,1390,1.11344E+12,31.21,396.475,6042813.596,2133464.878,64.3,8.5,3,17.67,0,3,2019,2027,109.08,6.17,2,12005,3,3,4
2042,6335,1390,1.11344E+12,31.194,398.242,6042813.371,2133466.63,64.3,8.5,3,17.67,0,3,2019,2027,109.07,6.17,2,12005,3,3,4
2042,6336,1390,1.11344E+12,31.178,400.008,6042813.145,2133468.383,64.3,8.5,3,17.67,0,3,2019,2027,109.07,6.17,2,12005,3,3,4
2042,6337,1390,1.11344E+12,31.163,401.775,6042812.92,2133470.135,64.3,8.5,3,17.67,0,3,2019,2027,109.07,6.17,2,12005,3,3,4
2042,6338,1390,1.11344E+12,31.147,403.541,6042812.695,2133471.887,64.3,8.5,3,17.67,0,3,2019,2027,109.06,6.17,2,12005,3,3,4
2042,6339,1390,1.11344E+12,31.131,405.308,6042812.469,2133473.639,64.3,8.5,3,17.67,0,3,2019,2027,109.06,6.17,2,12005,3,3,4
2042,6340,1390,1.11344E+12,31.116,407.075,6042812.244,2133475.392,64.3,8.5,3,17.67,0,3,2019,2027,109.06,6.17,2,12005,3,3,4
2042,6341,1390,1.11344E+12,31.1,408.841,6042812.019,2133477.144,64.3,8.5,3,17.67,0,3,2019,2027,109.05,6.17,2,12005,3,3,4
2042,6342,1390,1.11344E+12,31.084,410.608,6042811.793,2133478.896,64.3,8.5,3,17.67,0,3,2019,2027,109.05,6.17,2,12005,3,3,4
2042,6343,1390,1.11344E+12,31.069,412.375,6042811.568,2133480.648,64.3,8.5,3,17.67,0,3,2019,2027,109.04,6.17,2,12005,3,3,4
2042,6344,1390,1.11344E+12,31.052,414.141,6042811.342,2133482.401,64.3,8.5,3,17.67,0,3,2019,2027,109.04,6.17,2,12005,3,3,4
2042,6351,1390,1.11344E+12,31.082,425.82,6042809.765,2133494.666,64.3,8.5,3,17.67,0,3,2019,2027,109.67,6.21,2,12005,3,3,4
2042,6352,1390,1.11344E+12,31.105,427.586,6042809.539,2133496.419,64.3,8.5,3,17.67,0,3,2019,2027,109.64,6.2,2,12005,3,3,4
2042,6359,1390,1.11344E+12,31.151,440.584,6042807.962,2133508.684,64.3,8.5,3,17.67,0,3,2019,2027,107.55,6.09,2,12005,3,3,4
2042,6360,1390,1.11344E+12,31.138,442.35,6042807.736,2133510.437,64.3,8.5,3,17.67,0,3,2019,2027,107.05,6.06,2,12005,3,3,4
2042,6361,1390,1.11344E+12,31.126,444.117,6042807.511,2133512.189,64.3,8.5,3,17.67,0,3,2019,2027,106.57,6.03,2,12005,3,3,4
2042,6362,1390,1.11344E+12,31.114,445.883,6042807.286,2133513.941,64.3,8.5,3,17.67,0,3,2019,2027,106.1,6,2,12005,3,3,4
2042,6363,1390,1.11344E+12,31.101,447.65,6042807.06,2133515.693,64.3,8.5,3,17.67,0,3,2019,2027,105.62,5.98,2,12005,3,3,4
2042,6364,1390,1.11344E+12,31.089,449.417,6042806.835,2133517.446,64.3,8.5,3,17.67,0,3,2019,2027,105.14,5.95,2,12005,3,3,4
2042,6365,1390,1.11344E+12,31.076,451.184,6042806.609,2133519.198,64.3,8.5,3,17.67,0,3,2019,2027,104.66,5.92,2,12005,3,3,4
2042,6366,1390,1.11344E+12,31.065,452.95,6042806.384,2133520.95,64.3,8.5,3,17.67,0,3,2019,2027,104.18,5.9,2,12005,3,3,4
2042,6367,1390,1.11344E+12,31.053,454.717,6042806.159,2133522.702,64.3,8.5,3,17.67,0,3,2019,2027,103.7,5.87,2,12005,3,3,4
2042,6368,1390,1.11344E+12,31.04,456.483,6042805.933,2133524.455,64.3,8.5,3,17.67,0,3,2019,2027,103.22,5.84,2,12005,3,3,4
2042,6369,1390,1.11344E+12,31.028,458.25,6042805.708,2133526.207,64.3,8.5,3,17.67,0,3,2019,2027,102.74,5.81,2,12005,3,3,4
2042,6370,1390,1.11344E+12,31.016,460.016,6042805.483,2133527.959,64.3,8.5,3,17.67,0,3,2019,2027,102.26,5.79,2,12005,3,3,4
2042,6371,1390,1.11344E+12,31.003,461.783,6042805.257,2133529.711,64.3,8.5,3,17.67,0,3,2019,2027,101.78,5.76,2,12005,3,3,4
2042,6372,1390,1.11344E+12,30.991,463.548,6042805.032,2133531.464,64.3,8.5,3,17.68,0.23,3,2019,2027,101.31,5.73,2,12005,3,3,4
2042,6373,1390,1.11344E+12,30.978,465.317,6042804.806,2133533.216,64.3,8.5,3,17.72,0.43,3,2019,2027,100.83,5.69,2,12005,3,3,4
2042,6374,1390,1.11344E+12,30.966,467.102,6042804.581,2133534.968,64.3,8.5,3,17.64,-1.33,3,2019,2027,100.33,5.69,2,12005,3,3,4
2042,6380,1390,1.11344E+12,30.884,476.324,6042803.384,2133544.128,64.3,8.5,3,13.01,-1.74,3,2019,2027,98.83,7.6,2,12005,3,3,4
2042,6381,1390,1.11344E+12,30.868,477.597,6042803.21,2133545.429,64.3,8.5,3,12.94,0.84,3,2019,2027,98.85,7.64,2,12005,3,3,4
2042,6382,1390,1.11344E+12,30.855,478.892,6042803.036,2133546.73,64.3,8.5,3,13.02,1.09,3,2019,2027,98.84,7.59,2,12005,3,3,4
2042,6383,1390,1.11344E+12,30.842,480.203,6042802.863,2133548.031,64.3,8.5,3,13.1,0.46,3,2019,2027,98.82,7.54,2,12005,3,3,4
2042,6384,1390,1.11344E+12,30.829,481.518,6042802.689,2133549.332,64.3,8.5,3,13.12,0,3,2019,2027,98.79,7.53,2,12005,3,3,4
2042,6385,1390,1.11344E+12,30.815,482.831,6042802.515,2133550.633,64.3,8.5,3,13.12,0,3,2019,2027,98.76,7.53,2,12005,3,3,4
2042,6386,1390,1.11344E+12,30.803,484.143,6042802.342,2133551.934,64.3,8.5,3,13.12,0,3,2019,2027,98.74,7.53,2,12005,3,3,4
2042,6387,1390,1.11344E+12,30.789,485.455,6042802.168,2133553.235,64.3,8.5,3,13.13,0,3,2019,2027,98.71,7.52,2,12005,3,3,4
2042,6388,1390,1.11344E+12,30.776,486.768,6042801.994,2133554.536,64.3,8.5,3,13.13,0,3,2019,2027,98.69,7.52,2,12005,3,3,4
2042,6389,1390,1.11344E+12,30.762,488.081,6042801.82,2133555.837,64.3,8.5,3,13.13,0,3,2019,2027,98.67,7.51,2,12005,3,3,4
2042,6390,1390,1.11344E+12,30.75,489.393,6042801.647,2133557.138,64.3,8.5,3,13.12,0,3,2019,2027,98.65,7.52,2,12005,3,3,4
2042,6391,1390,1.11344E+12,30.736,490.705,6042801.473,2133558.439,64.3,8.5,3,13.12,0,3,2019,2027,98.62,7.52,2,12005,3,3,4
2042,6392,1390,1.11344E+12,30.723,492.018,6042801.299,2133559.74,64.3,8.5,3,13.12,0,3,2019,2027,98.6,7.52,2,12005,3,3,4
2042,6393,1390,1.11344E+12,30.71,493.33,6042801.126,2133561.041,64.3,8.5,3,13.12,0,3,2019,2027,98.6,7.52,2,12005,3,3,4
2042,6394,1390,1.11344E+12,30.697,494.643,6042800.952,2133562.342,64.3,8.5,3,13.13,0,3,2019,2027,98.58,7.51,2,12005,3,3,4
2042,6395,1390,1.11344E+12,30.683,495.955,6042800.778,2133563.643,64.3,8.5,3,13.13,0,3,2019,2027,98.5,7.5,2,12005,3,3,4
2042,6396,1390,1.11344E+12,30.671,497.268,6042800.605,2133564.944,64.3,8.5,3,13.12,0,3,2019,2027,98.26,7.49,2,12005,3,3,4
2042,6397,1390,1.11344E+12,30.658,498.58,6042800.431,2133566.245,64.3,8.5,3,13.13,0,3,2019,2027,97.91,7.46,2,12005,3,3,4
2042,6398,1390,1.11344E+12,30.644,499.893,6042800.257,2133567.546,64.3,8.5,3,13.12,0,3,2019,2027,97.41,7.42,2,12005,3,3,4
2042,6399,1390,1.11344E+12,30.631,501.205,6042800.083,2133568.847,64.3,8.5,3,13.13,0,3,2019,2027,96.83,7.38,2,12005,3,3,4
2042,6400,1390,1.11344E+12,30.618,502.518,6042799.91,2133570.148,64.3,8.5,3,13.12,0,3,2019,2027,96.25,7.34,2,12005,3,3,4
2042,6401,1390,1.11344E+12,30.605,503.83,6042799.736,2133571.449,64.3,8.5,3,13.13,0,3,2019,2027,95.69,7.29,2,12005,3,3,4
2042,6402,1390,1.11344E+12,30.591,505.143,6042799.562,2133572.75,64.3,8.5,3,13.12,0,3,2019,2027,95.13,7.25,2,12005,3,3,4
2042,6403,1390,1.11344E+12,30.579,506.455,6042799.389,2133574.051,64.3,8.5,3,13.12,0,3,2019,2027,94.56,7.21,2,12005,3,3,4
2042,6404,1390,1.11344E+12,30.565,507.768,6042799.215,2133575.352,64.3,8.5,3,13.13,0,3,2019,2027,94,7.16,2,12005,3,3,4
2042,6405,1390,1.11344E+12,30.552,509.08,6042799.041,2133576.653,64.3,8.5,3,13.13,0,3,2019,2027,93.44,7.12,2,12005,3,3,4
2042,6406,1390,1.11344E+12,30.539,510.393,6042798.868,2133577.954,64.3,8.5,3,13.13,0,3,2019,2027,92.88,7.07,2,12005,3,3,4
2042,6407,1390,1.11344E+12,30.526,511.705,6042798.694,2133579.255,64.3,8.5,3,13.12,0,3,2019,2027,92.31,7.04,2,12005,3,3,4
2042,6408,1390,1.11344E+12,30.512,513.018,6042798.52,2133580.556,64.3,8.5,3,13.12,0,3,2019,2027,91.75,6.99,2,12005,3,3,4
2042,6409,1390,1.11344E+12,30.499,514.33,6042798.346,2133581.857,64.3,8.5,3,13.13,0,3,2019,2158,91.19,6.95,2,12005,3,3,4
2042,6410,1390,1.11344E+12,30.486,515.643,6042798.173,2133583.158,64.3,8.5,3,13.13,0,3,2019,2158,90.63,6.9,2,12005,3,3,4
2042,6411,1390,1.11344E+12,30.473,516.955,6042797.999,2133584.46,64.3,8.5,3,13.13,0,3,2019,2158,90.06,6.86,2,12005,3,3,4
2042,6412,1390,1.11344E+12,30.459,518.267,6042797.825,2133585.761,64.3,8.5,3,13.13,0.11,3,2019,2158,89.5,6.82,2,12005,3,3,4
2042,6413,1390,1.11344E+12,30.447,519.581,6042797.652,2133587.062,64.3,8.5,3,13.15,0.25,3,2019,2158,88.94,6.76,2,12005,3,3,4
2042,6414,1390,1.11344E+12,30.433,520.902,6042797.478,2133588.363,64.3,8.5,3,13.13,-0.48,3,2019,2158,88.37,6.73,2,12005,3,3,4
2042,6415,1390,1.11344E+12,30.448,522.227,6042797.33,2133589.681,64.3,8.5,3,12.95,-2.75,3,2019,2158,87.79,6.78,2,12005,3,3,4
2042,6419,1390,1.11344E+12,29.966,526.997,6042796.269,2133594.355,64.3,8.5,3,10.93,-2.57,3,2019,2158,86.02,7.87,2,12005,3,3,4
2042,6420,1390,1.11344E+12,29.904,528.062,6042796.076,2133595.406,64.3,8.5,3,10.76,-0.45,3,2019,2158,85.71,7.97,2,12005,3,3,4
2042,6421,1390,1.11344E+12,29.941,529.13,6042795.982,2133596.478,64.3,8.5,3,10.73,0.18,3,2019,2158,85.39,7.96,2,12005,3,3,4
2042,6422,1390,1.11344E+12,29.953,530.205,6042795.862,2133597.546,64.3,8.5,3,10.75,0.07,3,2019,2158,85.06,7.91,2,12005,3,3,4
2042,6423,1390,1.11344E+12,29.965,531.28,6042795.742,2133598.614,64.3,8.5,3,10.75,0,3,2019,2158,84.75,7.88,2,12005,3,3,4
2042,6424,1390,1.11344E+12,29.977,532.355,6042795.623,2133599.683,64.3,8.5,3,10.75,0,3,2019,2158,84.43,7.85,2,12005,3,3,4
2042,6425,1390,1.11344E+12,29.989,533.435,6042795.503,2133600.751,64.3,8.5,3,10.71,-0.69,3,2019,2158,84.11,7.85,2,12005,3,3,4
2042,6426,1390,1.11344E+12,30.001,534.506,6042795.383,2133601.82,64.3,8.5,3,10.61,-1.28,3,2019,2158,83.79,7.9,2,12005,3,3,4
2042,6427,1390,1.11344E+12,30.013,535.557,6042795.264,2133602.888,64.3,8.5,3,10.54,-0.62,3,2019,2158,83.49,7.92,2,12005,3,3,4
2042,6428,1390,1.11344E+12,30.026,536.601,6042795.144,2133603.956,64.3,8.5,3,10.54,0.62,3,2019,2158,83.19,7.89,2,12005,3,3,4
2042,6429,1390,1.11344E+12,30.04,537.652,6042795.024,2133605.025,64.3,8.5,3,10.61,1.28,3,2019,2158,82.89,7.81,2,12005,3,3,4
2042,6430,1390,1.11344E+12,30.055,538.722,6042794.904,2133606.093,64.3,8.5,3,10.71,0.68,3,2019,2158,82.57,7.71,2,12005,3,3,4
2042,6431,1390,1.11344E+12,30.07,539.802,6042794.785,2133607.162,64.3,8.5,3,10.75,0,3,2019,2158,82.24,7.65,2,12005,3,3,4
2042,6432,1390,1.11344E+12,30.085,540.877,6042794.665,2133608.23,64.3,8.5,3,10.75,0,3,2019,2158,81.92,7.62,2,12005,3,3,4
2042,6433,1390,1.11344E+12,30.099,541.952,6042794.545,2133609.298,64.3,8.5,3,10.75,0,3,2019,2158,81.6,7.59,2,12005,3,3,4
2042,6434,1390,1.11344E+12,30.115,543.027,6042794.426,2133610.367,64.3,8.5,3,10.75,0,3,2019,2158,81.28,7.56,2,12005,3,3,4
2042,6435,1390,1.11344E+12,30.129,544.102,6042794.306,2133611.435,64.3,8.5,3,10.75,0,3,2019,2158,80.96,7.53,2,12005,3,3,4
2042,6436,1390,1.11344E+12,30.143,545.177,6042794.186,2133612.504,64.3,8.5,3,10.75,0,3,2019,2158,80.57,7.49,2,12005,3,3,4
2042,6437,1390,1.11344E+12,30.159,546.252,6042794.067,2133613.572,64.3,8.5,3,10.75,0,3,2019,2158,80.11,7.45,2,12005,3,3,4
2042,6438,1390,1.11344E+12,30.173,547.327,6042793.947,2133614.64,64.3,8.5,3,10.75,0,3,2019,2158,79.57,7.4,2,12005,3,3,4
2042,6439,1390,1.11344E+12,30.188,548.402,6042793.827,2133615.709,64.3,8.5,3,10.75,0,3,2019,2158,78.99,7.35,2,12005,3,3,4
2042,6440,1390,1.11344E+12,30.202,549.477,6042793.707,2133616.777,64.3,8.5,3,10.75,0,3,2019,2158,78.4,7.29,2,12005,3,3,4
2042,6441,1390,1.11344E+12,30.218,550.552,6042793.588,2133617.845,64.3,8.5,3,10.75,0,3,2019,2158,77.82,7.24,2,12005,3,3,4
2042,6442,1390,1.11344E+12,30.232,551.626,6042793.468,2133618.914,64.3,8.5,3,10.75,0,3,2019,2158,77.25,7.19,2,12005,3,3,4
2042,6443,1390,1.11344E+12,30.246,552.702,6042793.348,2133619.982,64.3,8.5,3,10.75,0,3,2019,2158,76.68,7.13,2,12005,3,3,4
2042,6444,1390,1.11344E+12,30.262,553.777,6042793.229,2133621.051,64.3,8.5,3,10.75,0,3,2019,2158,76.1,7.08,2,12005,3,3,4
2042,6445,1390,1.11344E+12,30.276,554.852,6042793.109,2133622.119,64.3,8.5,3,10.75,0,3,2019,2158,75.5,7.02,2,12005,3,3,4
2042,6446,1390,1.11344E+12,30.291,555.927,6042792.989,2133623.187,64.3,8.5,3,10.75,0,3,2019,2158,74.91,6.97,2,12005,3,3,4
2042,6447,1390,1.11344E+12,30.305,557.001,6042792.869,2133624.256,64.3,8.5,3,10.75,0,3,2019,2158,74.38,6.92,2,12005,3,3,4
2042,6448,1390,1.11344E+12,30.321,558.077,6042792.75,2133625.324,64.3,8.5,3,10.75,0,3,2019,2158,74,6.88,2,12005,3,3,4
2042,6449,1390,1.11344E+12,30.335,559.152,6042792.63,2133626.393,64.3,8.5,3,10.75,0,3,2019,2158,73.75,6.86,2,12005,3,3,4
2042,6450,1390,1.11344E+12,30.349,560.227,6042792.51,2133627.461,64.3,8.5,3,10.75,0,3,2019,2158,73.6,6.85,2,12005,3,3,4
2042,6451,1390,1.11344E+12,30.365,561.302,6042792.391,2133628.529,64.3,8.5,3,10.75,0,3,2019,2158,73.43,6.83,2,12005,3,3,4
2042,6452,1390,1.11344E+12,30.379,562.375,6042792.271,2133629.598,64.3,8.5,3,10.76,0.17,3,2019,2158,73.16,6.8,2,12005,3,3,4
2042,6453,1390,1.11344E+12,30.394,563.451,6042792.151,2133630.666,64.3,8.5,3,10.78,0.33,3,2019,2158,72.78,6.75,2,12005,3,3,4
2042,6454,1390,1.11344E+12,30.409,564.538,6042792.032,2133631.734,64.3,8.5,3,10.75,-0.69,3,2019,2158,72.36,6.73,2,12005,3,3,4
2042,6460,1390,1.11344E+12,30.458,570.013,6042791.396,2133637.173,64.3,8.5,3,7.5,-0.69,3,2019,2158,70.57,9.41,2,12005,3,3,4
2042,6461,1390,1.11344E+12,30.459,570.751,6042791.304,2133637.917,64.3,8.5,3,7.47,0.32,3,2019,2158,70.63,9.46,2,12005,3,3,4
2042,6462,1390,1.11344E+12,30.461,571.5,6042791.212,2133638.661,64.3,8.5,3,7.49,0.16,3,2019,2158,70.84,9.46,2,12005,3,3,4
2042,6463,1390,1.11344E+12,30.462,572.251,6042791.119,2133639.406,64.3,8.5,3,7.5,0,3,2019,2158,71.11,9.48,2,12005,3,3,4
2042,6464,1390,1.11344E+12,30.464,573.001,6042791.027,2133640.15,64.3,8.5,3,7.5,0,3,2019,2158,71.37,9.52,2,12005,3,3,4
2042,6465,1390,1.11344E+12,30.465,573.751,6042790.935,2133640.894,64.3,8.5,3,7.5,0,3,2019,2158,71.63,9.55,2,12005,3,3,4
2042,6466,1390,1.11344E+12,30.467,574.501,6042790.843,2133641.638,64.3,8.5,3,7.5,0,3,2019,2158,71.88,9.58,2,12005,3,3,4
2042,6467,1390,1.11344E+12,30.469,575.251,6042790.751,2133642.383,64.3,8.5,3,7.5,0,3,2019,2158,72.13,9.62,2,12005,3,3,4
2042,6468,1390,1.11344E+12,30.47,576.001,6042790.659,2133643.127,64.3,8.5,3,7.5,0,3,2019,2158,72.38,9.65,2,12005,3,3,4
2042,6469,1390,1.11344E+12,30.471,576.751,6042790.566,2133643.871,64.3,8.5,3,7.5,0,3,2019,2158,72.63,9.68,2,12005,3,3,4
2042,6470,1390,1.11344E+12,30.473,577.501,6042790.474,2133644.616,64.3,8.5,3,7.5,0,3,2019,2158,72.88,9.72,2,12005,3,3,4
2042,6471,1390,1.11344E+12,30.475,578.251,6042790.382,2133645.36,64.3,8.5,3,7.5,0,3,2019,2158,73.12,9.75,2,12005,3,3,4
2042,6472,1390,1.11344E+12,30.476,579.001,6042790.29,2133646.104,64.3,8.5,3,7.5,0,3,2019,2158,73.36,9.78,2,12005,3,3,4
2042,6473,1390,1.11344E+12,30.478,579.751,6042790.198,2133646.849,64.3,8.5,3,7.5,0,3,2019,2158,73.6,9.81,2,12005,3,3,4
2042,6474,1390,1.11344E+12,30.48,580.501,6042790.106,2133647.593,64.3,8.5,3,7.5,0,3,2019,2158,73.88,9.85,2,12005,3,3,4
2042,6475,1390,1.11344E+12,30.48,581.251,6042790.013,2133648.337,64.3,8.5,3,7.5,0,3,2019,2158,74.26,9.9,2,12005,3,3,4
2042,6476,1390,1.11344E+12,30.482,582.001,6042789.921,2133649.082,64.3,8.5,3,7.5,0,3,2019,2158,74.74,9.97,2,12005,3,3,4
2042,6477,1390,1.11344E+12,30.484,582.751,6042789.829,2133649.826,64.3,8.5,3,7.5,0,3,2019,2158,75.26,10.03,2,12005,3,3,4
2042,6478,1390,1.11344E+12,30.486,583.501,6042789.737,2133650.57,64.3,8.5,3,7.5,0,3,2019,2158,75.74,10.1,2,12005,3,3,4
2042,6479,1390,1.11344E+12,30.487,584.251,6042789.645,2133651.315,64.3,8.5,3,7.51,0.11,3,2019,2158,76.1,10.13,2,12005,3,3,4
2042,6480,1390,1.11344E+12,30.489,585.001,6042789.553,2133652.059,64.3,8.5,3,7.52,0.21,3,2019,2158,76.36,10.15,2,12005,3,3,4
2042,6481,1390,1.11344E+12,30.49,585.755,6042789.46,2133652.803,64.3,8.5,3,7.53,0.1,3,2019,2158,76.63,10.18,2,12005,3,3,4
2042,6482,1390,1.11344E+12,30.491,586.51,6042789.368,2133653.548,64.3,8.5,3,7.53,-0.11,3,2019,2158,77.04,10.23,2,12005,3,3,4
2042,6483,1390,1.11344E+12,30.493,587.264,6042789.276,2133654.292,64.3,8.5,3,7.52,-0.22,3,2019,2158,77.6,10.32,2,12005,3,3,4
2042,6484,1390,1.11344E+12,30.494,588.015,6042789.184,2133655.036,64.3,8.5,3,7.51,-0.11,3,2019,2158,78.25,10.42,2,12005,3,3,4
2042,6485,1390,1.11344E+12,30.495,588.764,6042789.092,2133655.78,64.3,8.5,3,7.5,0,3,2019,2158,78.89,10.52,2,12005,3,3,4
2042,6486,1390,1.11344E+12,30.497,589.514,6042789,2133656.525,64.3,8.5,3,7.5,0,3,2019,2158,79.48,10.6,2,12005,3,3,4
2042,6487,1390,1.11344E+12,30.497,590.264,6042788.907,2133657.269,64.3,8.5,3,7.5,0,3,2019,2158,80.1,10.68,2,12005,3,3,4
2042,6488,1390,1.11344E+12,30.499,591.014,6042788.815,2133658.013,64.3,8.5,3,7.5,0,3,2019,2158,80.81,10.78,2,12005,3,3,4
2042,6489,1390,1.11344E+12,30.5,591.764,6042788.723,2133658.758,64.3,8.5,3,7.5,0,3,2019,2158,81.58,10.88,2,12005,3,3,4
2042,6490,1390,1.11344E+12,30.502,592.514,6042788.631,2133659.502,64.3,8.5,3,7.5,0,3,2019,2158,82.29,10.97,2,12005,3,3,4
2042,6491,1390,1.11344E+12,30.503,593.264,6042788.539,2133660.246,64.3,8.5,3,7.5,0,3,2019,2158,82.93,11.06,2,12005,3,3,4
2042,6492,1390,1.11344E+12,30.504,594.014,6042788.447,2133660.991,64.3,8.5,3,7.5,-0.03,3,2019,2158,83.51,11.13,2,12005,3,3,4
2042,6493,1390,1.11344E+12,30.505,594.764,6042788.354,2133661.735,64.3,8.5,3,7.5,-0.04,3,2019,2158,84.07,11.21,2,12005,3,3,4
2042,6494,1390,1.11344E+12,30.506,595.513,6042788.262,2133662.479,64.3,8.5,3,7.5,0.08,3,2019,2158,84.64,11.29,2,12005,3,3,4
2042,6495,1390,1.11344E+12,30.507,596.261,6042788.17,2133663.221,64.3,8.5,3,7.53,0.43,3,2019,2158,85.22,11.32,2,12005,3,3,4
2042,6496,1390,1.11344E+12,30.509,597.012,6042788.078,2133663.966,64.3,8.5,3,7.59,0.89,3,2019,2158,85.85,11.31,2,12005,3,3,4
2042,6497,1390,1.11344E+12,30.513,597.775,6042787.988,2133664.721,64.3,8.5,3,7.69,1.1,3,2019,2158,86.54,11.25,2,12005,3,3,4
2042,6498,1390,1.11344E+12,30.523,598.55,6042787.901,2133665.493,64.3,8.5,3,7.78,0.88,3,2019,2158,87.27,11.22,2,12005,3,3,4
2042,6499,1390,1.11344E+12,30.537,599.336,6042787.817,2133666.276,64.3,8.5,3,7.85,0.43,3,2019,2158,88,11.21,2,12005,3,3,4
2042,6500,1390,1.11344E+12,30.552,600.125,6042787.733,2133667.061,64.3,8.5,3,7.88,0.08,3,2019,2158,88.71,11.26,2,12005,3,3,4
2042,6501,1390,1.11344E+12,30.565,600.914,6042787.648,2133667.845,64.3,8.5,3,7.88,-0.03,3,2019,2158,89.42,11.35,2,12005,3,3,4
2042,6502,1390,1.11344E+12,30.579,601.702,6042787.564,2133668.628,64.3,8.5,3,7.88,-0.03,3,2019,2158,90.13,11.44,2,12005,3,3,4
2042,6503,1390,1.11344E+12,30.592,602.489,6042787.479,2133669.411,64.3,8.5,3,7.88,0,3,2019,2158,90.85,11.53,2,12005,3,3,4
2042,6504,1390,1.11344E+12,30.607,603.277,6042787.395,2133670.194,64.3,8.5,3,7.87,0,3,2019,2158,91.56,11.63,2,12005,3,3,4
2042,6505,1390,1.11344E+12,30.621,604.064,6042787.311,2133670.977,64.3,8.5,3,7.87,0,3,2019,2158,92.27,11.72,2,12005,3,3,4
2042,6506,1390,1.11344E+12,30.634,604.852,6042787.226,2133671.76,64.3,8.5,3,7.87,0,3,2019,2158,92.98,11.81,2,12005,3,3,4
2042,6507,1390,1.11344E+12,30.648,605.639,6042787.142,2133672.543,64.3,8.5,3,7.87,0,3,2019,2158,93.7,11.91,2,12005,3,3,4
2042,6508,1390,1.11344E+12,30.662,606.426,6042787.058,2133673.326,64.3,8.5,3,7.87,0,3,2019,2158,94.41,12,2,12005,3,3,4
2042,6509,1390,1.11344E+12,30.675,607.214,6042786.973,2133674.109,64.3,8.5,3,7.87,0,3,2019,2158,95.12,12.09,2,12005,3,3,4
2042,6510,1390,1.11344E+12,30.69,608.001,6042786.889,2133674.892,64.3,8.5,3,7.87,0,3,2019,2158,95.83,12.18,2,12005,3,3,4
2042,6511,1390,1.11344E+12,30.703,608.789,6042786.804,2133675.675,64.3,8.5,3,7.87,0,3,2019,2158,96.55,12.27,2,12005,3,3,4
2042,6512,1390,1.11344E+12,30.717,609.576,6042786.72,2133676.458,64.3,8.5,3,7.87,0,3,2019,2158,97.26,12.36,2,12005,3,3,4
2042,6513,1390,1.11344E+12,30.731,610.363,6042786.636,2133677.241,64.3,8.5,3,7.87,0,3,2019,2158,97.97,12.45,2,12005,3,3,4
2042,6514,1390,1.11344E+12,30.744,611.151,6042786.551,2133678.024,64.3,8.5,3,7.88,0.02,3,2019,2158,98.68,12.52,2,12005,3,3,4
2042,6515,1390,1.11344E+12,30.758,611.939,6042786.467,2133678.807,64.3,8.5,3,7.88,0,3,2019,2158,99.4,12.61,2,12005,3,3,4
2042,6516,1390,1.11344E+12,30.773,612.726,6042786.383,2133679.591,64.3,8.5,3,7.88,0,3,2019,2158,100.11,12.7,2,12005,3,3,4
2042,6517,1390,1.11344E+12,30.786,613.514,6042786.298,2133680.374,64.3,8.5,3,7.88,0,3,2019,2158,100.82,12.79,2,12005,3,3,4
2042,6518,1390,1.11344E+12,30.8,614.3,6042786.214,2133681.157,64.3,8.5,3,7.89,0.24,3,2019,2158,101.54,12.87,2,12005,3,3,4
2042,6519,1390,1.11344E+12,30.813,615.089,6042786.129,2133681.94,64.3,8.5,3,7.93,0.47,3,2019,2158,102.25,12.89,2,12005,3,3,4
2042,6520,1390,1.11344E+12,30.827,615.885,6042786.045,2133682.723,64.3,8.5,3,7.95,0.23,3,2019,2158,102.95,12.95,2,12005,3,3,4
2042,6521,1390,1.11344E+12,30.842,616.684,6042785.961,2133683.506,64.3,8.5,3,7.95,-0.23,3,2019,2158,103.65,13.04,2,12005,3,3,4
2042,6522,1390,1.11344E+12,30.854,617.48,6042785.876,2133684.289,64.3,8.5,3,7.93,-0.47,3,2019,2158,104.36,13.16,2,12005,3,3,4
2042,6523,1390,1.11344E+12,30.867,618.269,6042785.792,2133685.072,64.3,8.5,3,7.89,-0.25,3,2019,2158,105.07,13.32,2,12005,3,3,4
2042,6524,1390,1.11344E+12,30.881,619.054,6042785.708,2133685.855,64.3,8.5,3,7.87,0,3,2019,2158,105.78,13.44,2,12005,3,3,4
2042,6525,1390,1.11344E+12,30.893,619.842,6042785.623,2133686.638,64.3,8.5,3,7.87,0,3,2019,2158,106.49,13.53,2,12005,3,3,4
2042,6526,1390,1.11344E+12,30.907,620.629,6042785.539,2133687.421,64.3,8.5,3,7.87,0,3,2019,2158,107.21,13.62,2,12005,3,3,4
2042,6527,1390,1.11344E+12,30.919,621.417,6042785.454,2133688.204,64.3,8.5,3,7.87,0,3,2019,2158,107.92,13.71,2,12005,3,3,4
2042,6528,1390,1.11344E+12,30.933,622.204,6042785.37,2133688.987,64.3,8.5,3,7.87,0,3,2019,2158,108.62,13.8,2,12005,3,3,4
2042,6529,1390,1.11344E+12,30.946,622.991,6042785.286,2133689.77,64.3,8.5,3,7.88,0.02,3,2019,2158,109.28,13.87,2,12005,3,3,4
2042,6530,1390,1.11344E+12,30.959,623.779,6042785.201,2133690.553,64.3,8.5,3,7.88,0,3,2019,2158,109.96,13.95,2,12005,3,3,4
2042,6531,1390,1.11344E+12,30.972,624.567,6042785.117,2133691.337,64.3,8.5,3,7.88,0,3,2019,2158,110.76,14.06,2,12005,3,3,4
2042,6532,1390,1.11344E+12,30.985,625.358,6042785.033,2133692.12,64.3,8.5,3,7.85,-0.43,3,2019,2158,111.69,14.23,2,12005,3,3,4
2042,6533,1390,1.11344E+12,30.998,626.137,6042784.948,2133692.903,64.3,8.5,3,7.84,0.08,3,2019,2158,112.74,14.38,2,12005,3,3,4
2042,6541,1390,1.11344E+12,31.105,635.686,6042783.874,2133702.393,64.3,8.5,3,16.03,0.08,3,2019,2158,118,7.36,2,12005,3,3,4
2042,6542,1390,1.11344E+12,31.119,637.295,6042783.69,2133703.982,64.3,8.5,3,16.03,-0.41,3,2019,2158,118.23,7.38,2,12005,3,3,4
2042,6543,1390,1.11344E+12,31.132,638.892,6042783.505,2133705.571,64.3,8.5,3,16,0,3,2019,2158,118.49,7.41,2,12005,3,3,4
2042,6544,1390,1.11344E+12,31.146,640.492,6042783.321,2133707.161,64.3,8.5,3,16,0,3,2019,2158,118.73,7.42,2,12005,3,3,4
2042,6545,1390,1.11344E+12,31.16,642.092,6042783.137,2133708.75,64.3,8.5,3,16,0,3,2019,2158,118.96,7.43,2,12005,3,3,4
2042,6546,1390,1.11344E+12,31.174,643.692,6042782.953,2133710.34,64.3,8.5,3,16,0,3,2019,2158,119.19,7.45,2,12005,3,3,4
2042,6547,1390,1.11344E+12,31.188,645.292,6042782.769,2133711.929,64.3,8.5,3,16,0,3,2019,2158,119.45,7.47,2,12005,3,3,4
2042,6548,1390,1.11344E+12,31.2,646.892,6042782.584,2133713.518,64.3,8.5,3,16,0,3,2019,2158,119.78,7.49,2,12005,3,3,4
2042,6549,1390,1.11344E+12,31.214,648.491,6042782.4,2133715.108,64.3,8.5,3,16,0,3,2019,2158,120.16,7.51,2,12005,3,3,4
2042,6550,1390,1.11344E+12,31.228,650.092,6042782.216,2133716.697,64.3,8.5,3,16,0,3,2019,2158,120.57,7.54,2,12005,3,3,4
2042,6551,1390,1.11344E+12,31.242,651.692,6042782.032,2133718.287,64.3,8.5,3,16,0,3,2019,2158,120.98,7.56,2,12005,3,3,4
2042,6552,1390,1.11344E+12,31.255,653.292,6042781.847,2133719.876,64.3,8.5,3,16,0,3,2019,2158,121.38,7.59,2,12005,3,3,4
2042,6553,1390,1.11344E+12,31.269,654.892,6042781.663,2133721.465,64.3,8.5,3,16,0,3,2019,2158,121.78,7.61,2,12005,3,3,4
2042,6554,1390,1.11344E+12,31.283,656.491,6042781.479,2133723.055,64.3,8.5,3,16,0,3,2019,2158,122.18,7.64,2,12005,3,3,4
2042,6555,1390,1.11344E+12,31.297,658.092,6042781.295,2133724.644,64.3,8.5,3,16,-0.05,3,2019,2158,122.58,7.66,2,12005,3,3,4
2042,6556,1390,1.11344E+12,31.311,659.694,6042781.111,2133726.234,64.3,8.5,3,15.97,-0.47,3,2019,2158,122.98,7.7,2,12005,3,3,4
2042,6557,1390,1.11344E+12,31.324,661.29,6042780.926,2133727.823,64.3,8.5,3,15.91,-0.74,3,2019,2158,123.39,7.76,2,12005,3,3,4
2042,6558,1390,1.11344E+12,31.337,662.875,6042780.742,2133729.413,64.3,8.5,3,15.87,-0.28,3,2019,2158,123.8,7.8,2,12005,3,3,4
2042,6559,1390,1.11344E+12,31.354,664.456,6042780.558,2133731.002,64.3,8.5,3,15.88,0.44,3,2019,2158,124.19,7.82,2,12005,3,3,4
2042,6560,1390,1.11344E+12,31.37,666.043,6042780.374,2133732.591,64.3,8.5,3,15.92,0.74,3,2019,2158,124.57,7.82,2,12005,3,3,4
2042,6561,1390,1.11344E+12,31.385,667.641,6042780.189,2133734.181,64.3,8.5,3,15.98,0.36,3,2019,2158,124.95,7.82,2,12005,3,3,4
2042,6562,1390,1.11344E+12,31.402,669.244,6042780.005,2133735.77,64.3,8.5,3,16,0,3,2019,2158,125.34,7.83,2,12005,3,3,4
2042,6563,1390,1.11344E+12,31.418,670.844,6042779.821,2133737.36,64.3,8.5,3,16,0,3,2019,2158,125.75,7.86,2,12005,3,3,4
2042,6564,1390,1.11344E+12,31.434,672.444,6042779.637,2133738.949,64.3,8.5,3,16,0,3,2019,2158,126.15,7.88,2,12005,3,3,4
2042,6565,1390,1.11344E+12,31.451,674.044,6042779.453,2133740.538,64.3,8.5,3,16,0,3,2019,2158,126.55,7.91,2,12005,3,3,4
2042,6566,1390,1.11344E+12,31.466,675.643,6042779.268,2133742.128,64.3,8.5,3,16,0,3,2019,2158,126.95,7.93,2,12005,3,3,4
2042,6567,1390,1.11344E+12,31.482,677.244,6042779.084,2133743.717,64.3,8.5,3,16,0,3,2019,2158,127.35,7.96,2,12005,3,3,4
2042,6568,1390,1.11344E+12,31.499,678.843,6042778.9,2133745.307,64.3,8.5,3,16,0,3,2019,2066,127.75,7.98,2,12005,3,3,4
2042,6569,1390,1.11344E+12,31.515,680.443,6042778.716,2133746.896,64.3,8.5,3,16,0,3,2019,2066,128.15,8.01,2,12005,3,3,4
2042,6570,1390,1.11344E+12,31.53,682.043,6042778.531,2133748.485,64.3,8.5,3,16,0,3,2019,2066,128.55,8.03,2,12005,3,3,4
2042,6571,1390,1.11344E+12,31.547,683.643,6042778.347,2133750.075,64.3,8.5,3,16,0,3,2019,2066,128.95,8.06,2,12005,3,3,4
2042,6572,1390,1.11344E+12,31.563,685.245,6042778.163,2133751.664,64.3,8.5,3,15.99,-0.23,3,2019,2066,129.35,8.09,2,12005,3,3,4
2042,6573,1390,1.11344E+12,31.579,686.844,6042777.979,2133753.254,64.3,8.5,3,15.95,-0.42,3,2019,2066,129.75,8.13,2,12005,3,3,4
2042,6574,1390,1.11344E+12,31.596,688.427,6042777.795,2133754.843,64.3,8.5,3,16.01,1.14,3,2019,2066,130.16,8.13,2,12005,3,3,4
2042,6580,1390,1.11344E+12,31.526,699.304,6042776.365,2133765.626,64.3,8.5,3,20.25,1.17,3,2019,2066,131.29,6.48,2,12005,3,3,4
2042,6581,1390,1.11344E+12,31.488,701.347,6042776.073,2133767.632,64.3,8.5,3,20.31,-0.41,3,2019,2066,131.25,6.46,2,12005,3,3,4
2042,6582,1390,1.11344E+12,31.448,703.375,6042775.78,2133769.637,64.3,8.5,3,20.27,-0.24,3,2019,2066,131.22,6.47,2,12005,3,3,4
2042,6583,1390,1.11344E+12,31.409,705.399,6042775.488,2133771.642,64.3,8.5,3,20.26,-0.02,3,2019,2066,131.2,6.48,2,12005,3,3,4
2042,6584,1390,1.11344E+12,31.37,707.425,6042775.196,2133773.647,64.3,8.5,3,20.26,0,3,2019,2066,131.15,6.47,2,12005,3,3,4
2042,6585,1390,1.11344E+12,31.33,709.45,6042774.903,2133775.652,64.3,8.5,3,20.26,0,3,2019,2066,131.07,6.47,2,12005,3,3,4
2042,6586,1390,1.11344E+12,31.292,711.476,6042774.611,2133777.657,64.3,8.5,3,20.26,0,3,2019,2066,131.04,6.47,2,12005,3,3,4
2042,6587,1390,1.11344E+12,31.253,713.502,6042774.319,2133779.662,64.3,8.5,3,20.26,0,3,2019,2066,131.1,6.47,2,12005,3,3,4
2042,6588,1390,1.11344E+12,31.213,715.528,6042774.026,2133781.667,64.3,8.5,3,20.26,0,3,2019,2066,131.23,6.48,2,12005,3,3,4
2042,6589,1390,1.11344E+12,31.174,717.554,6042773.734,2133783.672,64.3,8.5,3,20.26,0,3,2019,2066,131.34,6.48,2,12005,3,3,4
2042,6590,1390,1.11344E+12,31.135,719.58,6042773.442,2133785.677,64.3,8.5,3,20.26,0,3,2019,2066,131.39,6.49,2,12005,3,3,4
2042,6591,1390,1.11344E+12,31.095,721.605,6042773.149,2133787.682,64.3,8.5,3,20.26,0,3,2019,2066,131.47,6.49,2,12005,3,3,4
2042,6592,1390,1.11344E+12,31.057,723.631,6042772.857,2133789.687,64.3,8.5,3,20.26,0,3,2019,2066,131.65,6.5,2,12005,3,3,4
2042,6593,1390,1.11344E+12,31.018,725.657,6042772.565,2133791.692,64.3,8.5,3,20.26,0,3,2019,2066,131.92,6.51,2,12005,3,3,4
2042,6594,1390,1.11344E+12,30.978,727.691,6042772.272,2133793.697,64.3,8.5,3,20.19,-1.2,3,2019,2066,132.25,6.55,2,12005,3,3,4
2042,6595,1390,1.11344E+12,30.939,729.709,6042771.98,2133795.702,64.3,8.5,3,20.01,-2.24,3,2019,2066,132.59,6.63,2,12005,3,3,4
2042,6596,1390,1.11344E+12,30.901,731.693,6042771.688,2133797.708,64.3,8.5,3,19.89,-1.08,3,2019,2066,132.9,6.68,2,12005,3,3,4
2042,6597,1390,1.11344E+12,30.866,733.665,6042771.395,2133799.713,64.3,8.5,3,19.89,1.07,3,2019,2066,133.14,6.69,2,12005,3,3,4
2042,6598,1390,1.11344E+12,30.837,735.648,6042771.103,2133801.718,64.3,8.5,3,20.01,2.24,3,2019,2066,133.26,6.66,2,12005,3,3,4
2042,6599,1390,1.11344E+12,30.807,737.666,6042770.811,2133803.723,64.3,8.5,3,20.18,1.2,3,2019,2066,133.31,6.61,2,12005,3,3,4
2042,6600,1390,1.11344E+12,30.776,739.7,6042770.518,2133805.728,64.3,8.5,3,20.26,0,3,2019,2066,133.39,6.58,2,12005,3,3,4
2042,6601,1390,1.11344E+12,30.747,741.726,6042770.226,2133807.733,64.3,8.5,3,20.26,0,3,2019,2066,133.58,6.59,2,12005,3,3,4
2042,6602,1390,1.11344E+12,30.717,743.752,6042769.934,2133809.738,64.3,8.5,3,20.26,0.05,3,2019,2066,133.81,6.6,2,12005,3,3,4
2042,6603,1390,1.11344E+12,30.686,745.778,6042769.641,2133811.743,64.3,8.5,3,20.27,0.06,3,2019,2066,134.01,6.61,2,12005,3,3,4
2042,6604,1390,1.11344E+12,30.656,747.807,6042769.349,2133813.748,64.3,8.5,3,20.25,-0.24,3,2019,2066,134.13,6.62,2,12005,3,3,4
2042,6605,1390,1.11344E+12,30.643,749.834,6042769.072,2133815.76,64.3,8.5,3,20.2,-0.75,3,2019,2066,134.19,6.64,2,12005,3,3,4
2042,6606,1390,1.11344E+12,30.592,751.852,6042768.76,2133817.758,64.3,8.5,3,20.12,-0.97,3,2019,2066,134.22,6.67,2,12005,3,3,4
2042,6607,1390,1.11344E+12,30.48,753.856,6042768.39,2133819.728,64.3,8.5,3,20.06,-0.46,3,2019,2066,134.29,6.69,2,12005,3,3,4
2042,6608,1390,1.11344E+12,30.339,755.854,6042767.991,2133821.687,64.3,8.5,3,20.06,0.48,3,2019,2066,134.41,6.7,2,12005,3,3,4
2042,6609,1390,1.11344E+12,30.227,757.858,6042767.621,2133823.657,64.3,8.5,3,20.12,0.97,3,2019,2066,134.6,6.69,2,12005,3,3,4
2042,6610,1390,1.11344E+12,30.177,759.877,6042767.309,2133825.656,64.3,8.5,3,20.2,0.74,3,2019,2066,134.78,6.67,2,12005,3,3,4
2042,6611,1390,1.11344E+12,30.164,761.904,6042767.033,2133827.668,64.3,8.5,3,20.25,0.23,3,2019,2066,134.95,6.66,2,12005,3,3,4
2042,6612,1390,1.11344E+12,30.133,763.933,6042766.74,2133829.673,64.3,8.5,3,20.27,-0.05,3,2019,2066,135.11,6.67,2,12005,3,3,4
2042,6613,1390,1.11344E+12,30.103,765.959,6042766.448,2133831.678,64.3,8.5,3,20.26,-0.04,3,2019,2066,135.27,6.68,2,12005,3,3,4
2042,6614,1390,1.11344E+12,30.074,767.985,6042766.156,2133833.683,64.3,8.5,3,20.26,0,3,2019,2066,135.44,6.68,2,12005,3,3,4
2042,6615,1390,1.11344E+12,30.043,770.011,6042765.863,2133835.688,64.3,8.5,3,20.26,0,3,2019,2066,135.6,6.69,2,12005,3,3,4
2042,6616,1390,1.11344E+12,30.013,772.037,6042765.571,2133837.693,64.3,8.5,3,20.26,0,3,2019,2066,135.77,6.7,2,12005,3,3,4
2042,6617,1390,1.11344E+12,29.984,774.063,6042765.279,2133839.698,64.3,8.5,3,20.26,0,3,2019,2066,135.94,6.71,2,12005,3,3,4
2042,6618,1390,1.11344E+12,29.953,776.089,6042764.986,2133841.703,64.3,8.5,3,20.26,0,3,2019,2066,136.11,6.72,2,12005,3,3,4
2042,6619,1390,1.11344E+12,29.923,778.115,6042764.694,2133843.708,64.3,8.5,3,20.26,0,3,2019,2066,136.27,6.73,2,12005,3,3,4
2042,6620,1390,1.11344E+12,29.894,780.141,6042764.402,2133845.713,64.3,8.5,3,20.26,0,3,2019,2066,136.38,6.73,2,12005,3,3,4
2042,6621,1390,1.11344E+12,29.863,782.167,6042764.109,2133847.718,64.3,8.5,3,20.26,0,3,2019,2066,136.42,6.73,2,12005,3,3,4
2042,6622,1390,1.11344E+12,29.833,784.199,6042763.817,2133849.723,64.3,8.5,3,20.21,-0.9,3,2019,2066,136.41,6.75,2,12005,3,3,4
2042,6623,1390,1.11344E+12,29.803,786.22,6042763.525,2133851.728,64.3,8.5,3,20.08,-1.7,3,2019,2066,136.38,6.79,2,12005,3,3,4
2042,6624,1390,1.11344E+12,29.773,788.211,6042763.232,2133853.734,64.3,8.5,3,20.01,-0.37,3,2019,2066,136.38,6.82,2,12005,3,3,4
2042,6625,1390,1.11344E+12,29.75,790.191,6042762.943,2133855.729,64.3,8.5,3,20.14,2.72,3,2019,2066,136.4,6.77,2,12005,3,3,4
2042,6629,1390,1.11344E+12,29.607,798.615,6042761.68,2133864.087,64.3,8.5,3,21.87,2,3,2019,2066,135.98,6.22,2,12005,3,3,4
2042,6630,1390,1.11344E+12,29.558,800.824,6042761.338,2133866.272,64.3,8.5,3,22,0.37,3,2019,2066,135.77,6.17,2,12005,3,3,4
2042,6631,1390,1.11344E+12,29.511,803.03,6042760.999,2133868.446,64.3,8.5,3,22.02,-0.18,3,2019,2066,135.57,6.16,2,12005,3,3,4
2042,6632,1390,1.11344E+12,29.463,805.231,6042760.66,2133870.62,64.3,8.5,3,22.01,-0.1,3,2019,2066,135.36,6.15,2,12005,3,3,4
2042,6633,1390,1.11344E+12,29.415,807.43,6042760.32,2133872.794,64.3,8.5,3,22,0,3,2019,2066,135.13,6.14,2,12005,3,3,4
2042,6634,1390,1.11344E+12,29.368,809.63,6042759.981,2133874.969,64.3,8.5,3,22,0,3,2019,2066,134.89,6.13,2,12005,3,3,4
2042,6635,1390,1.11344E+12,29.32,811.83,6042759.642,2133877.143,64.3,8.5,3,22,0,3,2019,2066,134.65,6.12,2,12005,3,3,4
2042,6636,1390,1.11344E+12,29.273,814.03,6042759.303,2133879.317,64.3,8.5,3,22,0,3,2019,2066,134.44,6.11,2,12005,3,3,4
2042,6637,1390,1.11344E+12,29.225,816.23,6042758.964,2133881.491,64.3,8.5,3,22,0,3,2019,2066,134.24,6.1,2,12005,3,3,4
2042,6638,1390,1.11344E+12,29.178,818.43,6042758.625,2133883.666,64.3,8.5,3,22,0,3,2019,2066,134.05,6.09,2,12005,3,3,4
2042,6639,1390,1.11344E+12,29.129,820.63,6042758.285,2133885.84,64.3,8.5,3,22,0,3,2019,2066,133.85,6.08,2,12005,3,3,4
2042,6640,1390,1.11344E+12,29.082,822.83,6042757.946,2133888.014,64.3,8.5,3,22,0,3,2019,2066,133.65,6.08,2,12005,3,3,4
2042,6641,1390,1.11344E+12,29.035,825.03,6042757.607,2133890.189,64.3,8.5,3,22,0,3,2019,2066,133.45,6.07,2,12005,3,3,4
2042,6642,1390,1.11344E+12,28.987,827.23,6042757.268,2133892.363,64.3,8.5,3,22,0,3,2019,2066,133.25,6.06,2,12005,3,3,4
2042,6643,1390,1.11344E+12,28.94,829.43,6042756.929,2133894.537,64.3,8.5,3,22,0.02,3,2019,2066,133.05,6.05,2,12005,3,3,4
2042,6644,1390,1.11344E+12,28.892,831.63,6042756.59,2133896.711,64.3,8.5,3,22,0,3,2019,2066,132.85,6.04,2,12005,3,3,4
2042,6645,1390,1.11344E+12,28.844,833.831,6042756.25,2133898.886,64.3,8.5,3,22,-0.02,3,2019,2066,132.65,6.03,2,12005,3,3,4
2042,6646,1390,1.11344E+12,28.797,836.041,6042755.911,2133901.06,64.3,8.5,3,21.91,-1.49,3,2019,2066,132.44,6.04,2,12005,3,3,4
2042,6647,1390,1.11344E+12,28.749,838.231,6042755.572,2133903.234,64.3,8.5,3,21.7,-2.75,3,2019,2066,132.25,6.09,2,12005,3,3,4
2042,6648,1390,1.11344E+12,28.702,840.379,6042755.233,2133905.408,64.3,8.5,3,21.55,-1.3,3,2019,2066,132.1,6.13,2,12005,3,3,4
2042,6649,1390,1.11344E+12,28.662,842.512,6042754.894,2133907.583,64.3,8.5,3,21.55,1.34,3,2019,2066,131.97,6.12,2,12005,3,3,4
2042,6650,1390,1.11344E+12,28.628,844.661,6042754.555,2133909.757,64.3,8.5,3,21.7,2.76,3,2019,2066,131.82,6.07,2,12005,3,3,4
2042,6651,1390,1.11344E+12,28.592,846.851,6042754.215,2133911.931,64.3,8.5,3,21.91,1.48,3,2019,2066,131.63,6.01,2,12005,3,3,4
2042,6652,1390,1.11344E+12,28.558,849.061,6042753.876,2133914.106,64.3,8.5,3,22.01,0.11,3,2019,2066,131.42,5.97,2,12005,3,3,4
2042,6653,1390,1.11344E+12,28.524,851.262,6042753.537,2133916.28,64.3,8.5,3,22.03,0.22,3,2019,2066,131.22,5.96,2,12005,3,3,4
2042,6654,1390,1.11344E+12,28.489,853.47,6042753.198,2133918.454,64.3,8.5,3,22,-0.47,3,2019,2066,131.01,5.96,2,12005,3,3,4
2042,6655,1390,1.11344E+12,28.453,855.682,6042752.855,2133920.641,64.3,8.5,3,21.83,-2.6,3,2019,2066,130.8,5.99,2,12005,3,3,4
2042,6659,1390,1.11344E+12,28.382,864.025,6042751.629,2133928.894,64.3,8.5,3,19.88,-2.61,3,2019,2066,130.46,6.56,2,12005,3,3,4
2042,6660,1390,1.11344E+12,28.384,865.985,6042751.359,2133930.833,64.3,8.5,3,19.71,-0.48,3,2019,2066,130.5,6.62,2,12005,3,3,4
2042,6661,1390,1.11344E+12,28.383,867.948,6042751.085,2133932.785,64.3,8.5,3,19.69,0.21,3,2019,2066,130.53,6.63,2,12005,3,3,4
2042,6662,1390,1.11344E+12,28.382,869.918,6042750.811,2133934.737,64.3,8.5,3,19.7,0.1,3,2019,2066,130.56,6.63,2,12005,3,3,4
2042,6663,1390,1.11344E+12,28.382,871.89,6042750.538,2133936.689,64.3,8.5,3,19.71,0,3,2019,2066,130.59,6.63,2,12005,3,3,4
2042,6664,1390,1.11344E+12,28.381,873.86,6042750.264,2133938.64,64.3,8.5,3,19.71,0,3,2019,2066,130.62,6.63,2,12005,3,3,4
2042,6665,1390,1.11344E+12,28.38,875.831,6042749.99,2133940.592,64.3,8.5,3,19.71,0.03,3,2019,2066,130.65,6.63,2,12005,3,3,4
2042,6666,1390,1.11344E+12,28.38,877.802,6042749.716,2133942.544,64.3,8.5,3,19.71,0,3,2019,2066,130.68,6.63,2,12005,3,3,4
2042,6667,1390,1.11344E+12,28.379,879.774,6042749.442,2133944.496,64.3,8.5,3,19.71,0,3,2019,2066,130.71,6.63,2,12005,3,3,4
2042,6668,1390,1.11344E+12,28.379,881.76,6042749.169,2133946.448,64.3,8.5,3,19.57,-2.24,3,2019,2066,130.72,6.68,2,12005,3,3,4
2042,6670,1390,1.11344E+12,28.377,885.61,6042748.621,2133950.352,64.3,8.5,3,19.03,-2,3,2019,2066,130.87,6.88,2,12005,3,3,4
2042,6671,1390,1.11344E+12,28.381,887.479,6042748.347,2133952.304,64.3,8.5,3,19.03,2,3,2019,2066,130.96,6.88,2,12005,3,3,4
2042,6673,1390,1.11344E+12,28.416,891.329,6042747.8,2133956.208,64.3,8.5,3,19.57,2.22,3,2019,2066,131.03,6.7,2,12005,3,3,4
2042,6674,1390,1.11344E+12,28.433,893.315,6042747.526,2133958.16,64.3,8.5,3,19.71,0,3,2019,2066,131.03,6.65,2,12005,3,3,4
2042,6675,1390,1.11344E+12,28.45,895.286,6042747.252,2133960.112,64.3,8.5,3,19.71,0,3,2019,2066,131.07,6.65,2,12005,3,3,4
2042,6676,1390,1.11344E+12,28.467,897.256,6042746.978,2133962.064,64.3,8.5,3,19.71,0.08,3,2019,2066,131.1,6.65,2,12005,3,3,4
2042,6677,1390,1.11344E+12,28.484,899.228,6042746.704,2133964.016,64.3,8.5,3,19.72,0.13,3,2019,2066,131.15,6.65,2,12005,3,3,4
2042,6678,1390,1.11344E+12,28.501,901.205,6042746.431,2133965.968,64.3,8.5,3,19.7,-0.42,3,2019,2066,131.18,6.66,2,12005,3,3,4
2042,6679,1390,1.11344E+12,28.546,903.179,6042746.183,2133967.933,64.3,8.5,3,19.6,-1.45,3,2019,2066,131.17,6.69,2,12005,3,3,4
2042,6680,1390,1.11344E+12,28.491,905.136,6042745.838,2133969.872,64.3,8.5,3,19.45,-1.95,3,2019,2066,131.02,6.74,2,12005,3,3,4
2042,6681,1390,1.11344E+12,28.396,907.065,6042745.461,2133971.755,64.3,8.5,3,19.32,-0.96,3,2019,2066,130.78,6.77,2,12005,3,3,4
2042,6682,1390,1.11344E+12,28.208,908.98,6042744.993,2133973.619,64.3,8.5,3,19.32,0.96,3,2019,2066,130.41,6.75,2,12005,3,3,4
2042,6683,1390,1.11344E+12,28.114,910.909,6042744.617,2133975.502,64.3,8.5,3,19.45,1.95,3,2019,2066,129.97,6.68,2,12005,3,3,4
2042,6684,1390,1.11344E+12,28.059,912.866,6042744.272,2133977.442,64.3,8.5,3,19.6,1.45,3,2019,2066,129.49,6.61,2,12005,3,3,4
2042,6685,1390,1.11344E+12,28.104,914.84,6042744.025,2133979.407,64.3,8.5,3,19.7,0.43,3,2019,2066,129.01,6.55,2,12005,3,3,4
2042,6686,1390,1.11344E+12,28.121,916.817,6042743.751,2133981.359,64.3,8.5,3,19.73,-0.11,3,2019,2066,128.54,6.51,2,12005,3,3,4
2042,6687,1390,1.11344E+12,28.138,918.789,6042743.477,2133983.311,64.3,8.5,3,19.72,-0.08,3,2019,2066,128.07,6.49,2,12005,3,3,4
2042,6688,1390,1.11344E+12,28.155,920.76,6042743.203,2133985.263,64.3,8.5,3,19.71,0,3,2019,2066,127.59,6.47,2,12005,3,3,4
2042,6689,1390,1.11344E+12,28.172,922.731,6042742.929,2133987.215,64.3,8.5,3,19.71,0,3,2019,2066,127.12,6.45,2,12005,3,3,4
2042,6690,1390,1.11344E+12,28.19,924.702,6042742.656,2133989.167,64.3,8.5,3,19.71,0,3,2019,2066,126.65,6.43,2,12005,3,3,4
2042,6691,1390,1.11344E+12,28.207,926.673,6042742.382,2133991.119,64.3,8.5,3,19.71,0,3,2019,2066,126.18,6.4,2,12005,3,3,4
2042,6692,1390,1.11344E+12,28.224,928.642,6042742.108,2133993.071,64.3,8.5,3,19.73,0.24,3,2019,2066,125.71,6.37,2,12005,3,3,4
2042,6693,1390,1.11344E+12,28.241,930.616,6042741.834,2133995.023,64.3,8.5,3,19.75,0.31,3,2019,2066,125.23,6.34,2,12005,3,3,4
2042,6694,1390,1.11344E+12,28.258,932.601,6042741.56,2133996.975,64.3,8.5,3,19.69,-1.03,3,2019,2066,124.75,6.34,2,12005,3,3,4
2042,6702,1390,1.11344E+12,27.28,946.505,6042738.542,2134010.583,64.3,8.5,3,15.07,-1.55,3,2019,2066,123.72,8.21,2,12005,3,3,4
2042,6703,1390,1.11344E+12,27.281,947.992,6042738.322,2134012.066,64.3,8.5,3,14.97,0.08,3,2019,2066,123.86,8.27,2,12005,3,3,4
2042,6704,1390,1.11344E+12,27.284,949.488,6042738.103,2134013.55,64.3,8.5,3,14.99,0.26,3,2019,2066,123.99,8.27,2,12005,3,3,4
2042,6705,1390,1.11344E+12,27.285,950.99,6042737.883,2134015.034,64.3,8.5,3,15,0,3,2019,2066,124.12,8.27,2,12005,3,3,4
2042,6706,1390,1.11344E+12,27.286,952.49,6042737.663,2134016.518,64.3,8.5,3,15,-0.02,3,2019,2066,124.24,8.28,2,12005,3,3,4
2042,6707,1390,1.11344E+12,27.288,953.99,6042737.443,2134018.002,64.3,8.5,3,15,0,3,2019,2066,124.37,8.29,2,12005,3,3,4
2042,6708,1390,1.11344E+12,27.29,955.49,6042737.224,2134019.486,64.3,8.5,3,15,0,3,2019,2066,124.5,8.3,2,12005,3,3,4
2042,6709,1390,1.11344E+12,27.291,956.99,6042737.004,2134020.969,64.3,8.5,3,15,0,3,2019,2066,124.62,8.31,2,12005,3,3,4
2042,6710,1390,1.11344E+12,27.292,958.49,6042736.784,2134022.453,64.3,8.5,3,15,0,3,2019,2066,124.75,8.32,2,12005,3,3,4
2042,6711,1390,1.11344E+12,27.294,959.99,6042736.564,2134023.937,64.3,8.5,3,15,0,3,2019,2066,124.88,8.33,2,12005,3,3,4
2042,6712,1390,1.11344E+12,27.296,961.49,6042736.345,2134025.421,64.3,8.5,3,15,0,3,2019,2066,125,8.33,2,12005,3,3,4
2042,6713,1390,1.11344E+12,27.297,962.99,6042736.125,2134026.905,64.3,8.5,3,15,0,3,2019,2066,125.13,8.34,2,12005,3,3,4
2042,6714,1390,1.11344E+12,27.299,964.49,6042735.905,2134028.389,64.3,8.5,3,15,0,3,2019,2066,125.27,8.35,2,12005,3,3,4
2042,6715,1390,1.11344E+12,27.3,965.99,6042735.685,2134029.872,64.3,8.5,3,15,0,3,2019,2066,125.39,8.36,2,12005,3,3,4
2042,6716,1390,1.11344E+12,27.302,967.49,6042735.466,2134031.356,64.3,8.5,3,15,0,3,2019,2066,125.47,8.36,2,12005,3,3,4
2042,6717,1390,1.11344E+12,27.303,968.99,6042735.246,2134032.84,64.3,8.5,3,15,0,3,2019,2066,125.51,8.37,2,12005,3,3,4
2042,6718,1390,1.11344E+12,27.305,970.49,6042735.026,2134034.324,64.3,8.5,3,15,0,3,2019,2066,125.52,8.37,2,12005,3,3,4
2042,6719,1390,1.11344E+12,27.306,971.99,6042734.806,2134035.808,64.3,8.5,3,15,0,3,2019,2066,125.51,8.37,2,12005,3,3,4
2042,6720,1390,1.11344E+12,27.308,973.49,6042734.587,2134037.292,64.3,8.5,3,15,0,3,2019,2066,125.51,8.37,2,12005,3,3,4
2042,6721,1390,1.11344E+12,27.31,974.99,6042734.367,2134038.775,64.3,8.5,3,15,0,3,2019,2066,125.51,8.37,2,12005,3,3,4
2042,6722,1390,1.11344E+12,27.311,976.49,6042734.147,2134040.259,64.3,8.5,3,15,0,3,2019,2066,125.51,8.37,2,12005,3,3,4
2042,6723,1390,1.11344E+12,27.312,977.99,6042733.927,2134041.743,64.3,8.5,3,15,0,3,2019,2066,125.53,8.37,2,12005,3,3,4
2042,6724,1390,1.11344E+12,27.315,979.49,6042733.708,2134043.227,64.3,8.5,3,15,0,3,2019,2066,125.54,8.37,2,12005,3,3,4
2042,6725,1390,1.11344E+12,27.316,980.99,6042733.488,2134044.711,64.3,8.5,3,15,0,3,2019,2066,125.5,8.37,2,12005,3,3,4
2042,6726,1390,1.11344E+12,27.317,982.49,6042733.268,2134046.195,64.3,8.5,3,15,0,3,2019,2066,125.31,8.35,2,12005,3,3,4
2042,6727,1390,1.11344E+12,27.318,983.99,6042733.048,2134047.678,64.3,8.5,3,15,0,3,2019,2066,125,8.33,2,12005,3,3,4
2042,6728,1390,1.11344E+12,27.321,985.49,6042732.829,2134049.162,64.3,8.5,3,15,0,3,2019,2066,124.54,8.3,2,12005,3,3,4
2042,6729,1390,1.11344E+12,27.322,986.99,6042732.609,2134050.646,64.3,8.5,3,15,0,3,2019,2066,124.03,8.27,2,12005,3,3,4
2042,6730,1390,1.11344E+12,27.323,988.49,6042732.389,2134052.13,64.3,8.5,3,15,0,3,2019,2066,123.51,8.23,2,12005,3,3,4
2042,6731,1390,1.11344E+12,27.325,989.99,6042732.169,2134053.614,64.3,8.5,3,15,0,3,2019,2066,123.01,8.2,2,12005,3,3,4
2042,6732,1390,1.11344E+12,27.327,991.49,6042731.95,2134055.098,64.3,8.5,3,15,0,3,2019,2066,122.51,8.17,2,12005,3,3,4
2042,6733,1390,1.11344E+12,27.328,992.99,6042731.73,2134056.581,64.3,8.5,3,15,0,3,2019,2066,122.01,8.13,2,12005,3,3,4
2042,6734,1390,1.11344E+12,27.329,994.49,6042731.51,2134058.065,64.3,8.5,3,15,0,3,2019,2066,121.51,8.1,2,12005,3,3,4
2042,6735,1390,1.11344E+12,27.331,995.99,6042731.29,2134059.549,64.3,8.5,3,15,0,3,2019,2066,121.01,8.07,2,12005,3,3,4
2042,6736,1390,1.11344E+12,27.333,997.49,6042731.071,2134061.033,64.3,8.5,3,15,0,3,2019,2066,120.51,8.03,2,12005,3,3,4
2042,6737,1390,1.11344E+12,27.334,998.99,6042730.851,2134062.517,64.3,8.5,3,15,0,3,2019,2066,120.01,8,2,12005,3,3,4
2042,6738,1390,1.11344E+12,27.336,1000.49,6042730.631,2134064.001,64.3,8.5,3,15,0,3,2019,2066,119.51,7.97,2,12005,3,3,4
2042,6739,1390,1.11344E+12,27.337,1001.99,6042730.411,2134065.484,64.3,8.5,3,15,0,3,2019,2066,119.02,7.93,2,12005,3,3,4
2042,6740,1390,1.11344E+12,27.339,1003.49,6042730.192,2134066.968,64.3,8.5,3,15,0,3,2019,2066,118.51,7.9,2,12005,3,3,4
2042,6741,1390,1.11344E+12,27.34,1004.99,6042729.972,2134068.452,64.3,8.5,3,15,0.02,3,2019,2066,117.97,7.86,2,12005,3,3,4
2042,6742,1390,1.11344E+12,27.342,1006.49,6042729.752,2134069.936,64.3,8.5,3,15,0,3,2019,2066,117.43,7.83,2,12005,3,3,4
2042,6743,1390,1.11344E+12,27.343,1007.991,6042729.532,2134071.42,64.3,8.5,3,15,-0.02,3,2019,2066,116.89,7.79,2,12005,3,3,4
2042,6744,1390,1.11344E+12,27.345,1009.491,6042729.313,2134072.904,64.3,8.5,3,15,-0.02,3,2019,2066,116.38,7.76,2,12005,3,3,4
2042,6745,1390,1.11344E+12,27.347,1010.99,6042729.093,2134074.387,64.3,8.5,3,15,0,3,2019,2066,115.89,7.73,2,12005,3,3,4
2042,6746,1390,1.11344E+12,27.348,1012.49,6042728.873,2134075.871,64.3,8.5,3,15,0.02,3,2019,2066,115.39,7.69,2,12005,3,3,4
2042,6747,1390,1.11344E+12,27.349,1013.99,6042728.653,2134077.355,64.3,8.5,3,15,0.02,3,2019,2066,114.89,7.66,2,12005,3,3,4
2042,6748,1390,1.11344E+12,27.352,1015.497,6042728.434,2134078.839,64.3,8.5,3,14.95,-0.91,3,2019,2066,114.38,7.65,2,12005,3,3,4
2042,6749,1390,1.11344E+12,27.353,1016.993,6042728.214,2134080.323,64.3,8.5,3,14.8,-2.01,3,2019,2066,113.89,7.7,2,12005,3,3,4
2042,6750,1390,1.11344E+12,27.354,1018.459,6042727.994,2134081.807,64.3,8.5,3,14.66,-1.36,3,2019,2066,113.42,7.74,2,12005,3,3,4
2042,6751,1390,1.11344E+12,27.356,1019.907,6042727.774,2134083.29,64.3,8.5,3,14.63,0.57,3,2019,2066,112.97,7.72,2,12005,3,3,4
2042,6752,1390,1.11344E+12,27.364,1021.362,6042727.554,2134084.774,64.3,8.5,3,14.73,1.97,3,2019,2066,112.52,7.64,2,12005,3,3,4
2042,6753,1390,1.11344E+12,27.374,1022.845,6042727.335,2134086.258,64.3,8.5,3,14.9,1.7,3,2019,2066,112.04,7.52,2,12005,3,3,4
2042,6754,1390,1.11344E+12,27.383,1024.353,6042727.115,2134087.742,64.3,8.5,3,15.02,0.51,3,2019,2066,111.54,7.43,2,12005,3,3,4
2042,6755,1390,1.11344E+12,27.392,1025.869,6042726.895,2134089.226,64.3,8.5,3,14.96,-1.31,3,2019,2066,111.03,7.42,2,12005,3,3,4
2042,6760,1390,1.11344E+12,27.434,1032.758,6042725.888,2134096.029,64.3,8.5,3,12.46,-2.82,3,2019,2066,108.4,8.7,2,12005,3,3,4
2042,6761,1390,1.11344E+12,27.441,1033.987,6042725.701,2134097.289,64.3,8.5,3,12.18,-2.61,3,2019,2066,107.92,8.86,2,12005,3,3,4
2042,6762,1390,1.11344E+12,27.448,1035.191,6042725.525,2134098.474,64.3,8.5,3,11.96,-2.38,3,2019,2066,107.48,8.99,2,12005,3,3,4
2042,6763,1390,1.11344E+12,27.456,1036.369,6042725.357,2134099.613,64.3,8.5,3,11.77,-1.31,3,2019,2066,107.06,9.1,2,12005,3,3,4
2042,6764,1390,1.11344E+12,27.463,1037.54,6042725.184,2134100.781,64.3,8.5,3,11.6,-1.56,3,2019,2066,106.64,9.19,2,12005,3,3,4
2042,6768,1390,1.11344E+12,27.489,1041.87,6042724.551,2134105.053,64.3,8.5,3,10.05,-1.53,3,2019,2066,105.35,10.48,2,12005,3,3,4
2042,6769,1390,1.11344E+12,27.495,1042.854,6042724.405,2134106.042,64.3,8.5,3,9.96,0.25,3,2019,2066,105.12,10.55,2,12005,3,3,4
2042,6770,1390,1.11344E+12,27.501,1043.851,6042724.258,2134107.032,64.3,8.5,3,9.99,0.24,3,2019,2066,104.88,10.5,2,12005,3,3,4
2042,6771,1390,1.11344E+12,27.508,1044.853,6042724.112,2134108.021,64.3,8.5,3,10,-0.02,3,2019,2066,104.63,10.46,2,12005,3,3,4
2042,6772,1390,1.11344E+12,27.513,1045.853,6042723.965,2134109.01,64.3,8.5,3,10,0,3,2019,2066,104.39,10.44,2,12005,3,3,4
2042,6773,1390,1.11344E+12,27.52,1046.853,6042723.819,2134109.999,64.3,8.5,3,10,0,3,2019,2066,104.15,10.41,2,12005,3,3,4
2042,6774,1390,1.11344E+12,27.525,1047.853,6042723.672,2134110.989,64.3,8.5,3,10,0,3,2019,2066,103.91,10.39,2,12005,3,3,4
2042,6775,1390,1.11344E+12,27.532,1048.853,6042723.526,2134111.978,64.3,8.5,3,10,-0.02,3,2019,2066,103.66,10.37,2,12005,3,3,4
2042,6776,1390,1.11344E+12,27.537,1049.853,6042723.379,2134112.967,64.3,8.5,3,10,0,3,2019,2066,103.42,10.34,2,12005,3,3,4
2042,6777,1390,1.11344E+12,27.544,1050.852,6042723.233,2134113.956,64.3,8.5,3,10,0.02,3,2019,2066,103.18,10.32,2,12005,3,3,4
2042,6778,1390,1.11344E+12,27.549,1051.852,6042723.086,2134114.945,64.3,8.5,3,10,0,3,2019,2066,102.94,10.29,2,12005,3,3,4
2042,6779,1390,1.11344E+12,27.556,1052.853,6042722.94,2134115.935,64.3,8.5,3,10,0,3,2019,2066,102.7,10.27,2,12005,3,3,4
2042,6780,1390,1.11344E+12,27.562,1053.853,6042722.793,2134116.924,64.3,8.5,3,10,-0.05,3,2019,2066,102.45,10.25,2,12005,3,3,4
2042,6781,1390,1.11344E+12,27.568,1054.853,6042722.647,2134117.913,64.3,8.5,3,9.99,-0.11,3,2019,2066,102.21,10.23,2,12005,3,3,4
2042,6782,1390,1.11344E+12,27.574,1055.85,6042722.5,2134118.902,64.3,8.5,3,9.99,0.08,3,2019,2066,101.97,10.21,2,12005,3,3,4
2042,6783,1390,1.11344E+12,27.553,1056.845,6042722.328,2134119.884,64.3,8.5,3,10.04,0.75,3,2019,2066,101.73,10.13,2,12005,3,3,4
2042,6784,1390,1.11344E+12,27.621,1057.847,6042722.243,2134120.876,64.3,8.5,3,10.16,1.64,3,2019,2066,101.49,9.99,2,12005,3,3,4
2042,6785,1390,1.11344E+12,27.728,1058.867,6042722.193,2134121.903,64.3,8.5,3,10.33,2.07,3,2019,2066,101.23,9.8,2,12005,3,3,4
2042,6786,1390,1.11344E+12,27.922,1059.914,6042722.225,2134122.966,64.3,8.5,3,10.51,1.65,3,2019,2066,100.94,9.6,2,12005,3,3,4
2042,6787,1390,1.11344E+12,28.081,1060.978,6042722.219,2134124.048,64.3,8.5,3,10.64,0.82,3,2019,2066,100.64,9.46,2,12005,3,3,4
2042,6788,1390,1.11344E+12,28.19,1062.051,6042722.164,2134125.123,64.3,8.5,3,10.69,0.22,3,2019,2066,100.33,9.39,2,12005,3,3,4
2042,6789,1390,1.11344E+12,28.23,1063.123,6042722.04,2134126.188,64.3,8.5,3,10.71,0,3,2019,2066,100.01,9.34,2,12005,3,3,4
2042,6790,1390,1.11344E+12,28.293,1064.193,6042721.939,2134127.255,64.3,8.5,3,10.71,0,3,2019,2066,99.63,9.3,2,12005,3,3,4
2042,6791,1390,1.11344E+12,28.355,1065.264,6042721.837,2134128.323,64.3,8.5,3,10.71,0,3,2019,2066,99.17,9.26,2,12005,3,3,4
2042,6792,1390,1.11344E+12,28.418,1066.334,6042721.736,2134129.39,64.3,8.5,3,10.71,0,3,2019,2066,98.66,9.21,2,12005,3,3,4
2042,6793,1390,1.11344E+12,28.481,1067.405,6042721.635,2134130.458,64.3,8.5,3,10.71,0,3,2019,2066,98.12,9.16,2,12005,3,3,4
2042,6794,1390,1.11344E+12,28.544,1068.475,6042721.534,2134131.525,64.3,8.5,3,10.71,0,3,2019,2066,97.59,9.11,2,12005,3,3,4
2042,6795,1390,1.11344E+12,28.606,1069.546,6042721.432,2134132.593,64.3,8.5,3,10.71,0,3,2019,2066,97.06,9.06,2,12005,3,3,4
2042,6796,1390,1.11344E+12,28.669,1070.617,6042721.331,2134133.661,64.3,8.5,3,10.71,0,3,2019,2066,96.54,9.01,2,12005,3,3,4
2042,6797,1390,1.11344E+12,28.732,1071.687,6042721.23,2134134.728,64.3,8.5,3,10.71,0,3,2019,2066,96.01,8.96,2,12005,3,3,4
2042,6798,1390,1.11344E+12,28.795,1072.758,6042721.129,2134135.796,64.3,8.5,3,10.7,0,3,2019,2066,95.49,8.92,2,12005,3,3,4
2042,6799,1390,1.11344E+12,28.857,1073.828,6042721.027,2134136.863,64.3,8.5,3,10.71,0,3,2019,2066,94.97,8.87,2,12005,3,3,4
2042,6800,1390,1.11344E+12,28.92,1074.899,6042720.926,2134137.931,64.3,8.5,3,10.7,0,3,2019,2066,94.44,8.83,2,12005,3,3,4
2042,6801,1390,1.11344E+12,28.983,1075.969,6042720.825,2134138.998,64.3,8.5,3,10.71,0,3,2019,2066,93.9,8.77,2,12005,3,3,4
2042,6802,1390,1.11344E+12,29.046,1077.04,6042720.724,2134140.066,64.3,8.5,3,10.71,0,3,2019,2066,93.34,8.72,2,12005,3,3,4
2042,6803,1390,1.11344E+12,29.108,1078.11,6042720.622,2134141.133,64.3,8.5,3,10.7,0,3,2019,2066,92.78,8.67,2,12005,3,3,4
2042,6804,1390,1.11344E+12,29.171,1079.181,6042720.521,2134142.201,64.3,8.5,3,10.7,0,3,2019,2066,92.2,8.62,2,12005,3,3,4
2042,6805,1390,1.11344E+12,29.234,1080.251,6042720.42,2134143.269,64.3,8.5,3,10.7,0,3,2019,2066,91.63,8.56,2,12005,3,3,4
2042,6806,1390,1.11344E+12,29.297,1081.321,6042720.319,2134144.336,64.3,8.5,3,10.7,0,3,2019,2066,91.06,8.51,2,12005,3,3,4
2042,6807,1390,1.11344E+12,29.359,1082.392,6042720.217,2134145.404,64.3,8.5,3,10.7,0,3,2019,2066,90.49,8.46,2,12005,3,3,4
2042,6808,1390,1.11344E+12,29.421,1083.462,6042720.116,2134146.471,64.3,8.5,3,10.7,0,3,2019,2066,89.92,8.4,2,12005,3,3,4
2042,6809,1390,1.11344E+12,29.484,1084.533,6042720.015,2134147.539,64.3,8.5,3,10.71,0,3,2019,2066,89.35,8.34,2,12005,3,3,4
2042,6810,1390,1.11344E+12,29.547,1085.603,6042719.914,2134148.606,64.3,8.5,3,10.71,0,3,2019,2066,88.78,8.29,2,12005,3,3,4
2042,6811,1390,1.11344E+12,29.61,1086.672,6042719.813,2134149.674,64.3,8.5,3,10.72,0.3,3,2019,2066,88.21,8.23,2,12005,3,3,4
2042,6812,1390,1.11344E+12,29.672,1087.746,6042719.711,2134150.741,64.3,8.5,3,10.75,0.25,3,2019,2066,87.64,8.15,2,12005,3,3,4
2042,6813,1390,1.11344E+12,29.735,1088.838,6042719.61,2134151.809,64.3,8.5,3,10.61,-2.23,3,2019,2066,87.05,8.2,2,12005,3,3,4
2042,6819,1390,1.11344E+12,29.916,1093.55,6042719.07,2134156.493,64.3,8.5,3,5.09,-2.26,3,2019,2066,85.33,16.76,2,12005,3,3,4
2042,6820,1390,1.11344E+12,29.914,1094.029,6042718.992,2134156.987,64.3,8.5,3,4.96,0.23,3,2019,2066,85.35,17.21,2,12005,3,3,4
2042,6821,1390,1.11344E+12,29.911,1094.524,6042718.913,2134157.48,64.3,8.5,3,4.98,0.31,3,2019,2066,85.36,17.14,2,12005,3,3,4
2042,6822,1390,1.11344E+12,29.909,1095.026,6042718.834,2134157.974,64.3,8.5,3,5,0.02,3,2019,2066,85.36,17.07,2,12005,3,3,4
2042,6823,1390,1.11344E+12,29.906,1095.527,6042718.755,2134158.468,64.3,8.5,3,5,0,3,2019,2066,85.37,17.07,2,12005,3,3,4
2042,6824,1390,1.11344E+12,29.904,1096.027,6042718.677,2134158.962,64.3,8.5,3,5,-0.03,3,2019,2066,85.36,17.07,2,12005,3,3,4
2042,6825,1390,1.11344E+12,29.901,1096.527,6042718.598,2134159.456,64.3,8.5,3,5,0,3,2019,2066,85.31,17.06,2,12005,3,3,4
2042,6826,1390,1.11344E+12,29.898,1097.026,6042718.519,2134159.949,64.3,8.5,3,5,0.02,3,2019,2066,85.23,17.05,2,12005,3,3,4
2042,6827,1390,1.11344E+12,29.897,1097.526,6042718.441,2134160.443,64.3,8.5,3,5,0.02,3,2019,2066,85.16,17.03,2,12005,3,3,4
2042,6828,1390,1.11344E+12,29.894,1098.027,6042718.362,2134160.937,64.3,8.5,3,5,0,3,2019,2066,85.14,17.03,2,12005,3,3,4
2042,6829,1390,1.11344E+12,29.891,1098.527,6042718.283,2134161.431,64.3,8.5,3,5,-0.02,3,2019,2066,85.15,17.03,2,12005,3,3,4
2042,6830,1390,1.11344E+12,29.888,1099.027,6042718.204,2134161.925,64.3,8.5,3,5,0,3,2019,2066,85.15,17.03,2,12005,3,3,4
2042,6831,1390,1.11344E+12,29.886,1099.527,6042718.126,2134162.418,64.3,8.5,3,5,0,3,2019,2066,85.15,17.03,2,12005,3,3,4
2042,6832,1390,1.11344E+12,29.884,1100.027,6042718.047,2134162.912,64.3,8.5,3,5,0,3,2019,2066,85.15,17.03,2,12005,3,3,4
2042,6833,1390,1.11344E+12,29.881,1100.527,6042717.968,2134163.406,64.3,8.5,3,5,-0.02,3,2019,2066,85.15,17.03,2,12005,3,3,4
2042,6834,1390,1.11344E+12,29.879,1101.027,6042717.89,2134163.9,64.3,8.5,3,5,0,3,2019,2066,85.15,17.03,2,12005,3,3,4
2042,6835,1390,1.11344E+12,29.876,1101.526,6042717.811,2134164.393,64.3,8.5,3,5,0.02,3,2019,2066,85.16,17.03,2,12005,3,3,4
2042,6836,1390,1.11344E+12,29.874,1102.026,6042717.732,2134164.887,64.3,8.5,3,5,0.02,3,2019,2066,85.15,17.03,2,12005,3,3,4
2042,6837,1390,1.11344E+12,29.872,1102.527,6042717.654,2134165.381,64.3,8.5,3,5,0,3,2019,2066,85.14,17.03,2,12005,3,3,4
2042,6838,1390,1.11344E+12,29.869,1103.027,6042717.575,2134165.875,64.3,8.5,3,5,-0.02,3,2019,2066,85.13,17.03,2,12005,3,3,4
2042,6839,1390,1.11344E+12,29.866,1103.527,6042717.496,2134166.369,64.3,8.5,3,5,0,3,2019,2066,85.18,17.04,2,12005,3,3,4
2042,6840,1390,1.11344E+12,29.863,1104.027,6042717.417,2134166.862,64.3,8.5,3,5,0,3,2019,2066,85.3,17.06,2,12005,3,3,4
2042,6841,1390,1.11344E+12,29.862,1104.527,6042717.339,2134167.356,64.3,8.5,3,5,0,3,2019,2066,85.45,17.09,2,12005,3,3,4
2042,6842,1390,1.11344E+12,29.859,1105.027,6042717.26,2134167.85,64.3,8.5,3,5,0,3,2019,2066,85.62,17.12,2,12005,3,3,4
2042,6843,1390,1.11344E+12,29.856,1105.527,6042717.181,2134168.344,64.3,8.5,3,5,0,3,2019,2066,85.84,17.17,2,12005,3,3,4
2042,6844,1390,1.11344E+12,29.854,1106.027,6042717.103,2134168.838,64.3,8.5,3,5,0,3,2019,2066,86.18,17.24,2,12005,3,3,4
2042,6845,1390,1.11344E+12,29.852,1106.527,6042717.024,2134169.331,64.3,8.5,3,5,0,3,2019,2066,86.61,17.32,2,12005,3,3,4
2042,6846,1390,1.11344E+12,29.849,1107.027,6042716.945,2134169.825,64.3,8.5,3,5,0,3,2019,2066,87,17.4,2,12005,3,3,4
2042,6847,1390,1.11344E+12,29.846,1107.527,6042716.866,2134170.319,64.3,8.5,3,5,0,3,2019,2066,87.29,17.46,2,12005,3,3,4
2042,6848,1390,1.11344E+12,29.844,1108.027,6042716.788,2134170.813,64.3,8.5,3,5,0,3,2019,2066,87.52,17.5,2,12005,3,3,4
2042,6849,1390,1.11344E+12,29.841,1108.527,6042716.709,2134171.306,64.3,8.5,3,5,0,3,2019,2066,87.81,17.56,2,12005,3,3,4
2042,6850,1390,1.11344E+12,29.839,1109.027,6042716.63,2134171.8,64.3,8.5,3,5,0,3,2019,2066,88.19,17.64,2,12005,3,3,4
2042,6851,1390,1.11344E+12,29.837,1109.527,6042716.552,2134172.294,64.3,8.5,3,5,0,3,2019,2066,88.6,17.72,2,12005,3,3,4
2042,6852,1390,1.11344E+12,29.834,1110.027,6042716.473,2134172.788,64.3,8.5,3,5,0,3,2019,2066,89,17.8,2,12005,3,3,4
2042,6853,1390,1.11344E+12,29.831,1110.527,6042716.394,2134173.282,64.3,8.5,3,5,0,3,2019,2066,89.34,17.87,2,12005,3,3,4
2042,6854,1390,1.11344E+12,29.829,1111.027,6042716.316,2134173.775,64.3,8.5,3,5,0,3,2019,2066,89.66,17.93,2,12005,3,3,4
2042,6855,1390,1.11344E+12,29.827,1111.527,6042716.237,2134174.269,64.3,8.5,3,5,0,3,2019,2066,89.97,17.99,2,12005,3,3,4
2042,6856,1390,1.11344E+12,29.824,1112.027,6042716.158,2134174.763,64.3,8.5,3,5,0,3,2019,2066,90.3,18.06,2,12005,3,3,4
2042,6857,1390,1.11344E+12,29.821,1112.527,6042716.079,2134175.257,64.3,8.5,3,5,0,3,2019,2066,90.7,18.14,2,12005,3,3,4
2042,6858,1390,1.11344E+12,29.819,1113.027,6042716.001,2134175.751,64.3,8.5,3,5,0,3,2019,2066,91.16,18.23,2,12005,3,3,4
2042,6859,1390,1.11344E+12,29.817,1113.527,6042715.922,2134176.244,64.3,8.5,3,5,0,3,2019,2066,91.61,18.32,2,12005,3,3,4
2042,6860,1390,1.11344E+12,29.814,1114.027,6042715.843,2134176.738,64.3,8.5,3,5,0,3,2019,2066,91.99,18.4,2,12005,3,3,4
2042,6861,1390,1.11344E+12,29.812,1114.527,6042715.765,2134177.232,64.3,8.5,3,5,0,3,2019,2066,92.32,18.46,2,12005,3,3,4
2042,6862,1390,1.11344E+12,29.809,1115.027,6042715.686,2134177.726,64.3,8.5,3,5,0,3,2019,2066,92.68,18.54,2,12005,3,3,4
2042,6863,1390,1.11344E+12,29.806,1115.527,6042715.607,2134178.219,64.3,8.5,3,5,0,3,2019,2066,93.13,18.63,2,12005,3,3,4
2042,6864,1390,1.11344E+12,29.804,1116.027,6042715.528,2134178.713,64.3,8.5,3,5,0,3,2019,2066,93.64,18.73,2,12005,3,3,4
2042,6865,1390,1.11344E+12,29.802,1116.527,6042715.45,2134179.207,64.3,8.5,3,5,0,3,2019,2066,94.15,18.83,2,12005,3,3,4
2042,6866,1390,1.11344E+12,29.799,1117.029,6042715.371,2134179.701,64.3,8.5,3,4.99,-0.26,3,2019,2066,94.65,18.97,2,12005,3,3,4
2042,6867,1390,1.11344E+12,29.796,1117.526,6042715.292,2134180.195,64.3,8.5,3,4.96,-0.24,3,2019,2066,95.16,19.18,2,12005,3,3,4
2042,6868,1390,1.11344E+12,29.794,1118.011,6042715.214,2134180.688,64.3,8.5,3,5.04,1.29,3,2019,2066,95.67,18.98,2,12005,3,3,4
2042,6875,1390,1.11344E+12,29.769,1122.965,6042714.431,2134185.597,64.3,8.5,3,9.33,3.13,3,2019,2066,97.72,10.47,2,12005,3,3,4
2042,6876,1390,1.11344E+12,29.765,1123.921,6042714.269,2134186.614,64.3,8.5,3,9.61,2.31,3,2019,2066,97.76,10.17,2,12005,3,3,4
2042,6877,1390,1.11344E+12,29.765,1124.896,6042714.112,2134187.601,64.3,8.5,3,9.8,1.89,3,2019,2066,97.79,9.98,2,12005,3,3,4
2042,6878,1390,1.11344E+12,29.764,1125.891,6042713.954,2134188.589,64.3,8.5,3,9.95,0.89,3,2019,2066,97.79,9.83,2,12005,3,3,4
2042,6879,1390,1.11344E+12,29.763,1126.898,6042713.797,2134189.576,64.3,8.5,3,10,0,3,2019,2066,97.78,9.78,2,12005,3,3,4
2042,6880,1390,1.11344E+12,29.763,1127.898,6042713.64,2134190.564,64.3,8.5,3,10,0,3,2019,2066,97.78,9.78,2,12005,3,3,4
2042,6881,1390,1.11344E+12,29.762,1128.898,6042713.482,2134191.552,64.3,8.5,3,10,0,3,2019,2066,97.78,9.78,2,12005,3,3,4
2042,6882,1390,1.11344E+12,29.762,1129.898,6042713.325,2134192.539,64.3,8.5,3,10,0,3,2019,2066,97.78,9.78,2,12005,3,3,4
2042,6883,1390,1.11344E+12,29.761,1130.898,6042713.167,2134193.527,64.3,8.5,3,10,0,3,2019,2066,97.78,9.78,2,12005,3,3,4
2042,6884,1390,1.11344E+12,29.76,1131.898,6042713.01,2134194.514,64.3,8.5,3,10,0,3,2019,2066,97.78,9.78,2,12005,3,3,4
2042,6885,1390,1.11344E+12,29.759,1132.898,6042712.852,2134195.502,64.3,8.5,3,10,0,3,2019,2066,97.78,9.78,2,12005,3,3,4
2042,6886,1390,1.11344E+12,29.759,1133.898,6042712.695,2134196.489,64.3,8.5,3,10,0,3,2019,2066,97.79,9.78,2,12005,3,3,4
2042,6887,1390,1.11344E+12,29.759,1134.898,6042712.538,2134197.477,64.3,8.5,3,10,0,3,2019,2066,97.78,9.78,2,12005,3,3,4
2042,6888,1390,1.11344E+12,29.758,1135.899,6042712.38,2134198.465,64.3,8.5,3,10,-0.03,3,2019,2066,97.78,9.78,2,12005,3,3,4
2042,6889,1390,1.11344E+12,29.758,1136.9,6042712.223,2134199.453,64.3,8.5,3,9.99,-0.19,3,2019,2066,97.78,9.79,2,12005,3,3,4
2042,6890,1390,1.11344E+12,29.756,1137.899,6042712.065,2134200.441,64.3,8.5,3,9.96,-0.37,3,2019,2066,97.78,9.82,2,12005,3,3,4
2042,6891,1390,1.11344E+12,29.755,1138.894,6042711.908,2134201.424,64.3,8.5,3,9.92,-0.45,3,2019,2066,97.79,9.86,2,12005,3,3,4
2042,6892,1390,1.11344E+12,29.756,1139.883,6042711.753,2134202.401,64.3,8.5,3,9.88,-0.34,3,2019,2066,97.8,9.9,2,12005,3,3,4
2042,6893,1390,1.11344E+12,29.755,1140.869,6042711.598,2134203.373,64.3,8.5,3,9.86,-0.15,3,2019,2066,97.81,9.92,2,12005,3,3,4
2042,6894,1390,1.11344E+12,29.754,1141.853,6042711.443,2134204.345,64.3,8.5,3,9.85,-0.03,3,2019,2066,97.83,9.93,2,12005,3,3,4
2042,6895,1390,1.11344E+12,29.754,1142.838,6042711.288,2134205.318,64.3,8.5,3,9.85,0,3,2019,2066,97.84,9.93,2,12005,3,3,4
2042,6896,1390,1.11344E+12,29.753,1143.823,6042711.133,2134206.29,64.3,8.5,3,9.85,0,3,2019,2066,97.86,9.93,2,12005,3,3,4
2042,6897,1390,1.11344E+12,29.752,1144.808,6042710.978,2134207.263,64.3,8.5,3,9.85,0,3,2019,2066,97.87,9.94,2,12005,3,3,4
2042,6898,1390,1.11344E+12,29.752,1145.793,6042710.823,2134208.236,64.3,8.5,3,9.85,0,3,2019,2066,97.89,9.94,2,12005,3,3,4
2042,6899,1390,1.11344E+12,29.751,1146.777,6042710.668,2134209.208,64.3,8.5,3,9.85,0,3,2019,2066,97.9,9.94,2,12005,3,3,4
2042,6900,1390,1.11344E+12,29.751,1147.762,6042710.513,2134210.181,64.3,8.5,3,9.85,0,3,2019,2066,97.92,9.94,2,12005,3,3,4
2042,6901,1390,1.11344E+12,29.75,1148.747,6042710.358,2134211.153,64.3,8.5,3,9.85,0,3,2019,2066,97.94,9.94,2,12005,3,3,4
2042,6902,1390,1.11344E+12,29.749,1149.732,6042710.203,2134212.126,64.3,8.5,3,9.85,0,3,2019,2066,97.95,9.94,2,12005,3,3,4
2042,6903,1390,1.11344E+12,29.749,1150.717,6042710.048,2134213.099,64.3,8.5,3,9.85,0,3,2019,2066,97.94,9.94,2,12005,3,3,4
2042,6904,1390,1.11344E+12,29.748,1151.702,6042709.893,2134214.071,64.3,8.5,3,9.85,0,3,2019,2066,97.95,9.94,2,12005,3,3,4
2042,6905,1390,1.11344E+12,29.748,1152.686,6042709.738,2134215.044,64.3,8.5,3,9.85,0,3,2019,2066,98.01,9.95,2,12005,3,3,4
2042,6906,1390,1.11344E+12,29.747,1153.671,6042709.583,2134216.016,64.3,8.5,3,9.85,0,3,2019,2066,98.21,9.97,2,12005,3,3,4
2042,6907,1390,1.11344E+12,29.747,1154.656,6042709.428,2134216.989,64.3,8.5,3,9.85,0,3,2019,2066,98.53,10,2,12005,3,3,4
2042,6908,1390,1.11344E+12,29.746,1155.641,6042709.273,2134217.962,64.3,8.5,3,9.85,0,3,2019,2066,99,10.05,2,12005,3,3,4
2042,6909,1390,1.11344E+12,29.745,1156.626,6042709.118,2134218.934,64.3,8.5,3,9.85,0,3,2019,2066,99.54,10.11,2,12005,3,3,4
2042,6910,1390,1.11344E+12,29.745,1157.611,6042708.963,2134219.907,64.3,8.5,3,9.85,0,3,2019,2066,100.08,10.16,2,12005,3,3,4
2042,6911,1390,1.11344E+12,29.743,1158.596,6042708.807,2134220.879,64.3,8.5,3,9.85,0,3,2019,2066,100.6,10.21,2,12005,3,3,4
2042,6912,1390,1.11344E+12,29.743,1159.581,6042708.652,2134221.852,64.3,8.5,3,9.85,0,3,2019,2066,101.12,10.27,2,12005,3,3,4
2042,6913,1390,1.11344E+12,29.742,1160.566,6042708.497,2134222.825,64.3,8.5,3,9.85,0,3,2019,2066,101.63,10.32,2,12005,3,3,4
2042,6914,1390,1.11344E+12,29.741,1161.551,6042708.342,2134223.797,64.3,8.5,3,9.85,0,3,2019,2066,102.15,10.37,2,12005,3,3,4
2042,6915,1390,1.11344E+12,29.741,1162.535,6042708.187,2134224.77,64.3,8.5,3,9.85,0,3,2019,2066,102.67,10.42,2,12005,3,3,4
2042,6916,1390,1.11344E+12,29.74,1163.52,6042708.032,2134225.742,64.3,8.5,3,9.85,0,3,2019,2066,103.19,10.48,2,12005,3,3,4
2042,6917,1390,1.11344E+12,29.74,1164.505,6042707.877,2134226.715,64.3,8.5,3,9.85,0,3,2019,2066,103.71,10.53,2,12005,3,3,4
2042,6918,1390,1.11344E+12,29.739,1165.49,6042707.722,2134227.688,64.3,8.5,3,9.85,0,3,2019,2066,104.25,10.58,2,12005,3,3,4
2042,6919,1390,1.11344E+12,29.738,1166.475,6042707.567,2134228.66,64.3,8.5,3,9.85,0,3,2019,2066,104.8,10.64,2,12005,3,3,4
2042,6920,1390,1.11344E+12,29.738,1167.46,6042707.412,2134229.633,64.3,8.5,3,9.85,0,3,2019,2066,105.35,10.69,2,12005,3,3,4
2042,6921,1390,1.11344E+12,29.737,1168.444,6042707.257,2134230.605,64.3,8.5,3,9.85,0.04,3,2019,2066,105.87,10.75,2,12005,3,3,4
2042,6922,1390,1.11344E+12,29.737,1169.428,6042707.102,2134231.577,64.3,8.5,3,9.86,0.18,3,2019,2066,106.38,10.79,2,12005,3,3,4
2042,6923,1390,1.11344E+12,29.736,1170.414,6042706.947,2134232.55,64.3,8.5,3,9.89,0.34,3,2019,2066,106.9,10.81,2,12005,3,3,4
2042,6924,1390,1.11344E+12,29.736,1171.404,6042706.792,2134233.527,64.3,8.5,3,9.92,0.42,3,2019,2066,107.42,10.83,2,12005,3,3,4
2042,6925,1390,1.11344E+12,29.735,1172.399,6042706.635,2134234.51,64.3,8.5,3,9.96,0.36,3,2019,2066,107.93,10.84,2,12005,3,3,4
2042,6926,1390,1.11344E+12,29.734,1173.398,6042706.477,2134235.497,64.3,8.5,3,9.99,0.18,3,2019,2066,108.43,10.85,2,12005,3,3,4
2042,6927,1390,1.11344E+12,29.734,1174.399,6042706.32,2134236.486,64.3,8.5,3,10,0.04,3,2019,2066,108.93,10.89,2,12005,3,3,4
2042,6928,1390,1.11344E+12,29.734,1175.399,6042706.163,2134237.474,64.3,8.5,3,10,0,3,2019,2066,109.44,10.94,2,12005,3,3,4
2042,6929,1390,1.11344E+12,29.732,1176.4,6042706.005,2134238.461,64.3,8.5,3,10,0,3,2019,2066,109.94,10.99,2,12005,3,3,4
2042,6930,1390,1.11344E+12,29.732,1177.4,6042705.848,2134239.449,64.3,8.5,3,10,0,3,2019,2066,110.45,11.04,2,12005,3,3,4
2042,6931,1390,1.11344E+12,29.731,1178.401,6042705.69,2134240.436,64.3,8.5,3,9.98,-0.26,3,2019,2066,110.95,11.12,2,12005,3,3,4
2042,6932,1390,1.11344E+12,29.731,1179.409,6042705.533,2134241.424,64.3,8.5,3,9.86,-1.83,3,2019,2066,111.45,11.3,2,12005,3,3,4
2042,6933,1390,1.11344E+12,29.73,1180.383,6042705.375,2134242.411,64.3,8.5,3,9.71,-1.66,3,2019,2066,111.99,11.53,2,12005,3,3,4
2042,6938,1390,1.11344E+12,29.755,1185.951,6042704.459,2134248.16,64.3,8.5,3,12.51,-2.08,3,2019,2066,113.27,9.05,2,12005,3,3,4
2042,6939,1390,1.11344E+12,29.763,1187.185,6042704.274,2134249.324,64.3,8.5,3,12.46,-0.19,3,2019,2066,113.32,9.09,2,12005,3,3,4
2042,6940,1390,1.11344E+12,29.77,1188.412,6042704.088,2134250.489,64.3,8.5,3,12.52,2.44,3,2019,2066,113.48,9.06,2,12005,3,3,4
2042,6941,1390,1.11344E+12,29.779,1189.687,6042703.88,2134251.793,64.3,8.5,3,12.57,0,3,2019,2066,113.69,9.04,2,12005,3,3,4
2042,6944,1390,1.11344E+12,29.804,1193.342,6042703.306,2134255.399,64.3,8.5,3,12.1,2.89,3,2019,2066,114,9.42,2,12005,3,3,4
2042,6947,1390,1.11344E+12,29.829,1197.237,6042702.69,2134259.257,64.3,8.5,3,13.36,-1.93,3,2019,2066,113.44,8.49,2,12005,3,3,4
2042,6954,1390,1.11344E+12,29.892,1206.677,6042701.204,2134268.582,64.3,8.5,3,15.04,0.02,3,2019,2066,111.69,7.43,2,12005,3,3,4
2042,6955,1390,1.11344E+12,29.902,1208.187,6042700.968,2134270.063,64.3,8.5,3,15.03,-0.51,3,2019,2066,111.17,7.4,2,12005,3,3,4
2042,6956,1390,1.11344E+12,29.912,1209.684,6042700.732,2134271.545,64.3,8.5,3,15,0,3,2019,2066,110.68,7.38,2,12005,3,3,4
2042,6957,1390,1.11344E+12,29.922,1211.184,6042700.496,2134273.026,64.3,8.5,3,15,0,3,2019,2066,110.18,7.35,2,12005,3,3,4
2042,6958,1390,1.11344E+12,29.932,1212.684,6042700.26,2134274.507,64.3,8.5,3,15,0,3,2019,2066,109.68,7.31,2,12005,3,3,4
2042,6959,1390,1.11344E+12,29.942,1214.184,6042700.023,2134275.989,64.3,8.5,3,15,0,3,2019,2066,109.18,7.28,2,12005,3,3,4
2042,6960,1390,1.11344E+12,29.952,1215.682,6042699.787,2134277.47,64.3,8.5,3,15.02,0.24,3,2019,2066,108.68,7.24,2,12005,3,3,4
2042,6961,1390,1.11344E+12,29.962,1217.185,6042699.551,2134278.951,64.3,8.5,3,15.05,0.37,3,2019,2066,108.18,7.19,2,12005,3,3,4
2042,6962,1390,1.11344E+12,29.972,1218.704,6042699.315,2134280.433,64.3,8.5,3,14.95,-1.65,3,2019,2066,107.66,7.2,2,12005,3,3,4
2042,6968,1390,1.11344E+12,30.022,1226.204,6042698.135,2134287.839,64.3,8.5,3,10.05,-1.65,3,2019,2066,106.16,10.56,2,12005,3,3,4
2042,6969,1390,1.11344E+12,30.028,1227.184,6042697.977,2134288.827,64.3,8.5,3,9.96,0.38,3,2019,2066,106.2,10.66,2,12005,3,3,4
2042,6970,1390,1.11344E+12,30.036,1228.182,6042697.82,2134289.815,64.3,8.5,3,9.99,0.24,3,2019,2066,106.22,10.63,2,12005,3,3,4
2042,6971,1390,1.11344E+12,30.041,1229.184,6042697.662,2134290.802,64.3,8.5,3,10,0,3,2019,2066,106.17,10.62,2,12005,3,3,4
2042,6972,1390,1.11344E+12,30.049,1230.184,6042697.505,2134291.79,64.3,8.5,3,10,0,3,2019,2066,105.98,10.6,2,12005,3,3,4
2042,6973,1390,1.11344E+12,30.056,1231.184,6042697.348,2134292.777,64.3,8.5,3,10,0,3,2019,2066,105.68,10.57,2,12005,3,3,4
2042,6974,1390,1.11344E+12,30.062,1232.184,6042697.19,2134293.765,64.3,8.5,3,10,0,3,2019,2066,105.37,10.54,2,12005,3,3,4
2042,6975,1390,1.11344E+12,30.069,1233.184,6042697.033,2134294.752,64.3,8.5,3,10,0,3,2019,2066,105.21,10.52,2,12005,3,3,4
2042,6976,1390,1.11344E+12,30.075,1234.184,6042696.875,2134295.74,64.3,8.5,3,10,0,3,2019,2066,105.18,10.52,2,12005,3,3,4
2042,6977,1390,1.11344E+12,30.082,1235.184,6042696.718,2134296.728,64.3,8.5,3,10,0,3,2019,2066,105.15,10.51,2,12005,3,3,4
2042,6978,1390,1.11344E+12,30.088,1236.184,6042696.56,2134297.715,64.3,8.5,3,10,0,3,2019,2066,104.98,10.5,2,12005,3,3,4
2042,6979,1390,1.11344E+12,30.095,1237.184,6042696.403,2134298.703,64.3,8.5,3,10,0,3,2019,2066,104.69,10.47,2,12005,3,3,4
2042,6980,1390,1.11344E+12,30.102,1238.184,6042696.246,2134299.69,64.3,8.5,3,10,0,3,2019,2066,104.41,10.44,2,12005,3,3,4
2042,6981,1390,1.11344E+12,30.108,1239.184,6042696.088,2134300.678,64.3,8.5,3,10,0,3,2019,2066,104.19,10.42,2,12005,3,3,4
2042,6982,1390,1.11344E+12,30.115,1240.184,6042695.931,2134301.665,64.3,8.5,3,10,0,3,2019,2066,103.98,10.4,2,12005,3,3,4
2042,6983,1390,1.11344E+12,30.121,1241.184,6042695.773,2134302.653,64.3,8.5,3,10,0,3,2019,2066,103.67,10.37,2,12005,3,3,4
2042,6984,1390,1.11344E+12,30.128,1242.184,6042695.616,2134303.641,64.3,8.5,3,10,0,3,2019,2066,103.22,10.32,2,12005,3,3,4
2042,6985,1390,1.11344E+12,30.135,1243.185,6042695.459,2134304.628,64.3,8.5,3,10,0,3,2019,2066,102.7,10.27,2,12005,3,3,4
2042,6986,1390,1.11344E+12,30.141,1244.184,6042695.301,2134305.616,64.3,8.5,3,10,0,3,2019,2066,102.18,10.22,2,12005,3,3,4
2042,6987,1390,1.11344E+12,30.148,1245.184,6042695.144,2134306.603,64.3,8.5,3,10,0,3,2019,2066,101.67,10.17,2,12005,3,3,4
2042,6988,1390,1.11344E+12,30.155,1246.184,6042694.986,2134307.591,64.3,8.5,3,10,0,3,2019,2066,101.16,10.12,2,12005,3,3,4
2042,6989,1390,1.11344E+12,30.162,1247.183,6042694.829,2134308.578,64.3,8.5,3,10.01,0.11,3,2019,2066,100.65,10.06,2,12005,3,3,4
2042,6990,1390,1.11344E+12,30.169,1248.184,6042694.672,2134309.566,64.3,8.5,3,10.02,0.17,3,2019,2066,100.2,10,2,12005,3,3,4
2042,6991,1390,1.11344E+12,30.175,1249.191,6042694.514,2134310.554,64.3,8.5,3,10,-0.4,3,2019,2066,99.83,9.98,2,12005,3,3,4
2042,6992,1390,1.11344E+12,30.173,1250.199,6042694.347,2134311.55,64.3,8.5,3,9.87,-2.01,3,2019,2066,99.5,10.08,2,12005,3,3,4
2042,6996,1390,1.11344E+12,30.318,1253.856,6042693.89,2134315.181,64.3,8.5,3,8.44,-1.82,3,2019,2066,98.01,11.61,2,12005,3,3,4
2042,6997,1390,1.11344E+12,30.302,1254.68,6042693.739,2134315.99,64.3,8.5,3,8.32,-0.3,3,2019,2066,97.68,11.74,2,12005,3,3,4
2042,6998,1390,1.11344E+12,30.268,1255.506,6042693.569,2134316.806,64.3,8.5,3,8.31,0.17,3,2019,2066,97.36,11.72,2,12005,3,3,4
2042,6999,1390,1.11344E+12,30.244,1256.338,6042693.409,2134317.623,64.3,8.5,3,8.32,0.09,3,2019,2066,97.02,11.66,2,12005,3,3,4
2042,7000,1390,1.11344E+12,30.22,1257.171,6042693.249,2134318.44,64.3,8.5,3,8.32,0,3,2019,2066,96.69,11.62,2,12005,3,3,4
2042,7001,1390,1.11344E+12,30.197,1258.004,6042693.09,2134319.258,64.3,8.5,3,8.33,0,3,2019,2066,96.36,11.57,2,12005,3,3,4
2042,7002,1390,1.11344E+12,30.173,1258.837,6042692.93,2134320.075,64.3,8.5,3,8.33,0,3,2019,2066,96.03,11.53,2,12005,3,3,4
2042,7003,1390,1.11344E+12,30.149,1259.669,6042692.77,2134320.892,64.3,8.5,3,8.32,0,3,2019,2066,95.69,11.5,2,12005,3,3,4
2042,7004,1390,1.11344E+12,30.126,1260.501,6042692.61,2134321.709,64.3,8.5,3,8.32,0,3,2019,2066,95.36,11.46,2,12005,3,3,4
2042,7005,1390,1.11344E+12,30.102,1261.334,6042692.45,2134322.527,64.3,8.5,3,8.32,0,3,2019,2066,95.03,11.42,2,12005,3,3,4
2042,7006,1390,1.11344E+12,30.078,1262.166,6042692.29,2134323.344,64.3,8.5,3,8.32,0,3,2019,2066,94.7,11.38,2,12005,3,3,4
2042,7007,1390,1.11344E+12,30.054,1262.998,6042692.13,2134324.161,64.3,8.5,3,8.33,0,3,2019,2066,94.36,11.33,2,12005,3,3,4
2042,7008,1390,1.11344E+12,30.03,1263.831,6042691.97,2134324.978,64.3,8.5,3,8.33,0,3,2019,2066,94.03,11.29,2,12005,3,3,4
2042,7009,1390,1.11344E+12,30.007,1264.664,6042691.81,2134325.796,64.3,8.5,3,8.32,-0.02,3,2019,2066,93.7,11.26,2,12005,3,3,4
2042,7010,1390,1.11344E+12,29.983,1265.496,6042691.65,2134326.613,64.3,8.5,3,8.32,0,3,2019,2066,93.37,11.22,2,12005,3,3,4
2042,7011,1390,1.11344E+12,29.959,1266.328,6042691.49,2134327.43,64.3,8.5,3,8.32,0,3,2019,2066,93.03,11.18,2,12005,3,3,4
2042,7012,1390,1.11344E+12,29.936,1267.16,6042691.331,2134328.247,64.3,8.5,3,8.32,0.02,3,2019,2066,92.7,11.14,2,12005,3,3,4
2042,7013,1390,1.11344E+12,29.912,1267.993,6042691.171,2134329.065,64.3,8.5,3,8.33,0,3,2019,2066,92.37,11.09,2,12005,3,3,4
2042,7014,1390,1.11344E+12,29.888,1268.821,6042691.011,2134329.882,64.3,8.5,3,8.37,0.68,3,2019,2066,92.04,11,2,12005,3,3,4
2042,7015,1390,1.11344E+12,29.864,1269.658,6042690.851,2134330.699,64.3,8.5,3,8.47,1.29,3,2019,2066,91.7,10.83,2,12005,3,3,4
2042,7016,1390,1.11344E+12,29.841,1270.514,6042690.691,2134331.516,64.3,8.5,3,8.54,0.62,3,2019,2066,91.35,10.7,2,12005,3,3,4
2042,7017,1390,1.11344E+12,29.815,1271.379,6042690.531,2134332.334,64.3,8.5,3,8.54,-0.63,3,2019,2066,90.98,10.65,2,12005,3,3,4
2042,7018,1390,1.11344E+12,29.789,1272.235,6042690.371,2134333.151,64.3,8.5,3,8.47,-1.31,3,2019,2066,90.64,10.7,2,12005,3,3,4
2042,7019,1390,1.11344E+12,29.763,1273.072,6042690.211,2134333.968,64.3,8.5,3,8.37,-0.69,3,2019,2066,90.32,10.79,2,12005,3,3,4
2042,7020,1390,1.11344E+12,29.737,1273.899,6042690.051,2134334.785,64.3,8.5,3,8.32,0,3,2019,2066,90.01,10.82,2,12005,3,3,4
2042,7021,1390,1.11344E+12,29.711,1274.732,6042689.891,2134335.603,64.3,8.5,3,8.32,0,3,2019,2066,89.68,10.78,2,12005,3,3,4
2042,7022,1390,1.11344E+12,29.685,1275.564,6042689.731,2134336.42,64.3,8.5,3,8.32,0,3,2019,2066,89.34,10.74,2,12005,3,3,4
2042,7023,1390,1.11344E+12,29.66,1276.396,6042689.572,2134337.237,64.3,8.5,3,8.32,0,3,2019,2066,89.01,10.7,2,12005,3,3,4
2042,7024,1390,1.11344E+12,29.633,1277.228,6042689.412,2134338.054,64.3,8.5,3,8.32,0.02,3,2019,2066,88.68,10.66,2,12005,3,3,4
2042,7025,1390,1.11344E+12,29.608,1278.061,6042689.252,2134338.872,64.3,8.5,3,8.33,0,3,2019,2066,88.35,10.61,2,12005,3,3,4
2042,7026,1390,1.11344E+12,29.581,1278.894,6042689.092,2134339.689,64.3,8.5,3,8.33,0,3,2019,2066,88.01,10.57,2,12005,3,3,4
2042,7027,1390,1.11344E+12,29.555,1279.726,6042688.932,2134340.506,64.3,8.5,3,8.32,0,3,2019,2066,87.68,10.54,2,12005,3,3,4
2042,7028,1390,1.11344E+12,29.529,1280.558,6042688.772,2134341.323,64.3,8.5,3,8.32,0,3,2019,2066,87.35,10.5,2,12005,3,3,4
2042,7029,1390,1.11344E+12,29.503,1281.391,6042688.612,2134342.141,64.3,8.5,3,8.32,0,3,2019,2066,87.01,10.46,2,12005,3,3,4
2042,7030,1390,1.11344E+12,29.477,1282.222,6042688.452,2134342.958,64.3,8.5,3,8.33,0.17,3,2019,2066,86.68,10.41,2,12005,3,3,4
2042,7031,1390,1.11344E+12,29.451,1283.055,6042688.292,2134343.775,64.3,8.5,3,8.36,0.34,3,2019,2066,86.35,10.33,2,12005,3,3,4
2042,7032,1390,1.11344E+12,29.425,1283.899,6042688.132,2134344.592,64.3,8.5,3,8.32,-0.7,3,2019,2066,86.01,10.34,2,12005,3,3,4
2042,7038,1390,1.11344E+12,29.344,1287.896,6042687.407,2134348.524,64.3,8.5,3,5,-0.71,3,2019,2066,85.01,17,2,12005,3,3,4
2042,7039,1390,1.11344E+12,29.342,1288.384,6042687.325,2134349.017,64.3,8.5,3,4.96,0.34,3,2019,2066,85,17.14,2,12005,3,3,4
2042,7040,1390,1.11344E+12,29.341,1288.883,6042687.243,2134349.51,64.3,8.5,3,4.99,0.18,3,2019,2066,84.99,17.03,2,12005,3,3,4
2042,7041,1390,1.11344E+12,29.341,1289.385,6042687.162,2134350.004,64.3,8.5,3,5,0,3,2019,2066,85.03,17.01,2,12005,3,3,4
2042,7042,1390,1.11344E+12,29.339,1289.885,6042687.08,2134350.497,64.3,8.5,3,5,0,3,2019,2066,85.22,17.04,2,12005,3,3,4
2042,7043,1390,1.11344E+12,29.338,1290.385,6042686.998,2134350.99,64.3,8.5,3,5,0,3,2019,2066,85.53,17.11,2,12005,3,3,4
2042,7044,1390,1.11344E+12,29.337,1290.885,6042686.916,2134351.484,64.3,8.5,3,5,0,3,2019,2066,85.99,17.2,2,12005,3,3,4
2042,7045,1390,1.11344E+12,29.335,1291.385,6042686.834,2134351.977,64.3,8.5,3,5,0,3,2019,2066,86.5,17.3,2,12005,3,3,4
2042,7046,1390,1.11344E+12,29.334,1291.885,6042686.752,2134352.47,64.3,8.5,3,5,0,3,2019,2066,87.02,17.4,2,12005,3,3,4
2042,7047,1390,1.11344E+12,29.333,1292.385,6042686.67,2134352.963,64.3,8.5,3,5,0,3,2019,2066,87.52,17.5,2,12005,3,3,4
2042,7048,1390,1.11344E+12,29.332,1292.885,6042686.589,2134353.457,64.3,8.5,3,5,0,3,2019,2066,88.02,17.6,2,12005,3,3,4
2042,7049,1390,1.11344E+12,29.331,1293.385,6042686.507,2134353.95,64.3,8.5,3,5,0,3,2019,2066,88.52,17.7,2,12005,3,3,4
2042,7050,1390,1.11344E+12,29.33,1293.885,6042686.425,2134354.443,64.3,8.5,3,5,0,3,2019,2066,89.02,17.8,2,12005,3,3,4
2042,7051,1390,1.11344E+12,29.328,1294.385,6042686.343,2134354.936,64.3,8.5,3,5,0,3,2019,2066,89.52,17.9,2,12005,3,3,4
2042,7052,1390,1.11344E+12,29.327,1294.885,6042686.261,2134355.43,64.3,8.5,3,5,0,3,2019,2066,90.02,18,2,12005,3,3,4
2042,7053,1390,1.11344E+12,29.326,1295.385,6042686.179,2134355.923,64.3,8.5,3,5,0,3,2019,2066,90.52,18.1,2,12005,3,3,4
2042,7054,1390,1.11344E+12,29.324,1295.885,6042686.097,2134356.416,64.3,8.5,3,5,0,3,2019,2066,91.02,18.2,2,12005,3,3,4
2042,7055,1390,1.11344E+12,29.324,1296.385,6042686.016,2134356.909,64.3,8.5,3,5,0,3,2019,2066,91.52,18.3,2,12005,3,3,4
2042,7056,1390,1.11344E+12,29.323,1296.885,6042685.934,2134357.403,64.3,8.5,3,5,0,3,2019,2066,92.02,18.4,2,12005,3,3,4
2042,7057,1390,1.11344E+12,29.321,1297.385,6042685.852,2134357.896,64.3,8.5,3,5,0,3,2019,2066,92.52,18.5,2,12005,3,3,4
2042,7058,1390,1.11344E+12,29.32,1297.885,6042685.77,2134358.389,64.3,8.5,3,5,0,3,2019,2066,93.02,18.6,2,12005,3,3,4
2042,7059,1390,1.11344E+12,29.318,1298.385,6042685.688,2134358.882,64.3,8.5,3,5,0,3,2019,2066,93.52,18.7,2,12005,3,3,4
2042,7060,1390,1.11344E+12,29.317,1298.885,6042685.606,2134359.376,64.3,8.5,3,5,0,3,2019,2066,94.02,18.8,2,12005,3,3,4
2042,7061,1390,1.11344E+12,29.316,1299.385,6042685.524,2134359.869,64.3,8.5,3,5,0,3,2019,2066,94.52,18.9,2,12005,3,3,4
2042,7062,1390,1.11344E+12,29.315,1299.883,6042685.443,2134360.362,64.3,8.5,3,5.01,0.24,3,2019,2066,95.02,18.97,2,12005,3,3,4
2042,7063,1390,1.11344E+12,29.314,1300.387,6042685.361,2134360.855,64.3,8.5,3,5.02,0.03,3,2019,2066,95.52,19.03,2,12005,3,3,4
2042,7064,1390,1.11344E+12,29.313,1300.901,6042685.279,2134361.349,64.3,8.5,3,4.91,-1.77,3,2019,2066,96,19.55,2,12005,3,3,4
2042,7065,1390,1.11344E+12,29.332,1301.388,6042685.213,2134361.871,64.3,8.5,3,4.71,-2.62,3,2019,2066,96.52,20.49,2,12005,3,3,4
2042,7066,1390,1.11344E+12,29.299,1301.826,6042685.108,2134362.312,64.3,8.5,3,4.68,0.72,3,2019,2066,97.08,20.74,2,12005,3,3,4
2042,7072,1390,1.11344E+12,28.979,1306.115,6042684.105,2134366.462,64.3,8.5,3,9.22,0.11,3,2019,2066,98.34,10.67,2,12005,3,3,4
2042,7073,1390,1.11344E+12,28.983,1307.043,6042683.961,2134367.37,64.3,8.5,3,9.22,-0.42,3,2019,2066,98.36,10.67,2,12005,3,3,4
2042,7074,1390,1.11344E+12,28.988,1307.959,6042683.817,2134368.278,64.3,8.5,3,9.19,0,3,2019,2066,98.4,10.71,2,12005,3,3,4
2042,7075,1390,1.11344E+12,28.992,1308.878,6042683.673,2134369.186,64.3,8.5,3,9.19,0,3,2019,2066,98.36,10.7,2,12005,3,3,4
2042,7076,1390,1.11344E+12,28.997,1309.798,6042683.53,2134370.094,64.3,8.5,3,9.19,0,3,2019,2066,98.27,10.69,2,12005,3,3,4
2042,7077,1390,1.11344E+12,29.002,1310.717,6042683.386,2134371.002,64.3,8.5,3,9.19,0,3,2019,2066,98.23,10.69,2,12005,3,3,4
2042,7078,1390,1.11344E+12,29.006,1311.636,6042683.242,2134371.91,64.3,8.5,3,9.19,0,3,2019,2066,98.28,10.69,2,12005,3,3,4
2042,7079,1390,1.11344E+12,29.011,1312.556,6042683.098,2134372.818,64.3,8.5,3,9.19,0,3,2019,2066,98.32,10.7,2,12005,3,3,4
2042,7080,1390,1.11344E+12,29.015,1313.475,6042682.954,2134373.726,64.3,8.5,3,9.19,-0.02,3,2019,2066,98.24,10.69,2,12005,3,3,4
2042,7081,1390,1.11344E+12,29.02,1314.394,6042682.811,2134374.634,64.3,8.5,3,9.19,0,3,2019,2066,98.01,10.67,2,12005,3,3,4
2042,7082,1390,1.11344E+12,29.025,1315.313,6042682.667,2134375.541,64.3,8.5,3,9.19,0.02,3,2019,2066,97.79,10.64,2,12005,3,3,4
2042,7083,1390,1.11344E+12,29.029,1316.232,6042682.523,2134376.449,64.3,8.5,3,9.19,0.02,3,2019,2066,97.7,10.63,2,12005,3,3,4
2042,7084,1390,1.11344E+12,29.033,1317.151,6042682.379,2134377.357,64.3,8.5,3,9.19,0,3,2019,2066,97.74,10.64,2,12005,3,3,4
2042,7085,1390,1.11344E+12,29.038,1318.071,6042682.235,2134378.265,64.3,8.5,3,9.19,0,3,2019,2066,97.81,10.64,2,12005,3,3,4
2042,7086,1390,1.11344E+12,29.043,1318.99,6042682.092,2134379.173,64.3,8.5,3,9.19,0,3,2019,2066,97.78,10.64,2,12005,3,3,4
2042,7087,1390,1.11344E+12,29.047,1319.909,6042681.948,2134380.081,64.3,8.5,3,9.19,0,3,2019,2066,97.65,10.63,2,12005,3,3,4
2042,7088,1390,1.11344E+12,29.052,1320.828,6042681.804,2134380.989,64.3,8.5,3,9.19,0,3,2019,2066,97.49,10.61,2,12005,3,3,4
2042,7089,1390,1.11344E+12,29.056,1321.748,6042681.66,2134381.897,64.3,8.5,3,9.19,0,3,2019,2066,97.31,10.59,2,12005,3,3,4
2042,7090,1390,1.11344E+12,29.06,1322.667,6042681.516,2134382.805,64.3,8.5,3,9.19,0,3,2019,2066,97.08,10.56,2,12005,3,3,4
2042,7091,1390,1.11344E+12,29.066,1323.586,6042681.373,2134383.713,64.3,8.5,3,9.19,0,3,2019,2066,96.79,10.53,2,12005,3,3,4
2042,7092,1390,1.11344E+12,29.07,1324.505,6042681.229,2134384.62,64.3,8.5,3,9.19,0,3,2019,2066,96.45,10.5,2,12005,3,3,4
2042,7093,1390,1.11344E+12,29.074,1325.424,6042681.085,2134385.528,64.3,8.5,3,9.19,0,3,2019,2066,96.14,10.46,2,12005,3,3,4
2042,7094,1390,1.11344E+12,29.079,1326.343,6042680.941,2134386.436,64.3,8.5,3,9.19,0,3,2019,2066,95.88,10.43,2,12005,3,3,4
2042,7095,1390,1.11344E+12,29.084,1327.262,6042680.798,2134387.344,64.3,8.5,3,9.19,0,3,2019,2066,95.63,10.41,2,12005,3,3,4
2042,7096,1390,1.11344E+12,29.089,1328.182,6042680.654,2134388.252,64.3,8.5,3,9.19,0,3,2019,2066,95.37,10.38,2,12005,3,3,4
2042,7097,1390,1.11344E+12,29.093,1329.101,6042680.51,2134389.16,64.3,8.5,3,9.19,0,3,2019,2066,95.15,10.35,2,12005,3,3,4
2042,7098,1390,1.11344E+12,29.097,1330.02,6042680.366,2134390.068,64.3,8.5,3,9.19,0,3,2019,2066,95.01,10.34,2,12005,3,3,4
2042,7099,1390,1.11344E+12,29.102,1330.94,6042680.222,2134390.976,64.3,8.5,3,9.19,0,3,2019,2066,94.97,10.33,2,12005,3,3,4
2042,7100,1390,1.11344E+12,29.107,1331.859,6042680.079,2134391.884,64.3,8.5,3,9.19,0,3,2019,2066,95.02,10.34,2,12005,3,3,4
2042,7101,1390,1.11344E+12,29.111,1332.778,6042679.935,2134392.791,64.3,8.5,3,9.19,0,3,2019,2066,95.11,10.35,2,12005,3,3,4
2042,7102,1390,1.11344E+12,29.116,1333.697,6042679.791,2134393.699,64.3,8.5,3,9.19,0,3,2019,2066,95.21,10.36,2,12005,3,3,4
2042,7103,1390,1.11344E+12,29.12,1334.616,6042679.647,2134394.607,64.3,8.5,3,9.19,0,3,2019,2066,95.29,10.37,2,12005,3,3,4
2042,7104,1390,1.11344E+12,29.124,1335.535,6042679.503,2134395.515,64.3,8.5,3,9.19,0,3,2019,2066,95.37,10.38,2,12005,3,3,4
2042,7105,1390,1.11344E+12,29.13,1336.454,6042679.36,2134396.423,64.3,8.5,3,9.19,0,3,2019,2066,95.45,10.39,2,12005,3,3,4
2042,7106,1390,1.11344E+12,29.134,1337.374,6042679.216,2134397.331,64.3,8.5,3,9.19,0,3,2019,2066,95.53,10.4,2,12005,3,3,4
2042,7107,1390,1.11344E+12,29.138,1338.293,6042679.072,2134398.239,64.3,8.5,3,9.19,0,3,2019,2066,95.61,10.4,2,12005,3,3,4
2042,7108,1390,1.11344E+12,29.143,1339.212,6042678.928,2134399.147,64.3,8.5,3,9.19,0,3,2019,2066,95.69,10.41,2,12005,3,3,4
2042,7109,1390,1.11344E+12,29.147,1340.132,6042678.784,2134400.055,64.3,8.5,3,9.19,0,3,2019,2066,95.77,10.42,2,12005,3,3,4
2042,7110,1390,1.11344E+12,29.153,1341.051,6042678.641,2134400.963,64.3,8.5,3,9.19,0,3,2019,2066,95.86,10.43,2,12005,3,3,4
2042,7111,1390,1.11344E+12,29.157,1341.97,6042678.497,2134401.87,64.3,8.5,3,9.19,0,3,2019,2066,95.94,10.44,2,12005,3,3,4
2042,7112,1390,1.11344E+12,29.161,1342.889,6042678.353,2134402.778,64.3,8.5,3,9.19,0,3,2019,2066,96.02,10.45,2,12005,3,3,4
2042,7113,1390,1.11344E+12,29.166,1343.808,6042678.209,2134403.686,64.3,8.5,3,9.19,0,3,2019,2066,96.1,10.46,2,12005,3,3,4
2042,7114,1390,1.11344E+12,29.17,1344.727,6042678.065,2134404.594,64.3,8.5,3,9.19,0,3,2019,2066,96.18,10.47,2,12005,3,3,4
2042,7115,1390,1.11344E+12,29.175,1345.647,6042677.922,2134405.502,64.3,8.5,3,9.19,0,3,2019,2066,96.25,10.47,2,12005,3,3,4
2042,7116,1390,1.11344E+12,29.18,1346.566,6042677.778,2134406.41,64.3,8.5,3,9.19,0,3,2019,2066,96.31,10.48,2,12005,3,3,4
2042,7117,1390,1.11344E+12,29.184,1347.485,6042677.634,2134407.318,64.3,8.5,3,9.19,0,3,2019,2066,96.37,10.49,2,12005,3,3,4
2042,7118,1390,1.11344E+12,29.188,1348.405,6042677.49,2134408.226,64.3,8.5,3,9.19,-0.02,3,2019,2066,96.43,10.49,2,12005,3,3,4
2042,7119,1390,1.11344E+12,29.193,1349.324,6042677.346,2134409.134,64.3,8.5,3,9.19,0,3,2019,2066,96.55,10.51,2,12005,3,3,4
2042,7120,1390,1.11344E+12,29.198,1350.242,6042677.203,2134410.041,64.3,8.5,3,9.19,0,3,2019,2066,96.76,10.53,2,12005,3,3,4
2042,7121,1390,1.11344E+12,29.202,1351.161,6042677.059,2134410.949,64.3,8.5,3,9.19,0.02,3,2019,2066,97.07,10.56,2,12005,3,3,4
2042,7122,1390,1.11344E+12,29.207,1352.081,6042676.915,2134411.857,64.3,8.5,3,9.19,0,3,2019,2066,97.42,10.6,2,12005,3,3,4
2042,7123,1390,1.11344E+12,29.211,1353,6042676.771,2134412.765,64.3,8.5,3,9.19,0,3,2019,2066,97.73,10.63,2,12005,3,3,4
2042,7124,1390,1.11344E+12,29.215,1353.919,6042676.627,2134413.673,64.3,8.5,3,9.19,0,3,2019,2066,97.94,10.66,2,12005,3,3,4
2042,7125,1390,1.11344E+12,29.221,1354.839,6042676.484,2134414.581,64.3,8.5,3,9.19,0,3,2019,2066,98.06,10.67,2,12005,3,3,4
2042,7126,1390,1.11344E+12,29.225,1355.758,6042676.34,2134415.489,64.3,8.5,3,9.19,0,3,2019,2066,98.13,10.68,2,12005,3,3,4
2042,7127,1390,1.11344E+12,29.23,1356.677,6042676.196,2134416.397,64.3,8.5,3,9.19,0,3,2019,2066,98.19,10.68,2,12005,3,3,4
2042,7128,1390,1.11344E+12,29.234,1357.597,6042676.052,2134417.305,64.3,8.5,3,9.19,-0.02,3,2019,2066,98.27,10.69,2,12005,3,3,4
2042,7129,1390,1.11344E+12,29.239,1358.516,6042675.909,2134418.213,64.3,8.5,3,9.19,0,3,2019,2066,98.35,10.7,2,12005,3,3,4
2042,7130,1390,1.11344E+12,29.243,1359.434,6042675.765,2134419.12,64.3,8.5,3,9.19,0,3,2019,2066,98.42,10.71,2,12005,3,3,4
2042,7131,1390,1.11344E+12,29.248,1360.35,6042675.621,2134420.028,64.3,8.5,3,9.22,0.44,3,2019,2066,98.49,10.68,2,12005,3,3,4
2042,7132,1390,1.11344E+12,29.252,1361.273,6042675.477,2134420.936,64.3,8.5,3,9.28,0.78,3,2019,2066,98.61,10.63,2,12005,3,3,4
2042,7133,1390,1.11344E+12,29.257,1362.206,6042675.333,2134421.844,64.3,8.5,3,9.32,0.36,3,2019,2066,98.8,10.6,2,12005,3,3,4
2042,7134,1390,1.11344E+12,29.262,1363.145,6042675.19,2134422.752,64.3,8.5,3,9.32,-0.37,3,2019,2066,99.09,10.63,2,12005,3,3,4
2042,7135,1390,1.11344E+12,29.265,1364.078,6042675.046,2134423.66,64.3,8.5,3,9.28,-0.76,3,2019,2066,99.43,10.71,2,12005,3,3,4
2042,7136,1390,1.11344E+12,29.267,1365,6042674.902,2134424.568,64.3,8.5,3,9.22,-0.42,3,2019,2066,99.73,10.82,2,12005,3,3,4
2042,7137,1390,1.11344E+12,29.27,1365.917,6042674.758,2134425.476,64.3,8.5,3,9.19,0,3,2019,2066,99.92,10.87,2,12005,3,3,4
2042,7138,1390,1.11344E+12,29.273,1366.836,6042674.614,2134426.384,64.3,8.5,3,9.19,0,3,2019,2066,100.02,10.88,2,12005,3,3,4
2042,7139,1390,1.11344E+12,29.277,1367.755,6042674.471,2134427.291,64.3,8.5,3,9.19,0,3,2019,2066,100.14,10.9,2,12005,3,3,4
2042,7140,1390,1.11344E+12,29.28,1368.674,6042674.327,2134428.199,64.3,8.5,3,9.19,0,3,2019,2066,100.39,10.92,2,12005,3,3,4
2042,7141,1390,1.11344E+12,29.283,1369.593,6042674.183,2134429.107,64.3,8.5,3,9.19,0,3,2019,2066,100.77,10.97,2,12005,3,3,4
2042,7142,1390,1.11344E+12,29.286,1370.512,6042674.039,2134430.015,64.3,8.5,3,9.19,0,3,2019,2066,101.16,11.01,2,12005,3,3,4
2042,7143,1390,1.11344E+12,29.288,1371.432,6042673.895,2134430.923,64.3,8.5,3,9.19,0,3,2019,2066,101.43,11.04,2,12005,3,3,4
2042,7144,1390,1.11344E+12,29.292,1372.351,6042673.752,2134431.831,64.3,8.5,3,9.19,0,3,2019,2066,101.57,11.05,2,12005,3,3,4
2042,7145,1390,1.11344E+12,29.295,1373.27,6042673.608,2134432.739,64.3,8.5,3,9.19,0,3,2019,2066,101.64,11.06,2,12005,3,3,4
2042,7146,1390,1.11344E+12,29.298,1374.19,6042673.464,2134433.647,64.3,8.5,3,9.19,0,3,2019,2066,101.65,11.06,2,12005,3,3,4
2042,7147,1390,1.11344E+12,29.301,1375.109,6042673.32,2134434.555,64.3,8.5,3,9.19,-0.02,3,2019,2066,101.61,11.06,2,12005,3,3,4
2042,7148,1390,1.11344E+12,29.304,1376.028,6042673.176,2134435.463,64.3,8.5,3,9.19,0,3,2019,2066,101.54,11.05,2,12005,3,3,4
2042,7149,1390,1.11344E+12,29.308,1376.947,6042673.033,2134436.37,64.3,8.5,3,9.19,0,3,2019,2066,101.52,11.05,2,12005,3,3,4
2042,7150,1390,1.11344E+12,29.31,1377.866,6042672.889,2134437.278,64.3,8.5,3,9.19,0,3,2019,2066,101.58,11.05,2,12005,3,3,4
2042,7151,1390,1.11344E+12,29.313,1378.785,6042672.745,2134438.186,64.3,8.5,3,9.19,0,3,2019,2066,101.69,11.07,2,12005,3,3,4
2042,7152,1390,1.11344E+12,29.316,1379.704,6042672.601,2134439.094,64.3,8.5,3,9.19,0,3,2019,2066,101.81,11.08,2,12005,3,3,4
2042,7153,1390,1.11344E+12,29.319,1380.624,6042672.457,2134440.002,64.3,8.5,3,9.19,0,3,2019,2066,101.92,11.09,2,12005,3,3,4
2042,7154,1390,1.11344E+12,29.323,1381.543,6042672.314,2134440.91,64.3,8.5,3,9.19,0,3,2019,2066,102.02,11.1,2,12005,3,3,4
2042,7155,1390,1.11344E+12,29.326,1382.462,6042672.17,2134441.818,64.3,8.5,3,9.19,0,3,2019,2066,102.13,11.11,2,12005,3,3,4
2042,7156,1390,1.11344E+12,29.329,1383.382,6042672.026,2134442.726,64.3,8.5,3,9.19,0,3,2019,2066,102.23,11.12,2,12005,3,3,4
2042,7157,1390,1.11344E+12,29.332,1384.301,6042671.882,2134443.634,64.3,8.5,3,9.19,0,3,2019,2066,102.34,11.14,2,12005,3,3,4
2042,7158,1390,1.11344E+12,29.335,1385.22,6042671.739,2134444.541,64.3,8.5,3,9.19,0,3,2019,2066,102.44,11.15,2,12005,3,3,4
2042,7159,1390,1.11344E+12,29.338,1386.139,6042671.595,2134445.449,64.3,8.5,3,9.19,0,3,2019,2066,102.55,11.16,2,12005,3,3,4
2042,7160,1390,1.11344E+12,29.341,1387.058,6042671.451,2134446.357,64.3,8.5,3,9.19,0,3,2019,2066,102.66,11.17,2,12005,3,3,4
2042,7161,1390,1.11344E+12,29.344,1387.977,6042671.307,2134447.265,64.3,8.5,3,9.19,0,3,2019,2066,102.76,11.18,2,12005,3,3,4
2042,7162,1390,1.11344E+12,29.347,1388.897,6042671.163,2134448.173,64.3,8.5,3,9.19,0,3,2019,2066,102.87,11.19,2,12005,3,3,4
2042,7163,1390,1.11344E+12,29.351,1389.816,6042671.02,2134449.081,64.3,8.5,3,9.19,0,3,2019,2066,102.97,11.2,2,12005,3,3,4
2042,7164,1390,1.11344E+12,29.354,1390.735,6042670.876,2134449.989,64.3,8.5,3,9.19,0,3,2019,2066,103.08,11.22,2,12005,3,3,4
2042,7165,1390,1.11344E+12,29.356,1391.654,6042670.732,2134450.897,64.3,8.5,3,9.19,0,3,2019,2066,103.18,11.23,2,12005,3,3,4
2042,7166,1390,1.11344E+12,29.359,1392.574,6042670.588,2134451.805,64.3,8.5,3,9.19,0,3,2019,2066,103.29,11.24,2,12005,3,3,4
2042,7167,1390,1.11344E+12,29.362,1393.493,6042670.444,2134452.713,64.3,8.5,3,9.19,0,3,2019,2066,103.4,11.25,2,12005,3,3,4
2042,7168,1390,1.11344E+12,29.366,1394.412,6042670.301,2134453.62,64.3,8.5,3,9.19,0,3,2019,2066,103.5,11.26,2,12005,3,3,4
2042,7169,1390,1.11344E+12,29.369,1395.331,6042670.157,2134454.528,64.3,8.5,3,9.19,0,3,2019,2066,103.61,11.27,2,12005,3,3,4
2042,7170,1390,1.11344E+12,29.372,1396.25,6042670.013,2134455.436,64.3,8.5,3,9.19,0,3,2019,2066,103.71,11.29,2,12005,3,3,4
2042,7171,1390,1.11344E+12,29.375,1397.169,6042669.869,2134456.344,64.3,8.5,3,9.19,0,3,2019,2066,103.82,11.3,2,12005,3,3,4
2042,7172,1390,1.11344E+12,29.377,1398.089,6042669.725,2134457.252,64.3,8.5,3,9.19,0,3,2019,2066,103.92,11.31,2,12005,3,3,4
2042,7173,1390,1.11344E+12,29.381,1399.008,6042669.582,2134458.16,64.3,8.5,3,9.19,0,3,2019,2066,104.03,11.32,2,12005,3,3,4
2042,7174,1390,1.11344E+12,29.384,1399.927,6042669.438,2134459.068,64.3,8.5,3,9.19,0,3,2019,2066,104.14,11.33,2,12005,3,3,4
2042,7175,1390,1.11344E+12,29.387,1400.847,6042669.294,2134459.976,64.3,8.5,3,9.19,0,3,2019,2066,104.24,11.34,2,12005,3,3,4
2042,7176,1390,1.11344E+12,29.39,1401.766,6042669.15,2134460.884,64.3,8.5,3,9.19,-0.02,3,2019,2066,104.35,11.35,2,12005,3,3,4
2042,7177,1390,1.11344E+12,29.393,1402.685,6042669.006,2134461.792,64.3,8.5,3,9.19,0,3,2019,2066,104.45,11.37,2,12005,3,3,4
2042,7178,1390,1.11344E+12,29.397,1403.604,6042668.863,2134462.699,64.3,8.5,3,9.19,0.02,3,2019,2066,104.56,11.38,2,12005,3,3,4
2042,7179,1390,1.11344E+12,29.399,1404.523,6042668.719,2134463.607,64.3,8.5,3,9.19,0.02,3,2019,2066,104.67,11.39,2,12005,3,3,4
2042,7180,1390,1.11344E+12,29.402,1405.442,6042668.575,2134464.515,64.3,8.5,3,9.19,0,3,2019,2066,104.77,11.4,2,12005,3,3,4
2042,7181,1390,1.11344E+12,29.405,1406.362,6042668.431,2134465.423,64.3,8.5,3,9.19,0,3,2019,2066,104.88,11.41,2,12005,3,3,4
2042,7182,1390,1.11344E+12,29.408,1407.281,6042668.287,2134466.331,64.3,8.5,3,9.19,0,3,2019,2066,104.98,11.42,2,12005,3,3,4
2042,7183,1390,1.11344E+12,29.412,1408.2,6042668.144,2134467.239,64.3,8.5,3,9.19,0,3,2019,2066,105.09,11.44,2,12005,3,3,4
2042,7184,1390,1.11344E+12,29.415,1409.119,6042668,2134468.147,64.3,8.5,3,9.19,0,3,2019,2066,105.19,11.45,2,12005,3,3,4
2042,7185,1390,1.11344E+12,29.418,1410.039,6042667.856,2134469.055,64.3,8.5,3,9.19,0,3,2019,2066,105.3,11.46,2,12005,3,3,4
2042,7186,1390,1.11344E+12,29.421,1410.958,6042667.712,2134469.963,64.3,8.5,3,9.19,0,3,2019,2066,105.4,11.47,2,12005,3,3,4
2042,7187,1390,1.11344E+12,29.423,1411.877,6042667.568,2134470.87,64.3,8.5,3,9.19,0,3,2019,2066,105.51,11.48,2,12005,3,3,4
2042,7188,1390,1.11344E+12,29.427,1412.796,6042667.425,2134471.778,64.3,8.5,3,9.19,0,3,2019,2066,105.62,11.49,2,12005,3,3,4
2042,7189,1390,1.11344E+12,29.43,1413.715,6042667.281,2134472.686,64.3,8.5,3,9.19,0,3,2019,2066,105.72,11.5,2,12005,3,3,4
2042,7190,1390,1.11344E+12,29.433,1414.634,6042667.137,2134473.594,64.3,8.5,3,9.19,0,3,2019,2066,105.83,11.52,2,12005,3,3,4
2042,7191,1390,1.11344E+12,29.436,1415.554,6042666.993,2134474.502,64.3,8.5,3,9.19,0,3,2019,2066,105.93,11.53,2,12005,3,3,4
2042,7192,1390,1.11344E+12,29.44,1416.473,6042666.85,2134475.41,64.3,8.5,3,9.19,0,3,2019,2066,106.04,11.54,2,12005,3,3,4
2042,7193,1390,1.11344E+12,29.443,1417.392,6042666.706,2134476.318,64.3,8.5,3,9.19,0,3,2019,2066,106.15,11.55,2,12005,3,3,4
2042,7194,1390,1.11344E+12,29.445,1418.312,6042666.562,2134477.226,64.3,8.5,3,9.19,-0.07,3,2019,2066,106.25,11.56,2,12005,3,3,4
2042,7195,1390,1.11344E+12,29.448,1419.23,6042666.418,2134478.134,64.3,8.5,3,9.19,0,3,2019,2066,106.36,11.57,2,12005,3,3,4
2042,7196,1390,1.11344E+12,29.454,1420.146,6042666.277,2134479.04,64.3,8.5,3,9.21,0.42,3,2019,2066,106.47,11.56,2,12005,3,3,4
2042,7197,1390,1.11344E+12,29.455,1421.063,6042666.132,2134479.945,64.3,8.5,3,9.3,1.26,3,2019,2066,106.57,11.46,2,12005,3,3,4
2042,7198,1390,1.11344E+12,29.446,1421.994,6042665.975,2134480.858,64.3,8.5,3,9.46,2.07,3,2019,2066,106.67,11.28,2,12005,3,3,4
2042,7199,1390,1.11344E+12,29.432,1422.949,6042665.809,2134481.798,64.3,8.5,3,9.67,2.22,3,2019,2066,106.74,11.04,2,12005,3,3,4
2042,7200,1390,1.11344E+12,29.419,1423.931,6042665.638,2134482.768,64.3,8.5,3,9.85,1.55,3,2019,2066,106.78,10.84,2,12005,3,3,4
2042,7201,1390,1.11344E+12,29.412,1424.929,6042665.472,2134483.756,64.3,8.5,3,9.96,0.64,3,2019,2066,106.81,10.72,2,12005,3,3,4
2042,7202,1390,1.11344E+12,29.41,1425.933,6042665.309,2134484.746,64.3,8.5,3,10,0.08,3,2019,2066,106.83,10.68,2,12005,3,3,4
2042,7203,1390,1.11344E+12,29.406,1426.935,6042665.146,2134485.732,64.3,8.5,3,10.01,-0.05,3,2019,2066,106.85,10.67,2,12005,3,3,4
2042,7204,1390,1.11344E+12,29.402,1427.935,6042664.982,2134486.719,64.3,8.5,3,10,-0.03,3,2019,2066,106.88,10.69,2,12005,3,3,4
2042,7205,1390,1.11344E+12,29.398,1428.935,6042664.818,2134487.705,64.3,8.5,3,10,0,3,2019,2066,106.9,10.69,2,12005,3,3,4
2042,7206,1390,1.11344E+12,29.393,1429.933,6042664.654,2134488.692,64.3,8.5,3,10.02,0.25,3,2019,2066,106.93,10.67,2,12005,3,3,4
2042,7207,1390,1.11344E+12,29.39,1430.936,6042664.491,2134489.678,64.3,8.5,3,10.04,0.23,3,2019,2066,106.95,10.65,2,12005,3,3,4
2042,7208,1390,1.11344E+12,29.386,1431.952,6042664.327,2134490.665,64.3,8.5,3,9.95,-1.49,3,2019,2066,106.98,10.75,2,12005,3,3,4
2042,7211,1390,1.11344E+12,29.294,1434.778,6042663.78,2134493.471,64.3,8.5,3,8.89,-1.68,3,2019,2066,107.29,12.07,2,12005,3,3,4
2042,7215,1390,1.11344E+12,28.643,1438.616,6042662.523,2134497.164,64.3,8.5,3,10.69,2.05,3,2019,2066,107.54,10.06,2,12005,3,3,4
2042,7216,1390,1.11344E+12,28.667,1439.717,6042662.374,2134498.234,64.3,8.5,3,10.79,-0.69,3,2019,2066,107.47,9.96,2,12005,3,3,4
2042,7217,1390,1.11344E+12,28.675,1440.796,6042662.21,2134499.296,64.3,8.5,3,10.71,-1.1,3,2019,2066,107.41,10.03,2,12005,3,3,4
2042,7218,1390,1.11344E+12,28.681,1441.856,6042662.045,2134500.358,64.3,8.5,3,10.64,-0.34,3,2019,2066,107.38,10.09,2,12005,3,3,4
2042,7219,1390,1.11344E+12,28.689,1442.915,6042661.88,2134501.421,64.3,8.5,3,10.64,0.32,3,2019,2066,107.34,10.09,2,12005,3,3,4
2042,7220,1390,1.11344E+12,28.697,1443.978,6042661.715,2134502.483,64.3,8.5,3,10.68,0.65,3,2019,2066,107.31,10.05,2,12005,3,3,4
2042,7221,1390,1.11344E+12,28.706,1445.051,6042661.551,2134503.545,64.3,8.5,3,10.73,0.34,3,2019,2066,107.26,10,2,12005,3,3,4
2042,7222,1390,1.11344E+12,28.715,1446.128,6042661.386,2134504.608,64.3,8.5,3,10.75,0,3,2019,2066,107.22,9.97,2,12005,3,3,4
2042,7223,1390,1.11344E+12,28.723,1447.203,6042661.221,2134505.67,64.3,8.5,3,10.75,0,3,2019,2066,107.17,9.97,2,12005,3,3,4
2042,7224,1390,1.11344E+12,28.732,1448.278,6042661.057,2134506.732,64.3,8.5,3,10.75,0,3,2019,2066,107.12,9.96,2,12005,3,3,4
2042,7225,1390,1.11344E+12,28.741,1449.353,6042660.892,2134507.795,64.3,8.5,3,10.75,0,3,2019,2066,107.07,9.96,2,12005,3,3,4
2042,7226,1390,1.11344E+12,28.749,1450.428,6042660.727,2134508.857,64.3,8.5,3,10.75,0,3,2019,2066,107.02,9.96,2,12005,3,3,4
2042,7227,1390,1.11344E+12,28.757,1451.503,6042660.562,2134509.919,64.3,8.5,3,10.75,0,3,2019,2066,106.97,9.95,2,12005,3,3,4
2042,7228,1390,1.11344E+12,28.767,1452.578,6042660.398,2134510.982,64.3,8.5,3,10.75,0,3,2019,2066,106.92,9.95,2,12005,3,3,4
2042,7229,1390,1.11344E+12,28.775,1453.653,6042660.233,2134512.044,64.3,8.5,3,10.75,0,3,2019,2066,106.87,9.94,2,12005,3,3,4
2042,7230,1390,1.11344E+12,28.783,1454.728,6042660.068,2134513.106,64.3,8.5,3,10.75,0,3,2019,2066,106.82,9.94,2,12005,3,3,4
2042,7231,1390,1.11344E+12,28.793,1455.803,6042659.904,2134514.169,64.3,8.5,3,10.75,0,3,2019,2066,106.77,9.93,2,12005,3,3,4
2042,7232,1390,1.11344E+12,28.801,1456.878,6042659.739,2134515.231,64.3,8.5,3,10.75,0,3,2019,2066,106.72,9.93,2,12005,3,3,4
2042,7233,1390,1.11344E+12,28.809,1457.953,6042659.574,2134516.293,64.3,8.5,3,10.75,0,3,2019,2066,106.67,9.92,2,12005,3,3,4
2042,7234,1390,1.11344E+12,28.819,1459.028,6042659.41,2134517.356,64.3,8.5,3,10.75,0,3,2019,2066,106.62,9.92,2,12005,3,3,4
2695,8093,1437,1.11344E+12,29.218,137.474,6042843.31,2133207.741,28.3,8.5,3,7.83,0,3,2678,0,106.2,13.56,2,13411,3,3,4
2695,8094,1437,1.11344E+12,29.185,138.257,6042843.181,2133208.514,28.3,8.5,3,7.83,0,3,2678,0,106.09,13.55,2,13411,3,3,4
2695,8095,1437,1.11344E+12,29.152,139.041,6042843.051,2133209.288,28.3,8.5,3,7.83,0,3,2678,0,105.98,13.53,2,13411,3,3,4
2695,8096,1437,1.11344E+12,29.12,139.824,6042842.922,2133210.061,28.3,8.5,3,7.83,0,3,2678,0,105.87,13.52,2,13411,3,3,4
2695,8097,1437,1.11344E+12,29.088,140.607,6042842.793,2133210.834,28.3,8.5,3,7.83,0,3,2678,0,105.76,13.51,2,13411,3,3,4
2695,8098,1437,1.11344E+12,29.056,141.39,6042842.664,2133211.607,28.3,8.5,3,7.83,0,3,2678,0,105.66,13.49,2,13411,3,3,4
2695,8099,1437,1.11344E+12,29.023,142.174,6042842.534,2133212.381,28.3,8.5,3,7.83,0,3,2678,0,105.55,13.48,2,13411,3,3,4
2695,8100,1437,1.11344E+12,28.99,142.957,6042842.405,2133213.154,28.3,8.5,3,7.83,0,3,2678,0,105.44,13.47,2,13411,3,3,4
2695,8101,1437,1.11344E+12,28.958,143.74,6042842.276,2133213.927,28.3,8.5,3,7.84,0,3,2678,0,105.33,13.43,2,13411,3,3,4
2695,8102,1437,1.11344E+12,28.925,144.524,6042842.146,2133214.701,28.3,8.5,3,7.84,0,3,2678,0,105.22,13.42,2,13411,3,3,4
2695,8103,1437,1.11344E+12,28.893,145.308,6042842.017,2133215.474,28.3,8.5,3,7.84,-0.03,3,2678,0,105.11,13.41,2,13411,3,3,4
2695,8104,1437,1.11344E+12,28.861,146.091,6042841.888,2133216.247,28.3,8.5,3,7.83,-0.06,3,2678,0,105,13.41,2,13411,3,3,4
2695,8105,1437,1.11344E+12,28.828,146.869,6042841.758,2133217.021,28.3,8.5,3,7.87,0.72,3,2678,0,104.9,13.33,2,13411,3,3,4
2695,8106,1437,1.11344E+12,28.793,147.644,6042841.629,2133217.777,28.3,8.5,3,8.09,3.21,3,2678,0,104.8,12.95,2,13411,3,3,4
2695,8111,1437,1.11344E+12,28.731,152.455,6042840.974,2133222.541,28.3,8.5,3,10.75,0.62,3,2678,0,103.41,9.62,2,13411,3,3,4
2695,8112,1437,1.11344E+12,28.732,153.54,6042840.842,2133223.608,28.3,8.5,3,10.78,-0.29,3,2678,0,103.06,9.56,2,13411,3,3,4
2695,8113,1437,1.11344E+12,28.732,154.616,6042840.71,2133224.675,28.3,8.5,3,10.76,-0.16,3,2678,0,102.7,9.54,2,13411,3,3,4
2695,8114,1437,1.11344E+12,28.733,155.69,6042840.578,2133225.742,28.3,8.5,3,10.75,0,3,2678,0,102.31,9.52,2,13411,3,3,4
2695,8115,1437,1.11344E+12,28.734,156.765,6042840.446,2133226.809,28.3,8.5,3,10.75,0,3,2678,0,101.9,9.48,2,13411,3,3,4
2695,8116,1437,1.11344E+12,28.734,157.84,6042840.314,2133227.875,28.3,8.5,3,10.75,0,3,2678,0,101.5,9.44,2,13411,3,3,4
2695,8117,1437,1.11344E+12,28.735,158.915,6042840.182,2133228.942,28.3,8.5,3,10.75,0,3,2678,0,101.1,9.4,2,13411,3,3,4
2695,8118,1437,1.11344E+12,28.735,159.99,6042840.05,2133230.009,28.3,8.5,3,10.75,0,3,2678,0,100.7,9.37,2,13411,3,3,4
2695,8119,1437,1.11344E+12,28.736,161.065,6042839.918,2133231.076,28.3,8.5,3,10.75,0,3,2678,0,100.3,9.33,2,13411,3,3,4
2695,8120,1437,1.11344E+12,28.737,162.14,6042839.786,2133232.143,28.3,8.5,3,10.75,0,3,2678,0,99.89,9.29,2,13411,3,3,4
2695,8121,1437,1.11344E+12,28.737,163.215,6042839.654,2133233.21,28.3,8.5,3,10.75,0,3,2678,0,99.49,9.26,2,13411,3,3,4
2695,8122,1437,1.11344E+12,28.738,164.29,6042839.522,2133234.277,28.3,8.5,3,10.75,0,3,2678,0,99.13,9.22,2,13411,3,3,4
2695,8123,1437,1.11344E+12,28.739,165.364,6042839.39,2133235.343,28.3,8.5,3,10.76,0.15,3,2678,0,98.8,9.18,2,13411,3,3,4
2695,8124,1437,1.11344E+12,28.739,166.438,6042839.258,2133236.41,28.3,8.5,3,10.79,0.43,3,2678,0,98.49,9.13,2,13411,3,3,4
2695,8125,1437,1.11344E+12,28.74,167.528,6042839.126,2133237.477,28.3,8.5,3,10.75,-0.78,3,2678,0,98.18,9.13,2,13411,3,3,4
2695,8132,1437,1.11344E+12,28.408,173.069,6042838.113,2133242.933,28.3,8.5,3,5.01,-0.97,3,2678,0,98.07,19.57,2,13411,3,3,4
2695,8133,1437,1.11344E+12,28.408,173.553,6042838.051,2133243.429,28.3,8.5,3,4.96,0.41,3,2678,0,98.36,19.83,2,13411,3,3,4
2695,8134,1437,1.11344E+12,28.407,174.053,6042837.989,2133243.925,28.3,8.5,3,4.99,0.16,3,2678,0,98.64,19.77,2,13411,3,3,4
2695,8135,1437,1.11344E+12,28.408,174.554,6042837.928,2133244.422,28.3,8.5,3,5,0,3,2678,0,98.91,19.78,2,13411,3,3,4
2695,8136,1437,1.11344E+12,28.408,175.054,6042837.866,2133244.918,28.3,8.5,3,5,0,3,2678,0,99.18,19.84,2,13411,3,3,4
2695,8137,1437,1.11344E+12,28.409,175.554,6042837.805,2133245.414,28.3,8.5,3,5,0,3,2678,0,99.46,19.89,2,13411,3,3,4
2695,8138,1437,1.11344E+12,28.408,176.054,6042837.743,2133245.91,28.3,8.5,3,5,0,3,2678,0,99.73,19.95,2,13411,3,3,4
2695,8139,1437,1.11344E+12,28.409,176.554,6042837.682,2133246.406,28.3,8.5,3,5,0,3,2678,0,100.01,20,2,13411,3,3,4
2695,8140,1437,1.11344E+12,28.409,177.054,6042837.62,2133246.903,28.3,8.5,3,5,0,3,2678,0,100.29,20.06,2,13411,3,3,4
2695,8141,1437,1.11344E+12,28.408,177.554,6042837.558,2133247.399,28.3,8.5,3,5,0,3,2678,0,100.56,20.11,2,13411,3,3,4
2695,8142,1437,1.11344E+12,28.409,178.054,6042837.497,2133247.895,28.3,8.5,3,5,0,3,2678,0,100.84,20.17,2,13411,3,3,4
2695,8143,1437,1.11344E+12,28.409,178.554,6042837.435,2133248.391,28.3,8.5,3,5,0,3,2678,0,101.11,20.22,2,13411,3,3,4
2695,8144,1437,1.11344E+12,28.409,179.054,6042837.374,2133248.887,28.3,8.5,3,5,0,3,2678,0,101.39,20.28,2,13411,3,3,4
2695,8145,1437,1.11344E+12,28.409,179.555,6042837.312,2133249.384,28.3,8.5,3,4.99,-0.15,3,2678,2717,101.66,20.37,2,13411,3,3,4
2695,8146,1437,1.11344E+12,28.41,180.054,6042837.251,2133249.88,28.3,8.5,3,4.97,-0.28,3,2678,2717,101.93,20.51,2,13411,3,3,4
2695,8147,1437,1.11344E+12,28.41,180.544,6042837.189,2133250.376,28.3,8.5,3,5,0.58,3,2678,2717,102.22,20.44,2,13411,3,3,4
2695,8148,1437,1.11344E+12,28.41,181.031,6042837.13,2133250.856,28.3,8.5,3,5.2,3.11,3,2678,2717,102.51,19.71,2,13411,3,3,4
2695,8152,1437,1.11344E+12,28.382,183.573,6042836.788,2133253.375,28.3,8.5,3,7.5,3.07,3,2678,2717,103.07,13.74,2,13411,3,3,4
2695,8153,1437,1.11344E+12,28.367,184.357,6042836.676,2133254.154,28.3,8.5,3,7.71,0.56,3,2678,2717,103.06,13.37,2,13411,3,3,4
2695,8154,1437,1.11344E+12,28.353,185.137,6042836.567,2133254.917,28.3,8.5,3,7.73,-0.26,3,2678,2717,103.05,13.33,2,13411,3,3,4
2695,8155,1437,1.11344E+12,28.339,185.909,6042836.458,2133255.68,28.3,8.5,3,7.72,-0.11,3,2678,2717,103.06,13.35,2,13411,3,3,4
2695,8156,1437,1.11344E+12,28.325,186.679,6042836.349,2133256.443,28.3,8.5,3,7.71,0,3,2678,2717,103.06,13.37,2,13411,3,3,4
2695,8157,1437,1.11344E+12,28.31,187.45,6042836.239,2133257.207,28.3,8.5,3,7.71,0,3,2678,2717,103.06,13.37,2,13411,3,3,4
2695,8158,1437,1.11344E+12,28.296,188.221,6042836.13,2133257.97,28.3,8.5,3,7.71,0,3,2678,2717,103.08,13.37,2,13411,3,3,4
2695,8159,1437,1.11344E+12,28.282,188.991,6042836.021,2133258.733,28.3,8.5,3,7.71,0,3,2678,2717,103.11,13.37,2,13411,3,3,4
2695,8160,1437,1.11344E+12,28.267,189.762,6042835.911,2133259.496,28.3,8.5,3,7.71,0,3,2678,2717,103.1,13.37,2,13411,3,3,4
2695,8161,1437,1.11344E+12,28.253,190.533,6042835.802,2133260.259,28.3,8.5,3,7.71,0,3,2678,2717,102.95,13.35,2,13411,3,3,4
2695,8162,1437,1.11344E+12,28.239,191.304,6042835.693,2133261.022,28.3,8.5,3,7.71,0,3,2678,2717,102.66,13.32,2,13411,3,3,4
2695,8163,1437,1.11344E+12,28.225,192.075,6042835.584,2133261.786,28.3,8.5,3,7.71,0,3,2678,2717,102.36,13.28,2,13411,3,3,4
2695,8164,1437,1.11344E+12,28.21,192.846,6042835.474,2133262.549,28.3,8.5,3,7.71,0,3,2678,2717,102.24,13.26,2,13411,3,3,4
2695,8165,1437,1.11344E+12,28.196,193.616,6042835.365,2133263.312,28.3,8.5,3,7.71,0,3,2678,2717,102.25,13.26,2,13411,3,3,4
2695,8166,1437,1.11344E+12,28.182,194.387,6042835.256,2133264.075,28.3,8.5,3,7.71,0,3,2678,2717,102.42,13.28,2,13411,3,3,4
2695,8167,1437,1.11344E+12,28.167,195.158,6042835.146,2133264.838,28.3,8.5,3,7.71,0,3,2678,2717,102.66,13.32,2,13411,3,3,4
2695,8168,1437,1.11344E+12,28.153,195.928,6042835.037,2133265.601,28.3,8.5,3,7.71,0,3,2678,2717,102.9,13.35,2,13411,3,3,4
2695,8169,1437,1.11344E+12,28.139,196.699,6042834.928,2133266.364,28.3,8.5,3,7.71,0,3,2678,2717,103.11,13.37,2,13411,3,3,4
2695,8170,1437,1.11344E+12,28.125,197.47,6042834.819,2133267.128,28.3,8.5,3,7.71,0,3,2678,2717,103.33,13.4,2,13411,3,3,4
2695,8171,1437,1.11344E+12,28.11,198.241,6042834.709,2133267.891,28.3,8.5,3,7.71,0,3,2678,2717,103.55,13.43,2,13411,3,3,4
2695,8172,1437,1.11344E+12,28.096,199.012,6042834.6,2133268.654,28.3,8.5,3,7.71,0,3,2678,2717,103.77,13.46,2,13411,3,3,4
2695,8173,1437,1.11344E+12,28.082,199.783,6042834.491,2133269.417,28.3,8.5,3,7.71,0,3,2678,2717,103.98,13.49,2,13411,3,3,4
2695,8174,1437,1.11344E+12,28.068,200.553,6042834.382,2133270.18,28.3,8.5,3,7.71,0,3,2678,2717,104.21,13.52,2,13411,3,3,4
2695,8175,1437,1.11344E+12,28.053,201.324,6042834.272,2133270.943,28.3,8.5,3,7.71,0,3,2678,2717,104.42,13.54,2,13411,3,3,4
2695,8176,1437,1.11344E+12,28.039,202.095,6042834.163,2133271.707,28.3,8.5,3,7.71,0,3,2678,2717,104.59,13.57,2,13411,3,3,4
2695,8177,1437,1.11344E+12,28.025,202.866,6042834.054,2133272.47,28.3,8.5,3,7.71,0,3,2678,2717,104.75,13.59,2,13411,3,3,4
2695,8178,1437,1.11344E+12,28.01,203.637,6042833.944,2133273.233,28.3,8.5,3,7.71,0,3,2678,2717,104.93,13.61,2,13411,3,3,4
2695,8179,1437,1.11344E+12,27.996,204.407,6042833.835,2133273.996,28.3,8.5,3,7.71,0.04,3,2678,2717,105.14,13.64,2,13411,3,3,4
2695,8180,1437,1.11344E+12,27.982,205.178,6042833.726,2133274.759,28.3,8.5,3,7.72,0.09,3,2678,2717,105.36,13.65,2,13411,3,3,4
2695,8181,1437,1.11344E+12,27.968,205.95,6042833.617,2133275.522,28.3,8.5,3,7.72,0.05,3,2678,2717,105.58,13.68,2,13411,3,3,4
2695,8182,1437,1.11344E+12,27.953,206.723,6042833.507,2133276.285,28.3,8.5,3,7.72,-0.04,3,2678,2717,105.8,13.7,2,13411,3,3,4
2695,8183,1437,1.11344E+12,27.939,207.495,6042833.398,2133277.049,28.3,8.5,3,7.72,-0.08,3,2678,2717,106.01,13.73,2,13411,3,3,4
2695,8184,1437,1.11344E+12,27.925,208.267,6042833.289,2133277.812,28.3,8.5,3,7.71,-0.05,3,2678,2717,106.23,13.78,2,13411,3,3,4
2695,8185,1437,1.11344E+12,27.909,209.037,6042833.179,2133278.575,28.3,8.5,3,7.71,0,3,2678,2717,106.45,13.81,2,13411,3,3,4
2695,8186,1437,1.11344E+12,27.895,209.808,6042833.07,2133279.338,28.3,8.5,3,7.71,0,3,2678,2717,106.67,13.83,2,13411,3,3,4
2695,8187,1437,1.11344E+12,27.881,210.578,6042832.961,2133280.101,28.3,8.5,3,7.71,0,3,2678,2717,106.89,13.86,2,13411,3,3,4
2695,8188,1437,1.11344E+12,27.867,211.349,6042832.852,2133280.864,28.3,8.5,3,7.71,0,3,2678,2717,107.1,13.89,2,13411,3,3,4
2695,8189,1437,1.11344E+12,27.852,212.12,6042832.742,2133281.628,28.3,8.5,3,7.71,0,3,2678,2717,107.32,13.92,2,13411,3,3,4
2695,8190,1437,1.11344E+12,27.838,212.891,6042832.633,2133282.391,28.3,8.5,3,7.71,0.03,3,2678,2717,107.54,13.95,2,13411,3,3,4
2695,8191,1437,1.11344E+12,27.824,213.662,6042832.524,2133283.154,28.3,8.5,3,7.72,0.09,3,2678,2717,107.76,13.96,2,13411,3,3,4
2695,8192,1437,1.11344E+12,27.809,214.436,6042832.414,2133283.917,28.3,8.5,3,7.71,-0.2,3,2678,2717,107.97,14,2,13411,3,3,4
2695,8193,1437,1.11344E+12,27.793,215.212,6042832.303,2133284.685,28.3,8.5,3,7.64,-1.09,3,2678,2717,108.19,14.16,2,13411,3,3,4
2695,8194,1437,1.11344E+12,27.779,215.977,6042832.194,2133285.449,28.3,8.5,3,7.47,-2.24,3,2678,2717,108.41,14.51,2,13411,3,3,4
2695,8195,1437,1.11344E+12,27.769,216.717,6042832.093,2133286.184,28.3,8.5,3,7.23,-2.79,3,2678,2717,108.66,15.03,2,13411,3,3,4
2695,8196,1437,1.11344E+12,27.765,217.423,6042832.002,2133286.882,28.3,8.5,3,6.99,-2.25,3,2678,2717,108.94,15.59,2,13411,3,3,4
2695,8197,1437,1.11344E+12,27.765,218.103,6042831.919,2133287.551,28.3,8.5,3,6.82,-1.1,3,2678,2717,109.25,16.02,2,13411,3,3,4
2695,8198,1437,1.11344E+12,27.766,218.773,6042831.837,2133288.216,28.3,8.5,3,6.75,-0.2,3,2678,2717,109.57,16.23,2,13411,3,3,4
2695,8199,1437,1.11344E+12,27.766,219.444,6042831.754,2133288.885,28.3,8.5,3,6.74,0.1,3,2678,2717,109.9,16.31,2,13411,3,3,4
2695,8200,1437,1.11344E+12,27.766,220.119,6042831.671,2133289.555,28.3,8.5,3,6.75,0.07,3,2678,2717,110.23,16.33,2,13411,3,3,4
2695,8201,1437,1.11344E+12,27.766,220.794,6042831.588,2133290.225,28.3,8.5,3,6.75,0.02,3,2678,2717,110.52,16.37,2,13411,3,3,4
2695,8202,1437,1.11344E+12,27.767,221.469,6042831.506,2133290.895,28.3,8.5,3,6.75,0,3,2678,2717,110.67,16.4,2,13411,3,3,4
2695,8203,1437,1.11344E+12,27.768,222.145,6042831.423,2133291.565,28.3,8.5,3,6.75,0,3,2678,2717,110.7,16.4,2,13411,3,3,4
2695,8204,1437,1.11344E+12,27.768,222.82,6042831.34,2133292.235,28.3,8.5,3,6.75,0,3,2678,2717,110.58,16.38,2,13411,3,3,4
2695,8205,1437,1.11344E+12,27.768,223.495,6042831.257,2133292.905,28.3,8.5,3,6.75,0,3,2678,2717,110.39,16.35,2,13411,3,3,4
2695,8206,1437,1.11344E+12,27.768,224.17,6042831.174,2133293.575,28.3,8.5,3,6.75,0,3,2678,2717,110.19,16.32,2,13411,3,3,4
2695,8207,1437,1.11344E+12,27.768,224.845,6042831.091,2133294.245,28.3,8.5,3,6.75,0,3,2678,2717,110.06,16.3,2,13411,3,3,4
2695,8208,1437,1.11344E+12,27.768,225.519,6042831.008,2133294.914,28.3,8.5,3,6.75,0,3,2678,2717,110.02,16.3,2,13411,3,3,4
2695,8209,1437,1.11344E+12,27.769,226.194,6042830.925,2133295.584,28.3,8.5,3,6.75,0.03,3,2678,2717,110.02,16.3,2,13411,3,3,4
2695,8210,1437,1.11344E+12,27.769,226.869,6042830.842,2133296.254,28.3,8.5,3,6.75,0,3,2678,2717,109.98,16.29,2,13411,3,3,4
2695,8211,1437,1.11344E+12,27.769,227.545,6042830.759,2133296.924,28.3,8.5,3,6.75,0,3,2678,2717,109.86,16.28,2,13411,3,3,4
2695,8212,1437,1.11344E+12,27.769,228.22,6042830.676,2133297.594,28.3,8.5,3,6.75,0,3,2678,2717,109.67,16.25,2,13411,3,3,4
2695,8213,1437,1.11344E+12,27.769,228.895,6042830.593,2133298.264,28.3,8.5,3,6.75,0,3,2678,2717,109.47,16.22,2,13411,3,3,4
2695,8214,1437,1.11344E+12,27.771,229.57,6042830.511,2133298.934,28.3,8.5,3,6.75,0,3,2678,2717,109.27,16.19,2,13411,3,3,4
2695,8215,1437,1.11344E+12,27.771,230.245,6042830.428,2133299.604,28.3,8.5,3,6.75,0,3,2678,2717,109.08,16.16,2,13411,3,3,4
2695,8216,1437,1.11344E+12,27.771,230.92,6042830.345,2133300.274,28.3,8.5,3,6.75,0,3,2678,2717,108.89,16.13,2,13411,3,3,4
2695,8217,1437,1.11344E+12,27.771,231.594,6042830.262,2133300.943,28.3,8.5,3,6.75,0,3,2678,2717,108.71,16.11,2,13411,3,3,4
2695,8218,1437,1.11344E+12,27.771,232.269,6042830.179,2133301.613,28.3,8.5,3,6.75,0.03,3,2678,2717,108.59,16.09,2,13411,3,3,4
2695,8219,1437,1.11344E+12,27.771,232.944,6042830.096,2133302.283,28.3,8.5,3,6.75,0,3,2678,2717,108.55,16.08,2,13411,3,3,4
2695,8220,1437,1.11344E+12,27.772,233.62,6042830.013,2133302.953,28.3,8.5,3,6.75,0,3,2678,2717,108.55,16.08,2,13411,3,3,4
2695,8221,1437,1.11344E+12,27.772,234.295,6042829.93,2133303.623,28.3,8.5,3,6.75,0,3,2678,2717,108.49,16.07,2,13411,3,3,4
2695,8222,1437,1.11344E+12,27.772,234.97,6042829.847,2133304.293,28.3,8.5,3,6.75,0,3,2678,2717,108.36,16.05,2,13411,3,3,4
2695,8223,1437,1.11344E+12,27.772,235.645,6042829.764,2133304.963,28.3,8.5,3,6.75,0,3,2678,2717,108.23,16.03,2,13411,3,3,4
2695,8224,1437,1.11344E+12,27.772,236.32,6042829.681,2133305.633,28.3,8.5,3,6.75,0,3,2678,2717,108.18,16.03,2,13411,3,3,4
2695,8225,1437,1.11344E+12,27.773,236.995,6042829.598,2133306.303,28.3,8.5,3,6.75,0,3,2678,2717,108.17,16.03,2,13411,3,3,4
2695,8226,1437,1.11344E+12,27.774,237.669,6042829.516,2133306.972,28.3,8.5,3,6.75,0,3,2678,2717,108.12,16.02,2,13411,3,3,4
2695,8227,1437,1.11344E+12,27.774,238.344,6042829.433,2133307.642,28.3,8.5,3,6.75,0.03,3,2678,2717,107.99,16,2,13411,3,3,4
2695,8228,1437,1.11344E+12,27.774,239.019,6042829.35,2133308.312,28.3,8.5,3,6.75,0,3,2678,2717,107.86,15.98,2,13411,3,3,4
2695,8229,1437,1.11344E+12,27.774,239.695,6042829.267,2133308.982,28.3,8.5,3,6.75,0,3,2678,2717,107.8,15.97,2,13411,3,3,4
2695,8230,1437,1.11344E+12,27.774,240.366,6042829.184,2133309.652,28.3,8.5,3,6.79,0.54,3,2678,2717,107.8,15.88,2,13411,3,3,4
2695,8231,1437,1.11344E+12,27.775,241.057,6042829.101,2133310.322,28.3,8.5,3,6.75,-0.77,3,2678,2717,107.73,15.96,2,13411,3,3,4
2695,8240,1437,1.11344E+12,27.277,245.898,6042828.007,2133315.09,28.3,8.5,3,7.33,0.91,3,2678,2717,108.72,14.83,2,13411,3,3,4
2695,8241,1437,1.11344E+12,27.277,246.648,6042827.917,2133315.818,28.3,8.5,3,7.37,-0.55,3,2678,2717,108.65,14.74,2,13411,3,3,4
2695,8242,1437,1.11344E+12,27.277,247.378,6042827.827,2133316.546,28.3,8.5,3,7.33,0,3,2678,2717,108.52,14.8,2,13411,3,3,4
2695,8243,1437,1.11344E+12,27.278,248.111,6042827.737,2133317.274,28.3,8.5,3,7.33,0,3,2678,2717,108.38,14.79,2,13411,3,3,4
2695,8244,1437,1.11344E+12,27.278,248.845,6042827.647,2133318.001,28.3,8.5,3,7.33,0,3,2678,2717,108.3,14.77,2,13411,3,3,4
2695,8245,1437,1.11344E+12,27.278,249.578,6042827.557,2133318.729,28.3,8.5,3,7.33,0,3,2678,2717,108.23,14.77,2,13411,3,3,4
2695,8246,1437,1.11344E+12,27.278,250.312,6042827.466,2133319.457,28.3,8.5,3,7.34,0,3,2678,2717,108.18,14.74,2,13411,3,3,4
2695,8247,1437,1.11344E+12,27.278,251.045,6042827.376,2133320.185,28.3,8.5,3,7.33,-0.02,3,2678,2717,108.17,14.76,2,13411,3,3,4
2695,8248,1437,1.11344E+12,27.279,251.778,6042827.286,2133320.913,28.3,8.5,3,7.33,0,3,2678,2717,108.19,14.76,2,13411,3,3,4
2695,8249,1437,1.11344E+12,27.279,252.512,6042827.196,2133321.64,28.3,8.5,3,7.33,0,3,2678,2717,108.16,14.76,2,13411,3,3,4
2695,8250,1437,1.11344E+12,27.279,253.245,6042827.106,2133322.368,28.3,8.5,3,7.33,0,3,2678,2717,108.05,14.74,2,13411,3,3,4
2695,8251,1437,1.11344E+12,27.28,253.978,6042827.016,2133323.096,28.3,8.5,3,7.33,0,3,2678,2717,107.9,14.72,2,13411,3,3,4
2695,8252,1437,1.11344E+12,27.28,254.703,6042826.926,2133323.824,28.3,8.5,3,7.41,1.19,3,2678,2717,107.81,14.55,2,13411,3,3,4
2695,8253,1437,1.11344E+12,27.28,255.444,6042826.836,2133324.551,28.3,8.5,3,7.58,2.24,3,2678,2717,107.72,14.21,2,13411,3,3,4
2695,8254,1437,1.11344E+12,27.281,256.219,6042826.746,2133325.279,28.3,8.5,3,7.7,1.08,3,2678,2717,107.57,13.97,2,13411,3,3,4
2695,8255,1437,1.11344E+12,27.278,257.007,6042826.656,2133326.007,28.3,8.5,3,7.7,-1.08,3,2678,2717,107.32,13.94,2,13411,3,3,4
2695,8256,1437,1.11344E+12,27.274,257.783,6042826.566,2133326.735,28.3,8.5,3,7.58,-2.25,3,2678,2717,107.09,14.13,2,13411,3,3,4
2695,8257,1437,1.11344E+12,27.271,258.523,6042826.476,2133327.463,28.3,8.5,3,7.41,-1.19,3,2678,2717,106.97,14.44,2,13411,3,3,4
2695,8258,1437,1.11344E+12,27.268,259.249,6042826.386,2133328.19,28.3,8.5,3,7.33,0,3,2678,2717,106.9,14.58,2,13411,3,3,4
2695,8259,1437,1.11344E+12,27.263,259.982,6042826.295,2133328.918,28.3,8.5,3,7.33,0,3,2678,2717,106.8,14.57,2,13411,3,3,4
2695,8260,1437,1.11344E+12,27.26,260.711,6042826.205,2133329.646,28.3,8.5,3,7.37,0.6,3,2678,2717,106.67,14.47,2,13411,3,3,4
2695,8261,1437,1.11344E+12,27.257,261.46,6042826.115,2133330.374,28.3,8.5,3,7.36,-0.47,3,2678,2717,106.53,14.47,2,13411,3,3,4
2695,8265,1437,1.11344E+12,27.11,263.948,6042825.671,2133332.863,28.3,8.5,3,4.88,-1.36,3,2678,2717,106.9,21.9,2,13411,3,3,4
2695,8270,1437,1.11344E+12,27.062,267.461,6042825.209,2133336.334,28.3,8.5,3,9.18,0.95,3,2678,2717,106.67,11.62,2,13411,3,3,4
2695,8271,1437,1.11344E+12,27.124,268.397,6042825.162,2133337.253,28.3,8.5,3,9.22,-0.54,3,2678,2717,106.41,11.54,2,13411,3,3,4
2695,8272,1437,1.11344E+12,27.186,269.312,6042825.115,2133338.173,28.3,8.5,3,9.19,0,3,2678,2717,106.23,11.56,2,13411,3,3,4
2695,8273,1437,1.11344E+12,27.248,270.231,6042825.068,2133339.093,28.3,8.5,3,9.19,0,3,2678,2717,106.11,11.55,2,13411,3,3,4
2695,8274,1437,1.11344E+12,27.311,271.15,6042825.022,2133340.013,28.3,8.5,3,9.19,0,3,2678,2717,105.97,11.53,2,13411,3,3,4
2695,8275,1437,1.11344E+12,27.373,272.068,6042824.975,2133340.932,28.3,8.5,3,9.19,0,3,2678,2717,105.73,11.51,2,13411,3,3,4
2695,8276,1437,1.11344E+12,27.435,272.987,6042824.928,2133341.852,28.3,8.5,3,9.19,0,3,2678,2717,105.41,11.47,2,13411,3,3,4
2695,8277,1437,1.11344E+12,27.497,273.906,6042824.881,2133342.772,28.3,8.5,3,9.19,0,3,2678,2717,105.09,11.43,2,13411,3,3,4
2695,8278,1437,1.11344E+12,27.56,274.825,6042824.834,2133343.692,28.3,8.5,3,9.19,0,3,2678,2717,104.8,11.4,2,13411,3,3,4
2695,8279,1437,1.11344E+12,27.622,275.744,6042824.787,2133344.612,28.3,8.5,3,9.19,0,3,2678,2717,104.56,11.38,2,13411,3,3,4
2695,8280,1437,1.11344E+12,27.685,276.662,6042824.741,2133345.531,28.3,8.5,3,9.19,0,3,2678,2717,104.38,11.36,2,13411,3,3,4
2695,8281,1437,1.11344E+12,27.747,277.581,6042824.694,2133346.451,28.3,8.5,3,9.19,0.02,3,2678,2717,104.25,11.34,2,13411,3,3,4
2695,8282,1437,1.11344E+12,27.809,278.5,6042824.647,2133347.371,28.3,8.5,3,9.19,0,3,2678,2717,104.09,11.33,2,13411,3,3,4
2695,8283,1437,1.11344E+12,27.871,279.419,6042824.6,2133348.291,28.3,8.5,3,9.19,0,3,2678,2717,103.91,11.31,2,13411,3,3,4
2695,8284,1437,1.11344E+12,27.933,280.338,6042824.553,2133349.21,28.3,8.5,3,9.19,0,3,2678,2717,103.78,11.29,2,13411,3,3,4
2695,8285,1437,1.11344E+12,27.995,281.257,6042824.506,2133350.13,28.3,8.5,3,9.19,0,3,2678,2717,103.7,11.28,2,13411,3,3,4
2695,8286,1437,1.11344E+12,28.058,282.176,6042824.46,2133351.05,28.3,8.5,3,9.19,0,3,2678,2717,103.61,11.27,2,13411,3,3,4
2695,8287,1437,1.11344E+12,28.12,283.095,6042824.413,2133351.97,28.3,8.5,3,9.19,0,3,2678,2717,103.42,11.25,2,13411,3,3,4
2695,8288,1437,1.11344E+12,28.182,284.014,6042824.366,2133352.89,28.3,8.5,3,9.19,0,3,2678,2717,103.23,11.23,2,13411,3,3,4
2695,8289,1437,1.11344E+12,28.244,284.932,6042824.319,2133353.809,28.3,8.5,3,9.19,0,3,2678,2717,103.09,11.22,2,13411,3,3,4
2695,8290,1437,1.11344E+12,28.306,285.852,6042824.272,2133354.729,28.3,8.5,3,9.18,-0.16,3,2678,2717,102.95,11.21,2,13411,3,3,4
2695,8291,1437,1.11344E+12,28.368,286.77,6042824.225,2133355.649,28.3,8.5,3,9.15,-0.33,3,2678,2717,102.71,11.22,2,13411,3,3,4
2695,8292,1437,1.11344E+12,28.432,287.677,6042824.179,2133356.569,28.3,8.5,3,9.19,0.7,3,2678,2717,102.39,11.14,2,13411,3,3,4
2695,8298,1437,1.11344E+12,28.6,294.184,6042823.577,2133363.05,28.3,8.5,3,12.5,0.7,3,2678,2717,100.15,8.01,2,13411,3,3,4
2695,8299,1437,1.11344E+12,28.595,295.446,6042823.424,2133364.29,28.3,8.5,3,12.54,-0.33,3,2678,2717,99.55,7.94,2,13411,3,3,4
2695,8300,1437,1.11344E+12,28.589,296.697,6042823.27,2133365.531,28.3,8.5,3,12.51,-0.17,3,2678,2717,99.01,7.91,2,13411,3,3,4
2695,8301,1437,1.11344E+12,28.582,297.945,6042823.116,2133366.771,28.3,8.5,3,12.5,0,3,2678,2717,98.56,7.88,2,13411,3,3,4
2695,8302,1437,1.11344E+12,28.577,299.196,6042822.963,2133368.012,28.3,8.5,3,12.5,0,3,2678,2717,98.14,7.85,2,13411,3,3,4
2695,8303,1437,1.11344E+12,28.571,300.445,6042822.809,2133369.252,28.3,8.5,3,12.5,0,3,2678,2717,97.7,7.82,2,13411,3,3,4
2695,8304,1437,1.11344E+12,28.566,301.696,6042822.656,2133370.493,28.3,8.5,3,12.5,0,3,2678,2717,97.21,7.78,2,13411,3,3,4
2695,8305,1437,1.11344E+12,28.559,302.945,6042822.502,2133371.733,28.3,8.5,3,12.5,0,3,2678,2717,96.69,7.74,2,13411,3,3,4
2695,8306,1437,1.11344E+12,28.553,304.204,6042822.348,2133372.974,28.3,8.5,3,12.42,-1.29,3,2678,2717,96.18,7.74,2,13411,3,3,4
2695,8307,1437,1.11344E+12,28.548,305.446,6042822.195,2133374.214,28.3,8.5,3,12.24,-2.41,3,2678,2717,95.69,7.82,2,13411,3,3,4
2695,8308,1437,1.11344E+12,28.541,306.651,6042822.041,2133375.455,28.3,8.5,3,12.1,-1.16,3,2678,2717,95.25,7.87,2,13411,3,3,4
2695,8309,1437,1.11344E+12,28.539,307.842,6042821.888,2133376.695,28.3,8.5,3,12.1,1.15,3,2678,2717,94.8,7.83,2,13411,3,3,4
2695,8310,1437,1.11344E+12,28.539,309.044,6042821.734,2133377.936,28.3,8.5,3,12.26,2.75,3,2678,2717,94.31,7.69,2,13411,3,3,4
2695,8311,1437,1.11344E+12,28.539,310.291,6042821.58,2133379.176,28.3,8.5,3,12.46,1.51,3,2678,2717,93.74,7.52,2,13411,3,3,4
2695,8312,1437,1.11344E+12,28.541,311.571,6042821.427,2133380.417,28.3,8.5,3,12.41,-2.23,3,2678,2717,93.11,7.5,2,13411,3,3,4
2695,8320,1437,1.11344E+12,28.283,318.843,6042820.27,2133387.632,28.3,8.5,3,6.27,-2.49,3,2678,2717,91.53,14.6,2,13411,3,3,4
2695,8321,1437,1.11344E+12,28.283,319.43,6042820.202,2133388.184,28.3,8.5,3,6.2,1.62,3,2678,2717,91.55,14.77,2,13411,3,3,4
2695,8322,1437,1.11344E+12,28.284,320.055,6042820.126,2133388.802,28.3,8.5,3,6.3,1.58,3,2678,2717,91.46,14.52,2,13411,3,3,4
2695,8323,1437,1.11344E+12,28.284,320.718,6042820.04,2133389.495,28.3,8.5,3,6.22,-2.64,3,2678,2717,91.29,14.68,2,13411,3,3,4
2695,8326,1437,1.11344E+12,28.286,322.395,6042819.838,2133391.133,28.3,8.5,3,5.05,-1.54,3,2678,2717,91.45,18.11,2,13411,3,3,4
2695,8327,1437,1.11344E+12,28.285,322.879,6042819.776,2133391.629,28.3,8.5,3,4.96,0.24,3,2678,2717,91.59,18.47,2,13411,3,3,4
2695,8328,1437,1.11344E+12,28.286,323.376,6042819.715,2133392.126,28.3,8.5,3,4.98,0.25,3,2678,2717,91.63,18.4,2,13411,3,3,4
2695,8329,1437,1.11344E+12,28.287,323.88,6042819.654,2133392.622,28.3,8.5,3,4.98,-0.28,3,2678,2717,91.66,18.41,2,13411,3,3,4
2695,8330,1437,1.11344E+12,28.288,324.376,6042819.593,2133393.118,28.3,8.5,3,4.96,-0.24,3,2678,2717,91.77,18.5,2,13411,3,3,4
2695,8331,1437,1.11344E+12,28.287,324.86,6042819.531,2133393.614,28.3,8.5,3,5.05,1.57,3,2678,2717,92,18.22,2,13411,3,3,4
2695,8334,1437,1.11344E+12,28.289,326.537,6042819.329,2133395.253,28.3,8.5,3,6.27,3.11,3,2678,2717,92.59,14.77,2,13411,3,3,4
2695,8335,1437,1.11344E+12,28.289,327.218,6042819.243,2133395.946,28.3,8.5,3,6.3,-2.64,3,2678,2717,92.47,14.68,2,13411,3,3,4
2695,8340,1437,1.11344E+12,28.292,329.559,6042818.958,2133398.259,28.3,8.5,3,3.32,-1.66,3,2678,2717,92.82,27.96,2,13411,3,3,4
2695,8341,1437,1.11344E+12,28.291,329.86,6042818.918,2133398.577,28.3,8.5,3,3.34,1.68,3,2678,2717,93.19,27.9,2,13411,3,3,4
2695,8345,1437,1.11344E+12,28.307,331.698,6042818.705,2133400.419,28.3,8.5,3,5.42,-2.51,3,2678,2717,94.04,17.35,2,13411,3,3,4
2695,8347,1437,1.11344E+12,28.221,332.705,6042818.498,2133401.382,28.3,8.5,3,4.86,-0.51,3,2678,2717,94.54,19.45,2,13411,3,3,4
2695,8352,1437,1.11344E+12,28.052,335.991,6042817.926,2133404.62,28.3,8.5,3,8.04,0.06,3,2678,2717,95.43,11.87,2,13411,3,3,4
2695,8353,1437,1.11344E+12,28.052,336.803,6042817.827,2133405.414,28.3,8.5,3,8,-0.86,3,2678,2717,95.4,11.92,2,13411,3,3,4
2695,8354,1437,1.11344E+12,28.053,337.598,6042817.729,2133406.208,28.3,8.5,3,7.92,-0.78,3,2678,2717,95.22,12.02,2,13411,3,3,4
2695,8355,1437,1.11344E+12,28.054,338.384,6042817.631,2133407.002,28.3,8.5,3,7.87,-0.38,3,2678,2717,95,12.07,2,13411,3,3,4
2695,8356,1437,1.11344E+12,28.054,339.165,6042817.532,2133407.796,28.3,8.5,3,7.87,0.37,3,2678,2717,94.93,12.06,2,13411,3,3,4
2695,8357,1437,1.11344E+12,28.056,339.951,6042817.434,2133408.59,28.3,8.5,3,7.92,0.77,3,2678,2717,94.99,11.99,2,13411,3,3,4
2695,8358,1437,1.11344E+12,28.059,340.748,6042817.336,2133409.384,28.3,8.5,3,7.98,0.42,3,2678,2717,95.03,11.91,2,13411,3,3,4
2695,8359,1437,1.11344E+12,28.061,341.551,6042817.238,2133410.178,28.3,8.5,3,8,0,3,2678,2717,94.89,11.86,2,13411,3,3,4
2695,8360,1437,1.11344E+12,28.062,342.352,6042817.139,2133410.972,28.3,8.5,3,8,0,3,2678,2717,94.66,11.83,2,13411,3,3,4
2695,8361,1437,1.11344E+12,28.064,343.152,6042817.041,2133411.766,28.3,8.5,3,8,-0.03,3,2678,2717,94.48,11.81,2,13411,3,3,4
2695,8362,1437,1.11344E+12,28.066,343.952,6042816.943,2133412.56,28.3,8.5,3,8,0,3,2678,2717,94.33,11.79,2,13411,3,3,4
2695,8363,1437,1.11344E+12,28.067,344.751,6042816.844,2133413.353,28.3,8.5,3,8,0,3,2678,2717,94.16,11.77,2,13411,3,3,4
2695,8364,1437,1.11344E+12,28.069,345.551,6042816.746,2133414.147,28.3,8.5,3,8,0,3,2678,2717,93.96,11.74,2,13411,3,3,4
2695,8365,1437,1.11344E+12,28.071,346.351,6042816.648,2133414.941,28.3,8.5,3,8,0,3,2678,2717,93.77,11.72,2,13411,3,3,4
2695,8366,1437,1.11344E+12,28.072,347.151,6042816.549,2133415.735,28.3,8.5,3,8,0,3,2678,2717,93.63,11.7,2,13411,3,3,4
2695,8367,1437,1.11344E+12,28.074,347.951,6042816.451,2133416.529,28.3,8.5,3,8,0,3,2678,2717,93.5,11.69,2,13411,3,3,4
2695,8368,1437,1.11344E+12,28.076,348.751,6042816.353,2133417.323,28.3,8.5,3,8,0,3,2678,2717,93.38,11.67,2,13411,3,3,4
2695,8369,1437,1.11344E+12,28.077,349.551,6042816.254,2133418.117,28.3,8.5,3,8,0,3,2678,2717,93.24,11.66,2,13411,3,3,4
2695,8370,1437,1.11344E+12,28.079,350.351,6042816.156,2133418.911,28.3,8.5,3,8,0,3,2678,2717,93.11,11.64,2,13411,3,3,4
2695,8371,1437,1.11344E+12,28.081,351.151,6042816.058,2133419.705,28.3,8.5,3,8,0,3,2678,2717,92.99,11.62,2,13411,3,3,4
2695,8372,1437,1.11344E+12,28.082,351.951,6042815.959,2133420.499,28.3,8.5,3,8,0,3,2678,2717,92.85,11.61,2,13411,3,3,4
2695,8373,1437,1.11344E+12,28.084,352.75,6042815.861,2133421.293,28.3,8.5,3,8.01,0.11,3,2678,2717,92.66,11.57,2,13411,3,3,4
2695,8374,1437,1.11344E+12,28.086,353.549,6042815.763,2133422.087,28.3,8.5,3,8.04,0.5,3,2678,2717,92.44,11.5,2,13411,3,3,4
2695,8375,1437,1.11344E+12,28.088,354.364,6042815.665,2133422.881,28.3,8.5,3,8.01,-0.74,3,2678,2717,92.25,11.52,2,13411,3,3,4
2695,8382,1437,1.11344E+12,28.349,358.65,6042815.386,2133427.179,28.3,8.5,3,5.84,1.57,3,2678,2717,93.2,15.96,2,13411,3,3,4
2695,8385,1437,1.11344E+12,28.323,360.328,6042815.154,2133428.814,28.3,8.5,3,5.42,2.58,3,2678,2717,93.62,17.27,2,13411,3,3,4
2695,8388,1437,1.11344E+12,28.707,362.146,6042815.304,2133430.695,28.3,8.5,3,6.64,1.72,3,2678,2717,93.29,14.05,2,13411,3,3,4
2695,8389,1437,1.11344E+12,28.814,362.832,6042815.324,2133431.389,28.3,8.5,3,6.73,-0.1,3,2678,2717,93.13,13.84,2,13411,3,3,4
2695,8390,1437,1.11344E+12,28.887,363.517,6042815.313,2133432.068,28.3,8.5,3,6.63,-1.82,3,2678,2717,93.08,14.04,2,13411,3,3,4
2695,8394,1437,1.11344E+12,28.866,365.865,6042815.002,2133434.366,28.3,8.5,3,5,-3.09,3,2678,2717,93.59,18.72,2,13411,3,3,4
2695,8397,1437,1.11344E+12,28.87,367.168,6042814.837,2133435.705,28.3,8.5,3,3.74,-2.88,3,2678,2717,94.4,25.24,2,13411,3,3,4
2695,8398,1437,1.11344E+12,28.871,367.491,6042814.8,2133436.005,28.3,8.5,3,3.74,2.88,3,2678,2717,94.84,25.36,2,13411,3,3,4
2695,8401,1437,1.11344E+12,28.874,368.812,6042814.635,2133437.344,28.3,8.5,3,4.95,1.54,3,2678,2717,95.81,19.35,2,13411,3,3,4
2695,8402,1437,1.11344E+12,28.875,369.328,6042814.573,2133437.84,28.3,8.5,3,5.04,-0.24,3,2678,2717,96.13,19.07,2,13411,3,3,4
2695,8403,1437,1.11344E+12,28.876,369.831,6042814.512,2133438.336,28.3,8.5,3,5.02,-0.24,3,2678,2717,96.48,19.22,2,13411,3,3,4
2695,8404,1437,1.11344E+12,28.878,370.331,6042814.451,2133438.833,28.3,8.5,3,4.98,-0.25,3,2678,2717,96.79,19.44,2,13411,3,3,4
2695,8405,1437,1.11344E+12,28.879,370.828,6042814.389,2133439.329,28.3,8.5,3,4.96,-0.25,3,2678,2717,97.01,19.56,2,13411,3,3,4
2695,8406,1437,1.11344E+12,28.88,371.31,6042814.328,2133439.825,28.3,8.5,3,5.07,1.79,3,2678,2717,97.13,19.16,2,13411,3,3,4
2695,8409,1437,1.11344E+12,28.884,373.013,6042814.122,2133441.493,28.3,8.5,3,5.84,-2.09,3,2678,2717,97.07,16.62,2,13411,3,3,4
2695,8412,1437,1.11344E+12,28.961,374.491,6042814.015,2133442.956,28.3,8.5,3,4.38,1.35,3,2678,2717,97.97,22.37,2,13411,3,3,4
2695,8416,1437,1.11344E+12,29.136,376.737,6042813.904,2133445.234,28.3,8.5,3,6.68,0.64,3,2678,2717,98.88,14.8,2,13411,3,3,4
2695,8417,1437,1.11344E+12,29.137,377.417,6042813.822,2133445.895,28.3,8.5,3,6.7,-0.44,3,2678,2717,98.9,14.76,2,13411,3,3,4
2695,8418,1437,1.11344E+12,29.138,378.083,6042813.74,2133446.557,28.3,8.5,3,6.67,-0.12,3,2678,2717,98.85,14.82,2,13411,3,3,4
2695,8419,1437,1.11344E+12,29.14,378.749,6042813.658,2133447.219,28.3,8.5,3,6.67,0,3,2678,2717,98.7,14.8,2,13411,3,3,4
2695,8420,1437,1.11344E+12,29.141,379.415,6042813.576,2133447.88,28.3,8.5,3,6.67,0,3,2678,2717,98.49,14.77,2,13411,3,3,4
2695,8421,1437,1.11344E+12,29.143,380.082,6042813.495,2133448.542,28.3,8.5,3,6.67,0,3,2678,2717,98.3,14.74,2,13411,3,3,4
2695,8422,1437,1.11344E+12,29.145,380.748,6042813.413,2133449.203,28.3,8.5,3,6.67,0.02,3,2678,2717,98.19,14.72,2,13411,3,3,4
2695,8423,1437,1.11344E+12,29.146,381.415,6042813.331,2133449.865,28.3,8.5,3,6.67,0,3,2678,2717,98.15,14.72,2,13411,3,3,4
2695,8424,1437,1.11344E+12,29.148,382.082,6042813.249,2133450.527,28.3,8.5,3,6.67,0,3,2678,2717,98.15,14.71,2,13411,3,3,4
2695,8425,1437,1.11344E+12,29.149,382.739,6042813.167,2133451.188,28.3,8.5,3,6.77,1.58,3,2678,2717,98.12,14.49,2,13411,3,3,4
2695,8426,1437,1.11344E+12,29.15,383.416,6042813.085,2133451.85,28.3,8.5,3,7,2.98,3,2678,2717,98.04,14.01,2,13411,3,3,4
2695,8427,1437,1.11344E+12,29.152,384.138,6042813.003,2133452.512,28.3,8.5,3,7.16,1.43,3,2678,2717,97.93,13.68,2,13411,3,3,4
2695,8428,1437,1.11344E+12,29.149,384.878,6042812.921,2133453.173,28.3,8.5,3,7.16,-1.44,3,2678,2717,97.85,13.67,2,13411,3,3,4
2695,8429,1437,1.11344E+12,29.146,385.6,6042812.839,2133453.835,28.3,8.5,3,6.99,-2.98,3,2678,2717,97.81,13.99,2,13411,3,3,4
2695,8430,1437,1.11344E+12,29.144,386.277,6042812.757,2133454.496,28.3,8.5,3,6.77,-1.59,3,2678,2717,97.8,14.45,2,13411,3,3,4
2695,8431,1437,1.11344E+12,29.141,386.933,6042812.675,2133455.158,28.3,8.5,3,6.67,0,3,2678,2717,97.81,14.66,2,13411,3,3,4
2695,8432,1437,1.11344E+12,29.138,387.6,6042812.593,2133455.82,28.3,8.5,3,6.67,0,3,2678,2717,97.81,14.66,2,13411,3,3,4
2695,8433,1437,1.11344E+12,29.135,388.266,6042812.511,2133456.481,28.3,8.5,3,6.67,0,3,2678,2717,97.83,14.67,2,13411,3,3,4
2695,8434,1437,1.11344E+12,29.132,388.933,6042812.429,2133457.143,28.3,8.5,3,6.67,0,3,2678,2717,97.82,14.67,2,13411,3,3,4
2695,8435,1437,1.11344E+12,29.13,389.599,6042812.348,2133457.804,28.3,8.5,3,6.67,0,3,2678,2717,97.76,14.66,2,13411,3,3,4
2695,8436,1437,1.11344E+12,29.128,390.266,6042812.266,2133458.466,28.3,8.5,3,6.67,0,3,2678,2717,97.67,14.64,2,13411,3,3,4
2695,8437,1437,1.11344E+12,29.125,390.933,6042812.184,2133459.128,28.3,8.5,3,6.67,0,3,2678,2717,97.61,14.63,2,13411,3,3,4
2695,8438,1437,1.11344E+12,29.122,391.599,6042812.102,2133459.789,28.3,8.5,3,6.67,0.03,3,2678,2717,97.66,14.64,2,13411,3,3,4
2695,8439,1437,1.11344E+12,29.119,392.266,6042812.02,2133460.451,28.3,8.5,3,6.67,0.06,3,2678,2717,97.8,14.66,2,13411,3,3,4
2695,8440,1437,1.11344E+12,29.116,392.934,6042811.938,2133461.113,28.3,8.5,3,6.67,-0.1,3,2678,2717,98,14.69,2,13411,3,3,4
2695,8441,1437,1.11344E+12,29.114,393.604,6042811.856,2133461.777,28.3,8.5,3,6.63,-0.58,3,2678,2717,98.13,14.8,2,13411,3,3,4
2695,8442,1437,1.11344E+12,29.111,394.268,6042811.774,2133462.439,28.3,8.5,3,6.54,-1.18,3,2678,2717,98.14,15.01,2,13411,3,3,4
2695,8443,1437,1.11344E+12,29.107,394.918,6042811.693,2133463.085,28.3,8.5,3,6.42,-1.46,3,2678,2717,98.03,15.27,2,13411,3,3,4
2695,8444,1437,1.11344E+12,29.105,395.551,6042811.616,2133463.712,28.3,8.5,3,6.29,-1.16,3,2678,2717,97.86,15.56,2,13411,3,3,4
2695,8445,1437,1.11344E+12,29.102,396.17,6042811.54,2133464.324,28.3,8.5,3,6.2,-0.56,3,2678,2717,97.72,15.76,2,13411,3,3,4
2695,8446,1437,1.11344E+12,29.1,396.784,6042811.465,2133464.933,28.3,8.5,3,6.17,-0.11,3,2678,2717,97.65,15.83,2,13411,3,3,4
2695,8447,1437,1.11344E+12,29.097,397.399,6042811.389,2133465.545,28.3,8.5,3,6.16,0.05,3,2678,2717,97.67,15.86,2,13411,3,3,4
2695,8448,1437,1.11344E+12,29.095,398.016,6042811.313,2133466.157,28.3,8.5,3,6.16,0.03,3,2678,2717,97.71,15.86,2,13411,3,3,4
2695,8449,1437,1.11344E+12,29.092,398.633,6042811.237,2133466.769,28.3,8.5,3,6.17,0,3,2678,2717,97.73,15.84,2,13411,3,3,4
2695,8450,1437,1.11344E+12,29.09,399.249,6042811.162,2133467.381,28.3,8.5,3,6.17,0,3,2678,2717,97.71,15.84,2,13411,3,3,4
2695,8451,1437,1.11344E+12,29.087,399.866,6042811.086,2133467.993,28.3,8.5,3,6.17,0,3,2678,2717,97.72,15.84,2,13411,3,3,4
2695,8452,1437,1.11344E+12,29.084,400.483,6042811.01,2133468.605,28.3,8.5,3,6.17,0,3,2678,2717,97.77,15.85,2,13411,3,3,4
2695,8453,1437,1.11344E+12,29.082,401.099,6042810.934,2133469.217,28.3,8.5,3,6.17,0,3,2678,2717,97.78,15.85,2,13411,3,3,4
2695,8454,1437,1.11344E+12,29.079,401.716,6042810.858,2133469.829,28.3,8.5,3,6.17,0,3,2678,2717,97.72,15.84,2,13411,3,3,4
2695,8455,1437,1.11344E+12,29.077,402.333,6042810.783,2133470.441,28.3,8.5,3,6.17,0,3,2678,2717,97.58,15.81,2,13411,3,3,4
2695,8456,1437,1.11344E+12,29.074,402.949,6042810.707,2133471.053,28.3,8.5,3,6.17,0,3,2678,2717,97.44,15.79,2,13411,3,3,4
2695,8457,1437,1.11344E+12,29.072,403.566,6042810.631,2133471.665,28.3,8.5,3,6.17,0,3,2678,2717,97.37,15.78,2,13411,3,3,4
2695,8458,1437,1.11344E+12,29.069,404.183,6042810.555,2133472.277,28.3,8.5,3,6.17,0,3,2678,2717,97.39,15.78,2,13411,3,3,4
2695,8459,1437,1.11344E+12,29.067,404.799,6042810.48,2133472.889,28.3,8.5,3,6.17,0,3,2678,2717,97.45,15.79,2,13411,3,3,4
2695,8460,1437,1.11344E+12,29.064,405.416,6042810.404,2133473.501,28.3,8.5,3,6.17,0,3,2678,2717,97.47,15.8,2,13411,3,3,4
2695,8461,1437,1.11344E+12,29.061,406.033,6042810.328,2133474.113,28.3,8.5,3,6.17,0,3,2678,2717,97.4,15.79,2,13411,3,3,4
2695,8462,1437,1.11344E+12,29.059,406.649,6042810.252,2133474.725,28.3,8.5,3,6.17,0,3,2678,2717,97.26,15.76,2,13411,3,3,4
2695,8463,1437,1.11344E+12,29.056,407.266,6042810.176,2133475.337,28.3,8.5,3,6.17,0,3,2678,2717,97.12,15.74,2,13411,3,3,4
2695,8464,1437,1.11344E+12,29.054,407.883,6042810.101,2133475.949,28.3,8.5,3,6.17,0,3,2678,2717,97.05,15.73,2,13411,3,3,4
2695,8465,1437,1.11344E+12,29.051,408.499,6042810.025,2133476.561,28.3,8.5,3,6.17,0,3,2678,2717,97.07,15.73,2,13411,3,3,4
2695,8466,1437,1.11344E+12,29.048,409.116,6042809.949,2133477.173,28.3,8.5,3,6.17,0,3,2678,2717,97.13,15.74,2,13411,3,3,4
2695,8467,1437,1.11344E+12,29.046,409.733,6042809.873,2133477.785,28.3,8.5,3,6.17,0,3,2678,2717,97.15,15.75,2,13411,3,3,4
2695,8468,1437,1.11344E+12,29.044,410.35,6042809.798,2133478.397,28.3,8.5,3,6.16,-0.13,3,2678,2717,97.08,15.76,2,13411,3,3,4
2695,8469,1437,1.11344E+12,29.041,410.966,6042809.722,2133479.009,28.3,8.5,3,6.14,-0.25,3,2678,2717,96.96,15.79,2,13411,3,3,4
2695,8470,1437,1.11344E+12,29.038,411.574,6042809.646,2133479.621,28.3,8.5,3,6.17,0.54,3,2678,2717,96.84,15.69,2,13411,3,3,4
2695,8471,1437,1.11344E+12,29.036,412.178,6042809.572,2133480.218,28.3,8.5,3,6.36,2.95,3,2678,2717,96.73,15.21,2,13411,3,3,4
2695,8475,1437,1.11344E+12,29.024,415.161,6042809.206,2133483.179,28.3,8.5,3,8.56,2.94,3,2678,2717,95.73,11.18,2,13411,3,3,4
2695,8476,1437,1.11344E+12,29.02,416.049,6042809.096,2133484.062,28.3,8.5,3,8.75,0.54,3,2678,2717,95.34,10.9,2,13411,3,3,4
2695,8477,1437,1.11344E+12,29.016,416.933,6042808.988,2133484.931,28.3,8.5,3,8.78,-0.26,3,2678,2717,95,10.82,2,13411,3,3,4
2695,8481,1437,1.11344E+12,29.005,420.032,6042808.558,2133488.404,28.3,8.5,3,7.03,3.09,3,2678,2717,94.4,13.43,2,13411,3,3,4
2695,8484,1437,1.11344E+12,29.053,422.407,6042808.236,2133491.009,28.3,8.5,3,8.68,1.06,3,2678,2717,93.51,10.77,2,13411,3,3,4
2695,8485,1437,1.11344E+12,29.069,423.289,6042808.128,2133491.878,28.3,8.5,3,8.75,0,3,2678,2717,93.31,10.66,2,13411,3,3,4
2695,8486,1437,1.11344E+12,29.085,424.164,6042808.021,2133492.746,28.3,8.5,3,8.75,0,3,2678,2717,93.23,10.65,2,13411,3,3,4
2695,8487,1437,1.11344E+12,29.1,425.039,6042807.913,2133493.614,28.3,8.5,3,8.75,0,3,2678,2717,93.16,10.65,2,13411,3,3,4
2695,8488,1437,1.11344E+12,29.116,425.911,6042807.806,2133494.483,28.3,8.5,3,8.77,0.4,3,2678,2717,93.02,10.61,2,13411,3,3,4
2695,8489,1437,1.11344E+12,29.132,426.794,6042807.698,2133495.351,28.3,8.5,3,8.79,0.03,3,2678,2717,92.82,10.56,2,13411,3,3,4
2695,8490,1437,1.11344E+12,29.148,427.691,6042807.591,2133496.219,28.3,8.5,3,8.6,-2.99,3,2678,2717,92.57,10.76,2,13411,3,3,4
2695,8495,1437,1.11344E+12,28.981,430.927,6042806.971,2133499.394,28.3,8.5,3,4.66,-0.24,3,2678,2717,92.3,19.81,2,13411,3,3,4
2695,8496,1437,1.11344E+12,28.977,431.37,6042806.903,2133499.843,28.3,8.5,3,4.7,2.34,3,2678,2717,92.54,19.69,2,13411,3,3,4
2695,8497,1437,1.11344E+12,29,431.855,6042806.852,2133500.365,28.3,8.5,3,4.88,1.43,3,2678,2717,92.72,19,2,13411,3,3,4
2695,8498,1437,1.11344E+12,29.008,432.353,6042806.79,2133500.861,28.3,8.5,3,5.05,1.31,3,2678,2717,92.89,18.39,2,13411,3,3,4
2695,8502,1437,1.11344E+12,29.039,435.121,6042806.506,2133503.162,28.3,8.5,3,9.03,2.97,3,2678,2717,92.93,10.29,2,13411,3,3,4
2695,8508,1437,1.11344E+12,29.03,439.961,6042805.932,2133507.809,28.3,8.5,3,6.75,-0.27,3,2678,2717,93.43,13.84,2,13411,3,3,4
2695,8513,1437,1.11344E+12,29.023,443.959,6042805.442,2133511.778,28.3,8.5,3,9.3,-0.48,3,2678,2717,94.35,10.14,2,13411,3,3,4
2695,8515,1437,1.11344E+12,29.019,445.796,6042805.215,2133513.613,28.3,8.5,3,8.78,-3.11,3,2678,2717,94.2,10.73,2,13411,3,3,4
2695,8516,1437,1.11344E+12,29.017,446.622,6042805.117,2133514.409,28.3,8.5,3,8.76,2.61,3,2678,2717,94.22,10.76,2,13411,3,3,4
2695,8519,1437,1.11344E+12,29.012,449.459,6042804.768,2133517.237,28.3,8.5,3,9.89,0,3,2678,2717,94.1,9.51,2,13411,3,3,4
2695,8522,1437,1.11344E+12,29.007,452.296,6042804.419,2133520.064,28.3,8.5,3,8.76,-2.61,3,2678,2717,93.96,10.73,2,13411,3,3,4
2695,8523,1437,1.11344E+12,29.005,453.122,6042804.32,2133520.86,28.3,8.5,3,8.78,3.11,3,2678,2717,94.03,10.71,2,13411,3,3,4
2695,8525,1437,1.11344E+12,29.002,454.959,6042804.094,2133522.695,28.3,8.5,3,9.25,0,3,2678,2717,93.99,10.16,2,13411,3,3,4
2695,8527,1437,1.11344E+12,28.998,456.797,6042803.867,2133524.531,28.3,8.5,3,8.78,-3.12,3,2678,2717,93.96,10.7,2,13411,3,3,4
2695,8528,1437,1.11344E+12,28.997,457.622,6042803.769,2133525.326,28.3,8.5,3,8.76,2.6,3,2678,2717,94.03,10.73,2,13411,3,3,4
2695,8531,1437,1.11344E+12,28.992,460.441,6042803.42,2133528.154,28.3,8.5,3,9.95,1.56,3,2678,2717,93.91,9.44,2,13411,3,3,4
2695,8532,1437,1.11344E+12,28.989,461.457,6042803.297,2133529.146,28.3,8.5,3,10.04,-0.24,3,2678,2717,93.8,9.34,2,13411,3,3,4
2695,8533,1437,1.11344E+12,28.988,462.461,6042803.175,2133530.139,28.3,8.5,3,10.02,-0.26,3,2678,2717,93.69,9.35,2,13411,3,3,4
2695,8534,1437,1.11344E+12,28.986,463.459,6042803.052,2133531.131,28.3,8.5,3,10,0,3,2678,2717,93.59,9.36,2,13411,3,3,4
2695,8535,1437,1.11344E+12,28.983,464.459,6042802.929,2133532.124,28.3,8.5,3,10,0,3,2678,2717,93.49,9.35,2,13411,3,3,4
2695,8536,1437,1.11344E+12,28.982,465.459,6042802.807,2133533.116,28.3,8.5,3,10,0,3,2678,2717,93.39,9.34,2,13411,3,3,4
2695,8537,1437,1.11344E+12,28.98,466.459,6042802.684,2133534.109,28.3,8.5,3,10,0,3,2678,2717,93.32,9.33,2,13411,3,3,4
2695,8538,1437,1.11344E+12,28.978,467.459,6042802.562,2133535.101,28.3,8.5,3,10,0,3,2678,2717,93.29,9.33,2,13411,3,3,4
2695,8539,1437,1.11344E+12,28.976,468.459,6042802.439,2133536.094,28.3,8.5,3,10,0,3,2678,2717,93.29,9.33,2,13411,3,3,4
2695,8540,1437,1.11344E+12,28.975,469.459,6042802.317,2133537.086,28.3,8.5,3,10,0,3,2678,2717,93.29,9.33,2,13411,3,3,4
2695,8541,1437,1.11344E+12,28.972,470.459,6042802.194,2133538.079,28.3,8.5,3,10,0,3,2678,2717,93.29,9.33,2,13411,3,3,4
2695,8542,1437,1.11344E+12,28.97,471.459,6042802.071,2133539.071,28.3,8.5,3,10,0,3,2678,2717,93.29,9.33,2,13411,3,3,4
2695,8543,1437,1.11344E+12,28.969,472.459,6042801.949,2133540.063,28.3,8.5,3,10,0,3,2678,2717,93.29,9.33,2,13411,3,3,4
2695,8544,1437,1.11344E+12,28.966,473.459,6042801.826,2133541.056,28.3,8.5,3,10,0,3,2678,2717,93.29,9.33,2,13411,3,3,4
2695,8545,1437,1.11344E+12,28.965,474.462,6042801.704,2133542.048,28.3,8.5,3,9.97,-0.43,3,2678,2717,93.29,9.36,2,13411,3,3,4
2695,8546,1437,1.11344E+12,28.963,475.459,6042801.581,2133543.041,28.3,8.5,3,9.91,-0.81,3,2678,2717,93.29,9.41,2,13411,3,3,4
2695,8547,1437,1.11344E+12,28.961,476.444,6042801.459,2133544.033,28.3,8.5,3,9.87,-0.38,3,2678,2717,93.31,9.45,2,13411,3,3,4
2695,8548,1437,1.11344E+12,28.959,477.425,6042801.336,2133545.026,28.3,8.5,3,9.87,0.38,3,2678,2717,93.33,9.46,2,13411,3,3,4
2695,8549,1437,1.11344E+12,28.959,478.41,6042801.213,2133546.018,28.3,8.5,3,9.91,0.8,3,2678,2717,93.34,9.42,2,13411,3,3,4
2695,8550,1437,1.11344E+12,28.959,479.407,6042801.091,2133547.011,28.3,8.5,3,9.97,0.43,3,2678,2717,93.34,9.36,2,13411,3,3,4
2695,8551,1437,1.11344E+12,28.958,480.41,6042800.968,2133548.003,28.3,8.5,3,10,0,3,2678,2717,93.34,9.33,2,13411,3,3,4
2695,8552,1437,1.11344E+12,28.959,481.41,6042800.846,2133548.996,28.3,8.5,3,10,0,3,2678,2717,93.34,9.33,2,13411,3,3,4
2695,8553,1437,1.11344E+12,28.958,482.41,6042800.723,2133549.988,28.3,8.5,3,10,0,3,2678,2717,93.34,9.33,2,13411,3,3,4
2695,8554,1437,1.11344E+12,28.958,483.41,6042800.601,2133550.981,28.3,8.5,3,10,0,3,2678,2717,93.34,9.33,2,13411,3,3,4
2695,8555,1437,1.11344E+12,28.958,484.41,6042800.478,2133551.973,28.3,8.5,3,10,0,3,2678,2717,93.33,9.33,2,13411,3,3,4
2695,8556,1437,1.11344E+12,28.958,485.41,6042800.356,2133552.965,28.3,8.5,3,10,0,3,2678,2717,93.32,9.33,2,13411,3,3,4
2695,8557,1437,1.11344E+12,28.957,486.409,6042800.233,2133553.958,28.3,8.5,3,10,0,3,2678,2717,93.38,9.34,2,13411,3,3,4
2695,8558,1437,1.11344E+12,28.957,487.409,6042800.11,2133554.95,28.3,8.5,3,10,0,3,2678,2717,93.6,9.36,2,13411,3,3,4
2695,8559,1437,1.11344E+12,28.957,488.409,6042799.988,2133555.943,28.3,8.5,3,10,0,3,2678,2717,93.92,9.39,2,13411,3,3,4
2695,8560,1437,1.11344E+12,28.957,489.41,6042799.865,2133556.935,28.3,8.5,3,10,0,3,2678,2717,94.39,9.44,2,13411,3,3,4
2695,8561,1437,1.11344E+12,28.957,490.41,6042799.743,2133557.928,28.3,8.5,3,10,0,3,2678,2717,94.91,9.49,2,13411,3,3,4
2695,8562,1437,1.11344E+12,28.956,491.41,6042799.62,2133558.92,28.3,8.5,3,10,0,3,2678,2717,95.43,9.54,2,13411,3,3,4
2695,8563,1437,1.11344E+12,28.957,492.41,6042799.498,2133559.913,28.3,8.5,3,10,0,3,2678,2717,95.94,9.59,2,13411,3,3,4
2695,8564,1437,1.11344E+12,28.956,493.41,6042799.375,2133560.905,28.3,8.5,3,10,0,3,2678,2717,96.44,9.64,2,13411,3,3,4
2695,8565,1437,1.11344E+12,28.955,494.41,6042799.252,2133561.898,28.3,8.5,3,10,0,3,2678,2717,96.94,9.69,2,13411,3,3,4
2695,8566,1437,1.11344E+12,28.956,495.41,6042799.13,2133562.89,28.3,8.5,3,10,0,3,2678,2717,97.44,9.74,2,13411,3,3,4
2695,8567,1437,1.11344E+12,28.955,496.41,6042799.007,2133563.883,28.3,8.5,3,10,0,3,2678,2717,97.94,9.79,2,13411,3,3,4
2695,8568,1437,1.11344E+12,28.955,497.41,6042798.885,2133564.875,28.3,8.5,3,10,0,3,2678,2717,98.44,9.84,2,13411,3,3,4
2695,8569,1437,1.11344E+12,28.955,498.41,6042798.762,2133565.867,28.3,8.5,3,10,0,3,2678,2717,98.94,9.89,2,13411,3,3,4
2695,8570,1437,1.11344E+12,28.955,499.409,6042798.64,2133566.86,28.3,8.5,3,10,0,3,2678,2717,99.44,9.94,2,13411,3,3,4
2695,8571,1437,1.11344E+12,28.955,500.409,6042798.517,2133567.852,28.3,8.5,3,10,0,3,2678,2717,99.94,9.99,2,13411,3,3,4
2695,8572,1437,1.11344E+12,28.954,501.409,6042798.394,2133568.845,28.3,8.5,3,10,0,3,2678,2717,100.44,10.04,2,13411,3,3,4
2695,8573,1437,1.11344E+12,28.954,502.41,6042798.272,2133569.837,28.3,8.5,3,10,0,3,2678,2717,100.94,10.09,2,13411,3,3,4
2695,8574,1437,1.11344E+12,28.954,503.41,6042798.149,2133570.83,28.3,8.5,3,10,0,3,2678,2717,101.44,10.14,2,13411,3,3,4
2695,8575,1437,1.11344E+12,28.954,504.41,6042798.027,2133571.822,28.3,8.5,3,10,0,3,2678,2717,101.94,10.19,2,13411,3,3,4
2695,8576,1437,1.11344E+12,28.953,505.41,6042797.904,2133572.815,28.3,8.5,3,10,0,3,2678,2717,102.44,10.24,2,13411,3,3,4
2695,8577,1437,1.11344E+12,28.954,506.412,6042797.782,2133573.807,28.3,8.5,3,9.98,-0.26,3,2678,2717,102.94,10.31,2,13411,3,3,4
2695,8578,1437,1.11344E+12,28.953,507.408,6042797.659,2133574.8,28.3,8.5,3,9.96,-0.24,3,2678,2717,103.44,10.39,2,13411,3,3,4
2695,8579,1437,1.11344E+12,28.952,508.392,6042797.536,2133575.792,28.3,8.5,3,10.05,1.56,3,2678,2717,103.95,10.34,2,13411,3,3,4
2695,8582,1437,1.11344E+12,28.952,511.573,6042797.15,2133578.919,28.3,8.5,3,11.24,2.61,3,2678,2717,105.29,9.37,2,13411,3,3,4
2695,8583,1437,1.11344E+12,28.952,512.748,6042797.003,2133580.108,28.3,8.5,3,11.21,-3.25,3,2678,2717,105.63,9.42,2,13411,3,3,4
2695,8585,1437,1.11344E+12,28.952,514.898,6042796.74,2133582.243,28.3,8.5,3,10.81,1.24,3,2678,2717,106.48,9.85,2,13411,3,3,4
2695,8589,1437,1.11344E+12,28.951,519.724,6042796.149,2133587.026,28.3,8.5,3,13.29,1.47,3,2678,2717,107.65,8.1,2,13411,3,3,4
2695,8590,1437,1.11344E+12,28.95,521.076,6042795.982,2133588.377,28.3,8.5,3,13.36,-0.63,3,2678,2717,107.8,8.07,2,13411,3,3,4
2695,8591,1437,1.11344E+12,28.951,522.409,6042795.821,2133589.686,28.3,8.5,3,13.32,-0.49,3,2678,2717,107.97,8.11,2,13411,3,3,4
2695,8592,1437,1.11344E+12,28.95,523.726,6042795.659,2133590.996,28.3,8.5,3,13.38,1.53,3,2678,2717,108.15,8.08,2,13411,3,3,4
2695,8596,1437,1.11344E+12,28.949,529.392,6042794.963,2133596.634,28.3,8.5,3,14.95,1.54,3,2678,2717,108.48,7.26,2,13411,3,3,4
2695,8597,1437,1.11344E+12,28.949,530.908,6042794.779,2133598.122,28.3,8.5,3,15.04,-0.23,3,2678,2717,108.47,7.21,2,13411,3,3,4
2695,8598,1437,1.11344E+12,28.948,532.416,6042794.595,2133599.611,28.3,8.5,3,14.97,-0.91,3,2678,2717,108.46,7.25,2,13411,3,3,4
2695,8599,1437,1.11344E+12,28.948,533.91,6042794.411,2133601.1,28.3,8.5,3,14.87,-1.23,3,2678,2717,108.46,7.29,2,13411,3,3,4
2695,8600,1437,1.11344E+12,28.947,535.387,6042794.227,2133602.588,28.3,8.5,3,14.8,-0.57,3,2678,2717,108.49,7.33,2,13411,3,3,4
2695,8601,1437,1.11344E+12,28.949,536.857,6042794.043,2133604.077,28.3,8.5,3,14.8,0.6,3,2678,2717,108.52,7.33,2,13411,3,3,4
2695,8602,1437,1.11344E+12,28.952,538.334,6042793.859,2133605.566,28.3,8.5,3,14.87,1.2,3,2678,2717,108.54,7.3,2,13411,3,3,4
2695,8603,1437,1.11344E+12,28.957,539.83,6042793.676,2133607.055,28.3,8.5,3,14.96,0.64,3,2678,2717,108.54,7.26,2,13411,3,3,4
2695,8604,1437,1.11344E+12,28.96,541.334,6042793.492,2133608.543,28.3,8.5,3,15,0,3,2678,2717,108.54,7.24,2,13411,3,3,4
2695,8605,1437,1.11344E+12,28.963,542.834,6042793.308,2133610.032,28.3,8.5,3,15,0,3,2678,2717,108.54,7.24,2,13411,3,3,4
2695,8606,1437,1.11344E+12,28.967,544.334,6042793.124,2133611.521,28.3,8.5,3,15,0,3,2678,2717,108.54,7.24,2,13411,3,3,4
2695,8607,1437,1.11344E+12,28.97,545.834,6042792.94,2133613.009,28.3,8.5,3,15,0,3,2678,2717,108.54,7.24,2,13411,3,3,4
2695,8608,1437,1.11344E+12,28.974,547.334,6042792.756,2133614.498,28.3,8.5,3,15,0,3,2678,2717,108.54,7.24,2,13411,3,3,4
2695,8609,1437,1.11344E+12,28.978,548.834,6042792.573,2133615.987,28.3,8.5,3,15,0,3,2678,2717,108.54,7.24,2,13411,3,3,4
2695,8610,1437,1.11344E+12,28.982,550.334,6042792.389,2133617.475,28.3,8.5,3,15,0,3,2678,2717,108.54,7.24,2,13411,3,3,4
2695,8611,1437,1.11344E+12,28.985,551.834,6042792.205,2133618.964,28.3,8.5,3,15,0,3,2678,2717,108.54,7.24,2,13411,3,3,4
2695,8612,1437,1.11344E+12,28.989,553.334,6042792.021,2133620.453,28.3,8.5,3,15,0,3,2678,2717,108.53,7.24,2,13411,3,3,4
2695,8613,1437,1.11344E+12,28.992,554.834,6042791.837,2133621.941,28.3,8.5,3,15,0,3,2678,2717,108.51,7.23,2,13411,3,3,4
2695,8614,1437,1.11344E+12,28.996,556.334,6042791.653,2133623.43,28.3,8.5,3,15,0,3,2678,2717,108.5,7.23,2,13411,3,3,4
2695,8615,1437,1.11344E+12,28.999,557.835,6042791.469,2133624.919,28.3,8.5,3,15,0,3,2678,2717,108.49,7.23,2,13411,3,3,4
2695,8616,1437,1.11344E+12,29.003,559.335,6042791.286,2133626.408,28.3,8.5,3,15,0,3,2678,2717,108.5,7.23,2,13411,3,3,4
2695,8617,1437,1.11344E+12,29.007,560.834,6042791.102,2133627.896,28.3,8.5,3,15,0,3,2678,2717,108.5,7.23,2,13411,3,3,4
2695,8618,1437,1.11344E+12,29.01,562.334,6042790.918,2133629.385,28.3,8.5,3,15,0,3,2678,2717,108.5,7.23,2,13411,3,3,4
2695,8619,1437,1.11344E+12,29.014,563.834,6042790.734,2133630.874,28.3,8.5,3,15,0,3,2678,2717,108.5,7.23,2,13411,3,3,4
2695,8620,1437,1.11344E+12,29.017,565.334,6042790.55,2133632.362,28.3,8.5,3,15,0,3,2678,2717,108.5,7.23,2,13411,3,3,4
2695,8621,1437,1.11344E+12,29.021,566.834,6042790.366,2133633.851,28.3,8.5,3,15,0,3,2678,2717,108.5,7.23,2,13411,3,3,4
2695,8622,1437,1.11344E+12,29.024,568.334,6042790.182,2133635.34,28.3,8.5,3,15,0,3,2678,2717,108.5,7.23,2,13411,3,3,4
2695,8623,1437,1.11344E+12,29.029,569.834,6042789.999,2133636.828,28.3,8.5,3,15,0,3,2678,2717,108.5,7.23,2,13411,3,3,4
2695,8624,1437,1.11344E+12,29.032,571.334,6042789.815,2133638.317,28.3,8.5,3,15,0,3,2678,2717,108.5,7.23,2,13411,3,3,4
2695,8625,1437,1.11344E+12,29.036,572.834,6042789.631,2133639.806,28.3,8.5,3,15,0,3,2678,2717,108.5,7.23,2,13411,3,3,4
2695,8626,1437,1.11344E+12,29.039,574.334,6042789.447,2133641.294,28.3,8.5,3,15,0,3,2678,2717,108.5,7.23,2,13411,3,3,4
2695,8627,1437,1.11344E+12,29.042,575.834,6042789.263,2133642.783,28.3,8.5,3,15,0,3,2678,2717,108.5,7.23,2,13411,3,3,4
2695,8628,1437,1.11344E+12,29.046,577.334,6042789.079,2133644.272,28.3,8.5,3,15,0,3,2678,2717,108.5,7.23,2,13411,3,3,4
2695,8629,1437,1.11344E+12,29.05,578.834,6042788.896,2133645.76,28.3,8.5,3,15,0,3,2678,2717,108.5,7.23,2,13411,3,3,4
2695,8630,1437,1.11344E+12,29.054,580.334,6042788.712,2133647.249,28.3,8.5,3,15,0,3,2678,2717,108.5,7.23,2,13411,3,3,4
2695,8631,1437,1.11344E+12,29.057,581.833,6042788.528,2133648.738,28.3,8.5,3,15.01,0.11,3,2678,2717,108.5,7.23,2,13411,3,3,4
2695,8632,1437,1.11344E+12,29.061,583.334,6042788.344,2133650.227,28.3,8.5,3,15.02,0.2,3,2678,2717,108.5,7.22,2,13411,3,3,4
2695,8633,1437,1.11344E+12,29.064,584.838,6042788.16,2133651.715,28.3,8.5,3,15.03,0.08,3,2678,2717,108.49,7.22,2,13411,3,3,4
2695,8634,1437,1.11344E+12,29.067,586.343,6042787.976,2133653.204,28.3,8.5,3,15.03,-0.11,3,2678,2717,108.49,7.22,2,13411,3,3,4
2695,8635,1437,1.11344E+12,29.07,587.847,6042787.792,2133654.693,28.3,8.5,3,15.02,-0.2,3,2678,2717,108.48,7.22,2,13411,3,3,4
2695,8636,1437,1.11344E+12,29.074,589.347,6042787.609,2133656.181,28.3,8.5,3,15.01,-0.1,3,2678,2717,108.48,7.23,2,13411,3,3,4
2695,8637,1437,1.11344E+12,29.077,590.846,6042787.425,2133657.67,28.3,8.5,3,15,0,3,2678,2717,108.48,7.23,2,13411,3,3,4
2695,8638,1437,1.11344E+12,29.08,592.346,6042787.241,2133659.159,28.3,8.5,3,15,0,3,2678,2717,108.48,7.23,2,13411,3,3,4
2695,8639,1437,1.11344E+12,29.082,593.846,6042787.057,2133660.647,28.3,8.5,3,15,0,3,2678,2717,108.48,7.23,2,13411,3,3,4
2695,8640,1437,1.11344E+12,29.085,595.346,6042786.873,2133662.136,28.3,8.5,3,15,0,3,2678,2717,108.48,7.23,2,13411,3,3,4
2695,8641,1437,1.11344E+12,29.088,596.846,6042786.689,2133663.625,28.3,8.5,3,15,0,3,2678,2717,108.49,7.23,2,13411,3,3,4
2695,8642,1437,1.11344E+12,29.091,598.346,6042786.505,2133665.113,28.3,8.5,3,15,0,3,2678,2717,108.49,7.23,2,13411,3,3,4
2695,8643,1437,1.11344E+12,29.095,599.846,6042786.322,2133666.602,28.3,8.5,3,15,0,3,2678,2717,108.49,7.23,2,13411,3,3,4
2695,8644,1437,1.11344E+12,29.098,601.347,6042786.138,2133668.091,28.3,8.5,3,15,0,3,2678,2717,108.48,7.23,2,13411,3,3,4
2695,8645,1437,1.11344E+12,29.1,602.847,6042785.954,2133669.58,28.3,8.5,3,15,0,3,2678,2717,108.48,7.23,2,13411,3,3,4
2695,8646,1437,1.11344E+12,29.103,604.347,6042785.77,2133671.068,28.3,8.5,3,15,0,3,2678,2717,108.48,7.23,2,13411,3,3,4
2695,8647,1437,1.11344E+12,29.106,605.847,6042785.586,2133672.557,28.3,8.5,3,15,0,3,2678,2717,108.48,7.23,2,13411,3,3,4
2695,8648,1437,1.11344E+12,29.109,607.347,6042785.402,2133674.046,28.3,8.5,3,15,0,3,2678,2717,108.48,7.23,2,13411,3,3,4
2695,8649,1437,1.11344E+12,29.113,608.846,6042785.219,2133675.534,28.3,8.5,3,15,0,3,2678,2717,108.48,7.23,2,13411,3,3,4
2695,8650,1437,1.11344E+12,29.115,610.346,6042785.035,2133677.023,28.3,8.5,3,15,0,3,2678,2717,108.48,7.23,2,13411,3,3,4
2695,8651,1437,1.11344E+12,29.118,611.846,6042784.851,2133678.512,28.3,8.5,3,15,0,3,2678,2717,108.48,7.23,2,13411,3,3,4
2695,8652,1437,1.11344E+12,29.121,613.345,6042784.667,2133680,28.3,8.5,3,15.01,0.23,3,2678,2717,108.49,7.23,2,13411,3,3,4
2695,8653,1437,1.11344E+12,29.124,614.846,6042784.483,2133681.489,28.3,8.5,3,15.05,0.44,3,2678,2717,108.48,7.21,2,13411,3,3,4
2695,8654,1437,1.11344E+12,29.127,616.354,6042784.299,2133682.978,28.3,8.5,3,15.07,0.2,3,2678,2717,108.48,7.2,2,13411,3,3,4
2695,8655,1437,1.11344E+12,29.128,617.865,6042784.115,2133684.466,28.3,8.5,3,15.07,-0.22,3,2678,2717,108.47,7.2,2,13411,3,3,4
2695,8656,1437,1.11344E+12,29.131,619.373,6042783.932,2133685.955,28.3,8.5,3,15.05,-0.43,3,2678,2717,108.46,7.21,2,13411,3,3,4
2695,8657,1437,1.11344E+12,29.132,620.875,6042783.748,2133687.444,28.3,8.5,3,15.01,-0.23,3,2678,2717,108.46,7.23,2,13411,3,3,4
2695,8658,1437,1.11344E+12,29.134,622.373,6042783.564,2133688.932,28.3,8.5,3,15,0,3,2678,2717,108.46,7.23,2,13411,3,3,4
2695,8659,1437,1.11344E+12,29.135,623.873,6042783.38,2133690.421,28.3,8.5,3,15,0,3,2678,2717,108.42,7.23,2,13411,3,3,4
2695,8660,1437,1.11344E+12,29.137,625.373,6042783.196,2133691.91,28.3,8.5,3,15,0,3,2678,2717,108.37,7.22,2,13411,3,3,4
2695,8661,1437,1.11344E+12,29.138,626.873,6042783.012,2133693.399,28.3,8.5,3,15,0,3,2678,2717,108.33,7.22,2,13411,3,3,4
2695,8662,1437,1.11344E+12,29.139,628.373,6042782.828,2133694.887,28.3,8.5,3,15,0,3,2678,2717,108.31,7.22,2,13411,3,3,4
2695,8663,1437,1.11344E+12,29.142,629.873,6042782.645,2133696.376,28.3,8.5,3,15,0,3,2678,2717,108.31,7.22,2,13411,3,3,4
2695,8664,1437,1.11344E+12,29.143,631.373,6042782.461,2133697.865,28.3,8.5,3,15,0,3,2678,2717,108.32,7.22,2,13411,3,3,4
2695,8665,1437,1.11344E+12,29.145,632.873,6042782.277,2133699.353,28.3,8.5,3,15,0,3,2678,2717,108.4,7.23,2,13411,3,3,4
2695,8666,1437,1.11344E+12,29.146,634.373,6042782.093,2133700.842,28.3,8.5,3,15,0,3,2678,2717,108.56,7.24,2,13411,3,3,4
2695,8667,1437,1.11344E+12,29.148,635.873,6042781.909,2133702.331,28.3,8.5,3,15,0,3,2678,2717,108.79,7.25,2,13411,3,3,4
2695,8668,1437,1.11344E+12,29.149,637.373,6042781.725,2133703.819,28.3,8.5,3,15,0,3,2678,2717,109.04,7.27,2,13411,3,3,4
2695,8669,1437,1.11344E+12,29.152,638.873,6042781.542,2133705.308,28.3,8.5,3,15,0,3,2678,2717,109.29,7.29,2,13411,3,3,4
2695,8670,1437,1.11344E+12,29.153,640.373,6042781.358,2133706.797,28.3,8.5,3,15,0,3,2678,2717,109.53,7.3,2,13411,3,3,4
2695,8671,1437,1.11344E+12,29.154,641.873,6042781.174,2133708.285,28.3,8.5,3,15,0,3,2678,2717,109.77,7.32,2,13411,3,3,4
2695,8672,1437,1.11344E+12,29.156,643.373,6042780.99,2133709.774,28.3,8.5,3,15,0,3,2678,2717,110.01,7.33,2,13411,3,3,4
2695,8673,1437,1.11344E+12,29.157,644.873,6042780.806,2133711.263,28.3,8.5,3,15,0,3,2678,2717,110.25,7.35,2,13411,3,3,4
2695,8674,1437,1.11344E+12,29.159,646.373,6042780.622,2133712.752,28.3,8.5,3,15,0,3,2678,2717,110.49,7.37,2,13411,3,3,4
2695,8675,1437,1.11344E+12,29.16,647.873,6042780.438,2133714.24,28.3,8.5,3,15,0,3,2678,2717,110.73,7.38,2,13411,3,3,4
2695,8676,1437,1.11344E+12,29.163,649.373,6042780.255,2133715.729,28.3,8.5,3,15,0,3,2678,2717,110.97,7.4,2,13411,3,3,4
2695,8677,1437,1.11344E+12,29.164,650.873,6042780.071,2133717.218,28.3,8.5,3,15,0,3,2678,2717,111.21,7.41,2,13411,3,3,4
2695,8678,1437,1.11344E+12,29.165,652.373,6042779.887,2133718.706,28.3,8.5,3,15,0,3,2678,2717,111.45,7.43,2,13411,3,3,4
2695,8679,1437,1.11344E+12,29.167,653.873,6042779.703,2133720.195,28.3,8.5,3,15,0,3,2678,2717,111.7,7.45,2,13411,3,3,4
2695,8680,1437,1.11344E+12,29.168,655.373,6042779.519,2133721.684,28.3,8.5,3,15,0,3,2678,2717,111.94,7.46,2,13411,3,3,4
2695,8681,1437,1.11344E+12,29.17,656.873,6042779.335,2133723.172,28.3,8.5,3,15,0,3,2678,2717,112.18,7.48,2,13411,3,3,4
2695,8682,1437,1.11344E+12,29.171,658.373,6042779.151,2133724.661,28.3,8.5,3,15,0,3,2678,2717,112.42,7.49,2,13411,3,3,4
2695,8683,1437,1.11344E+12,29.174,659.876,6042778.968,2133726.15,28.3,8.5,3,14.98,-0.37,3,2678,2717,112.67,7.52,2,13411,3,3,4
2695,8684,1437,1.11344E+12,29.175,661.373,6042778.784,2133727.638,28.3,8.5,3,14.92,-0.72,3,2678,2717,112.91,7.57,2,13411,3,3,4
2695,8685,1437,1.11344E+12,29.177,662.86,6042778.6,2133729.127,28.3,8.5,3,14.88,-0.34,3,2678,2717,113.13,7.6,2,13411,3,3,4
2695,8686,1437,1.11344E+12,29.18,664.342,6042778.416,2133730.616,28.3,8.5,3,14.88,0.34,3,2678,2717,113.28,7.61,2,13411,3,3,4
2695,8687,1437,1.11344E+12,29.184,665.829,6042778.232,2133732.105,28.3,8.5,3,14.92,0.72,3,2678,2717,113.35,7.6,2,13411,3,3,4
2695,8688,1437,1.11344E+12,29.188,667.326,6042778.048,2133733.593,28.3,8.5,3,14.98,0.37,3,2678,2725,113.36,7.57,2,13411,3,3,4
2695,8689,1437,1.11344E+12,29.192,668.829,6042777.865,2133735.082,28.3,8.5,3,15,0,3,2678,2725,113.35,7.56,2,13411,3,3,4
2695,8690,1437,1.11344E+12,29.196,670.329,6042777.681,2133736.571,28.3,8.5,3,15,0,3,2678,2725,113.34,7.56,2,13411,3,3,4
2695,8691,1437,1.11344E+12,29.2,671.829,6042777.497,2133738.059,28.3,8.5,3,15,0,3,2678,2725,113.35,7.56,2,13411,3,3,4
2695,8692,1437,1.11344E+12,29.204,673.329,6042777.313,2133739.548,28.3,8.5,3,15,0,3,2678,2725,113.34,7.56,2,13411,3,3,4
2695,8693,1437,1.11344E+12,29.207,674.829,6042777.129,2133741.037,28.3,8.5,3,15,0,3,2678,2725,113.32,7.55,2,13411,3,3,4
2695,8694,1437,1.11344E+12,29.211,676.329,6042776.945,2133742.525,28.3,8.5,3,15,0,3,2678,2725,113.28,7.55,2,13411,3,3,4
2695,8695,1437,1.11344E+12,29.215,677.829,6042776.761,2133744.014,28.3,8.5,3,15,0,3,2678,2725,113.26,7.55,2,13411,3,3,4
2695,8696,1437,1.11344E+12,29.22,679.329,6042776.578,2133745.503,28.3,8.5,3,15,0,3,2678,2725,113.25,7.55,2,13411,3,3,4
2695,8697,1437,1.11344E+12,29.223,680.829,6042776.394,2133746.991,28.3,8.5,3,15,0,3,2678,2725,113.26,7.55,2,13411,3,3,4
2695,8698,1437,1.11344E+12,29.227,682.329,6042776.21,2133748.48,28.3,8.5,3,15,0,3,2678,2725,113.26,7.55,2,13411,3,3,4
2695,8699,1437,1.11344E+12,29.231,683.829,6042776.026,2133749.969,28.3,8.5,3,15,0,3,2678,2725,113.26,7.55,2,13411,3,3,4
2695,8700,1437,1.11344E+12,29.234,685.328,6042775.842,2133751.457,28.3,8.5,3,15,0,3,2678,2725,113.26,7.55,2,13411,3,3,4
2695,8701,1437,1.11344E+12,29.238,686.828,6042775.658,2133752.946,28.3,8.5,3,15,0,3,2678,2725,113.26,7.55,2,13411,3,3,4
2695,8702,1437,1.11344E+12,29.242,688.329,6042775.474,2133754.435,28.3,8.5,3,14.99,-0.11,3,2678,2725,113.26,7.56,2,13411,3,3,4
2695,8703,1437,1.11344E+12,29.247,689.829,6042775.291,2133755.924,28.3,8.5,3,14.98,-0.21,3,2678,2725,113.26,7.56,2,13411,3,3,4
2695,8704,1437,1.11344E+12,29.25,691.322,6042775.107,2133757.412,28.3,8.5,3,15,0.41,3,2678,2725,113.26,7.55,2,13411,3,3,4
2695,8705,1437,1.11344E+12,29.259,692.812,6042774.929,2133758.89,28.3,8.5,3,15.14,2.22,3,2678,2725,113.28,7.48,2,13411,3,3,4
2695,8709,1437,1.11344E+12,29.13,699.198,6042774.002,2133765.209,28.3,8.5,3,16.78,2.21,3,2678,2725,112.75,6.72,2,13411,3,3,4
2695,8710,1437,1.11344E+12,29.057,700.9,6042773.717,2133766.891,28.3,8.5,3,16.93,0.4,3,2678,2725,112.37,6.64,2,13411,3,3,4
2695,8711,1437,1.11344E+12,28.99,702.6,6042773.438,2133768.562,28.3,8.5,3,16.95,-0.2,3,2678,2725,111.99,6.61,2,13411,3,3,4
2695,8712,1437,1.11344E+12,28.922,704.293,6042773.159,2133770.233,28.3,8.5,3,16.93,-0.1,3,2678,2725,111.61,6.59,2,13411,3,3,4
2695,8713,1437,1.11344E+12,28.853,705.985,6042772.879,2133771.904,28.3,8.5,3,16.93,0,3,2678,2725,111.25,6.57,2,13411,3,3,4
2695,8714,1437,1.11344E+12,28.786,707.678,6042772.6,2133773.575,28.3,8.5,3,16.93,0,3,2678,2725,110.93,6.55,2,13411,3,3,4
2695,8715,1437,1.11344E+12,28.718,709.371,6042772.321,2133775.246,28.3,8.5,3,16.93,-0.02,3,2678,2725,110.69,6.54,2,13411,3,3,4
2695,8716,1437,1.11344E+12,28.649,711.063,6042772.041,2133776.916,28.3,8.5,3,16.92,0,3,2678,2725,110.51,6.53,2,13411,3,3,4
2695,8717,1437,1.11344E+12,28.581,712.755,6042771.762,2133778.587,28.3,8.5,3,16.93,0.02,3,2678,2725,110.33,6.52,2,13411,3,3,4
2695,8718,1437,1.11344E+12,28.514,714.448,6042771.483,2133780.258,28.3,8.5,3,16.93,0.02,3,2678,2725,110.14,6.51,2,13411,3,3,4
2695,8719,1437,1.11344E+12,28.445,716.141,6042771.203,2133781.929,28.3,8.5,3,16.93,0,3,2678,2725,109.95,6.49,2,13411,3,3,4
2695,8720,1437,1.11344E+12,28.377,717.834,6042770.924,2133783.6,28.3,8.5,3,16.93,0,3,2678,2725,109.77,6.48,2,13411,3,3,4
2695,8721,1437,1.11344E+12,28.309,719.527,6042770.645,2133785.271,28.3,8.5,3,16.93,0,3,2678,2725,109.58,6.47,2,13411,3,3,4
2695,8722,1437,1.11344E+12,28.242,721.219,6042770.366,2133786.942,28.3,8.5,3,16.93,0.04,3,2678,2725,109.34,6.46,2,13411,3,3,4
2695,8723,1437,1.11344E+12,28.173,722.912,6042770.086,2133788.613,28.3,8.5,3,16.94,0.13,3,2678,2725,109.01,6.44,2,13411,3,3,4
2695,8724,1437,1.11344E+12,28.105,724.607,6042769.807,2133790.284,28.3,8.5,3,16.94,-0.05,3,2678,2725,108.64,6.41,2,13411,3,3,4
2695,8725,1437,1.11344E+12,28.044,726.306,6042769.534,2133791.96,28.3,8.5,3,16.89,-0.86,3,2678,2725,108.31,6.41,2,13411,3,3,4
2695,8732,1437,1.11344E+12,27.72,736.379,6042767.921,2133802.015,28.3,8.5,3,11.67,-3.26,3,2678,2725,108.53,9.3,2,13411,3,3,4
2695,8735,1437,1.11344E+12,27.731,739.681,6042767.498,2133805.337,28.3,8.5,3,10.4,-3.1,3,2678,2725,109.74,10.55,2,13411,3,3,4
2695,8736,1437,1.11344E+12,27.734,740.669,6042767.379,2133806.271,28.3,8.5,3,10.38,2.59,3,2678,2725,110.25,10.62,2,13411,3,3,4
2695,8740,1437,1.11344E+12,27.75,745.337,6042766.788,2133810.914,28.3,8.5,3,12.96,2.56,3,2678,2725,111.59,8.61,2,13411,3,3,4
2695,8744,1437,1.11344E+12,27.766,750.24,6042766.172,2133815.752,28.3,8.5,3,11.25,-0.24,3,2678,2725,112.68,10.02,2,13411,3,3,4
2695,8745,1437,1.11344E+12,27.771,751.34,6042766.031,2133816.866,28.3,8.5,3,11.32,2.78,3,2678,2725,113.08,9.99,2,13411,3,3,4
2695,8746,1437,1.11344E+12,27.774,752.49,6042765.883,2133818.025,28.3,8.5,3,11.53,1.76,3,2678,2725,113.43,9.84,2,13411,3,3,4
2695,8747,1437,1.11344E+12,27.778,753.656,6042765.734,2133819.196,28.3,8.5,3,11.72,1.3,3,2678,2725,113.77,9.71,2,13411,3,3,4
2695,8753,1437,1.11344E+12,27.806,761.659,6042764.725,2133827.132,28.3,8.5,3,14.96,1.29,3,2678,2725,114.76,7.67,2,13411,3,3,4
2695,8754,1437,1.11344E+12,27.81,763.173,6042764.535,2133828.62,28.3,8.5,3,15.04,-0.23,3,2678,2725,114.75,7.63,2,13411,3,3,4
2695,8755,1437,1.11344E+12,27.816,764.677,6042764.346,2133830.108,28.3,8.5,3,15.02,-0.25,3,2678,2725,114.74,7.64,2,13411,3,3,4
2695,8756,1437,1.11344E+12,27.821,766.175,6042764.157,2133831.596,28.3,8.5,3,15,0,3,2678,2725,114.75,7.65,2,13411,3,3,4
2695,8757,1437,1.11344E+12,27.826,767.675,6042763.967,2133833.084,28.3,8.5,3,15,0,3,2678,2725,114.75,7.65,2,13411,3,3,4
2695,8758,1437,1.11344E+12,27.831,769.175,6042763.778,2133834.572,28.3,8.5,3,15,0,3,2678,2725,114.76,7.65,2,13411,3,3,4
2695,8759,1437,1.11344E+12,27.836,770.675,6042763.589,2133836.06,28.3,8.5,3,15,0,3,2678,2725,114.75,7.65,2,13411,3,3,4
2695,8760,1437,1.11344E+12,27.841,772.175,6042763.399,2133837.548,28.3,8.5,3,15,0,3,2678,2725,114.67,7.64,2,13411,3,3,4
2695,8761,1437,1.11344E+12,27.846,773.675,6042763.21,2133839.036,28.3,8.5,3,15,0,3,2678,2725,114.57,7.64,2,13411,3,3,4
2695,8762,1437,1.11344E+12,27.852,775.175,6042763.021,2133840.524,28.3,8.5,3,15,0,3,2678,2725,114.49,7.63,2,13411,3,3,4
2695,8763,1437,1.11344E+12,27.856,776.675,6042762.831,2133842.012,28.3,8.5,3,15,0,3,2678,2725,114.47,7.63,2,13411,3,3,4
2695,8764,1437,1.11344E+12,27.862,778.175,6042762.642,2133843.5,28.3,8.5,3,15,0,3,2678,2725,114.47,7.63,2,13411,3,3,4
2695,8765,1437,1.11344E+12,27.867,779.675,6042762.453,2133844.988,28.3,8.5,3,15,0,3,2678,2725,114.48,7.63,2,13411,3,3,4
2695,8766,1437,1.11344E+12,27.871,781.175,6042762.263,2133846.476,28.3,8.5,3,15,0,3,2678,2725,114.56,7.64,2,13411,3,3,4
2695,8767,1437,1.11344E+12,27.877,782.675,6042762.074,2133847.964,28.3,8.5,3,15,0,3,2678,2725,114.74,7.65,2,13411,3,3,4
2695,8768,1437,1.11344E+12,27.882,784.175,6042761.885,2133849.452,28.3,8.5,3,15,-0.03,3,2678,2725,114.98,7.67,2,13411,3,3,4
2695,8769,1437,1.11344E+12,27.887,785.68,6042761.695,2133850.94,28.3,8.5,3,14.95,-0.8,3,2678,2725,115.24,7.71,2,13411,3,3,4
2695,8770,1437,1.11344E+12,27.892,787.174,6042761.506,2133852.428,28.3,8.5,3,14.84,-1.41,3,2678,2725,115.51,7.78,2,13411,3,3,4
2695,8771,1437,1.11344E+12,27.897,788.647,6042761.317,2133853.916,28.3,8.5,3,14.76,-0.63,3,2678,2725,115.79,7.84,2,13411,3,3,4
2695,8772,1437,1.11344E+12,27.907,790.112,6042761.127,2133855.404,28.3,8.5,3,14.77,0.73,3,2678,2725,116.08,7.86,2,13411,3,3,4
2695,8773,1437,1.11344E+12,27.917,791.586,6042760.938,2133856.892,28.3,8.5,3,14.85,1.42,3,2678,2725,116.36,7.84,2,13411,3,3,4
2695,8774,1437,1.11344E+12,27.926,793.081,6042760.748,2133858.38,28.3,8.5,3,14.95,0.74,3,2678,2725,116.62,7.8,2,13411,3,3,4
2695,8775,1437,1.11344E+12,27.936,794.586,6042760.559,2133859.868,28.3,8.5,3,15,0,3,2678,2725,116.87,7.79,2,13411,3,3,4
2695,8776,1437,1.11344E+12,27.946,796.086,6042760.37,2133861.356,28.3,8.5,3,15,0,3,2678,2725,117.12,7.81,2,13411,3,3,4
2695,8777,1437,1.11344E+12,27.955,797.586,6042760.18,2133862.844,28.3,8.5,3,15,0,3,2678,2725,117.38,7.83,2,13411,3,3,4
2695,8778,1437,1.11344E+12,27.966,799.086,6042759.991,2133864.332,28.3,8.5,3,15,0,3,2678,2725,117.63,7.84,2,13411,3,3,4
2695,8779,1437,1.11344E+12,27.976,800.586,6042759.802,2133865.82,28.3,8.5,3,15,0,3,2678,2725,117.88,7.86,2,13411,3,3,4
2695,8780,1437,1.11344E+12,27.985,802.086,6042759.612,2133867.308,28.3,8.5,3,15,0,3,2678,2725,118.14,7.88,2,13411,3,3,4
2695,8781,1437,1.11344E+12,27.995,803.586,6042759.423,2133868.796,28.3,8.5,3,15,0,3,2678,2725,118.39,7.89,2,13411,3,3,4
2695,8782,1437,1.11344E+12,28.005,805.086,6042759.234,2133870.284,28.3,8.5,3,15,0,3,2678,2725,118.65,7.91,2,13411,3,3,4
2695,8783,1437,1.11344E+12,28.015,806.586,6042759.044,2133871.772,28.3,8.5,3,15,0,3,2678,2725,118.92,7.93,2,13411,3,3,4
2695,8784,1437,1.11344E+12,28.025,808.086,6042758.855,2133873.26,28.3,8.5,3,15,0,3,2678,2725,119.17,7.94,2,13411,3,3,4
2695,8785,1437,1.11344E+12,28.035,809.586,6042758.666,2133874.748,28.3,8.5,3,15,0,3,2678,2725,119.37,7.96,2,13411,3,3,4
2695,8786,1437,1.11344E+12,28.044,811.086,6042758.476,2133876.236,28.3,8.5,3,15,0,3,2678,2725,119.49,7.97,2,13411,3,3,4
2695,8787,1437,1.11344E+12,28.054,812.586,6042758.287,2133877.724,28.3,8.5,3,15,0,3,2678,2725,119.52,7.97,2,13411,3,3,4
2695,8788,1437,1.11344E+12,28.064,814.086,6042758.098,2133879.212,28.3,8.5,3,15,0,3,2678,2725,119.52,7.97,2,13411,3,3,4
2695,8789,1437,1.11344E+12,28.074,815.586,6042757.908,2133880.7,28.3,8.5,3,15,0,3,2678,2725,119.52,7.97,2,13411,3,3,4
2695,8790,1437,1.11344E+12,28.084,817.086,6042757.719,2133882.188,28.3,8.5,3,15,0,3,2678,2725,119.51,7.97,2,13411,3,3,4
2695,8791,1437,1.11344E+12,28.094,818.587,6042757.53,2133883.677,28.3,8.5,3,15,0,3,2678,2725,119.51,7.97,2,13411,3,3,4
2695,8792,1437,1.11344E+12,28.103,820.087,6042757.34,2133885.165,28.3,8.5,3,15,-0.02,3,2678,2725,119.51,7.97,2,13411,3,3,4
2695,8793,1437,1.11344E+12,28.113,821.587,6042757.151,2133886.653,28.3,8.5,3,15,0,3,2678,2725,119.51,7.97,2,13411,3,3,4
2695,8794,1437,1.11344E+12,28.124,823.087,6042756.962,2133888.141,28.3,8.5,3,15,0,3,2678,2725,119.51,7.97,2,13411,3,3,4
2695,8795,1437,1.11344E+12,28.133,824.586,6042756.772,2133889.629,28.3,8.5,3,15,0,3,2678,2725,119.51,7.97,2,13411,3,3,4
2695,8796,1437,1.11344E+12,28.143,826.086,6042756.583,2133891.117,28.3,8.5,3,15,0,3,2678,2725,119.51,7.97,2,13411,3,3,4
2695,8797,1437,1.11344E+12,28.153,827.586,6042756.394,2133892.605,28.3,8.5,3,15,0,3,2678,2725,119.51,7.97,2,13411,3,3,4
2695,8798,1437,1.11344E+12,28.162,829.086,6042756.204,2133894.093,28.3,8.5,3,15,0,3,2678,2725,119.51,7.97,2,13411,3,3,4
2695,8799,1437,1.11344E+12,28.172,830.586,6042756.015,2133895.581,28.3,8.5,3,15,0,3,2678,2725,119.51,7.97,2,13411,3,3,4
2695,8800,1437,1.11344E+12,28.183,832.086,6042755.826,2133897.069,28.3,8.5,3,15,0,3,2678,2725,119.51,7.97,2,13411,3,3,4
2695,8801,1437,1.11344E+12,28.192,833.586,6042755.636,2133898.557,28.3,8.5,3,15,0,3,2678,2725,119.52,7.97,2,13411,3,3,4
2695,8802,1437,1.11344E+12,28.202,835.086,6042755.447,2133900.045,28.3,8.5,3,15,0,3,2678,2725,119.52,7.97,2,13411,3,3,4
2695,8803,1437,1.11344E+12,28.212,836.586,6042755.258,2133901.533,28.3,8.5,3,15,0,3,2678,2725,119.51,7.97,2,13411,3,3,4
2695,8804,1437,1.11344E+12,28.221,838.096,6042755.068,2133903.021,28.3,8.5,3,14.91,-1.45,3,2678,2725,119.47,8.01,2,13411,3,3,4
2695,8805,1437,1.11344E+12,28.232,839.586,6042754.879,2133904.509,28.3,8.5,3,14.7,-2.72,3,2678,2725,119.44,8.13,2,13411,3,3,4
2695,8806,1437,1.11344E+12,28.242,841.036,6042754.69,2133905.997,28.3,8.5,3,14.55,-1.31,3,2678,2725,119.45,8.21,2,13411,3,3,4
2695,8807,1437,1.11344E+12,28.258,842.47,6042754.5,2133907.485,28.3,8.5,3,14.54,1.15,3,2678,2725,119.51,8.22,2,13411,3,3,4
2695,8808,1437,1.11344E+12,28.277,843.918,6042754.311,2133908.973,28.3,8.5,3,14.67,2.44,3,2678,2725,119.56,8.15,2,13411,3,3,4
2695,8809,1437,1.11344E+12,28.297,845.399,6042754.122,2133910.461,28.3,8.5,3,14.91,2.05,3,2678,2725,119.59,8.02,2,13411,3,3,4
2695,8810,1437,1.11344E+12,28.315,846.895,6042753.935,2133911.933,28.3,8.5,3,15.21,3.19,3,2678,2725,119.59,7.86,2,13411,3,3,4
2695,8814,1437,1.11344E+12,28.369,853.454,6042753.079,2133918.436,28.3,8.5,3,17.59,3.2,3,2678,2725,119.03,6.77,2,13411,3,3,4
2695,8815,1437,1.11344E+12,28.376,855.247,6042752.837,2133920.216,28.3,8.5,3,17.8,0.61,3,2678,2725,118.74,6.67,2,13411,3,3,4
2695,8816,1437,1.11344E+12,28.385,857.037,6042752.599,2133921.98,28.3,8.5,3,17.83,-0.26,3,2678,2725,118.45,6.64,2,13411,3,3,4
2695,8817,1437,1.11344E+12,28.392,858.818,6042752.36,2133923.744,28.3,8.5,3,17.81,-0.15,3,2678,2725,118.17,6.63,2,13411,3,3,4
2695,8818,1437,1.11344E+12,28.4,860.597,6042752.121,2133925.508,28.3,8.5,3,17.8,0,3,2678,2725,117.89,6.62,2,13411,3,3,4
2695,8819,1437,1.11344E+12,28.409,862.377,6042751.883,2133927.271,28.3,8.5,3,17.8,0,3,2678,2725,117.61,6.61,2,13411,3,3,4
2695,8820,1437,1.11344E+12,28.417,864.157,6042751.644,2133929.035,28.3,8.5,3,17.8,0,3,2678,2725,117.33,6.59,2,13411,3,3,4
2695,8821,1437,1.11344E+12,28.424,865.937,6042751.405,2133930.799,28.3,8.5,3,17.8,0,3,2678,2725,117.05,6.58,2,13411,3,3,4
2695,8822,1437,1.11344E+12,28.432,867.717,6042751.166,2133932.563,28.3,8.5,3,17.8,0,3,2678,2725,116.77,6.56,2,13411,3,3,4
2695,8823,1437,1.11344E+12,28.441,869.497,6042750.928,2133934.327,28.3,8.5,3,17.8,0,3,2678,2725,116.49,6.54,2,13411,3,3,4
2695,8824,1437,1.11344E+12,28.449,871.277,6042750.689,2133936.091,28.3,8.5,3,17.8,0,3,2678,2725,116.21,6.53,2,13411,3,3,4
2695,8825,1437,1.11344E+12,28.457,873.057,6042750.45,2133937.855,28.3,8.5,3,17.8,0,3,2678,2725,115.93,6.51,2,13411,3,3,4
2695,8826,1437,1.11344E+12,28.464,874.836,6042750.211,2133939.618,28.3,8.5,3,17.8,0.08,3,2678,2725,115.65,6.5,2,13411,3,3,4
2695,8827,1437,1.11344E+12,28.473,876.615,6042749.973,2133941.382,28.3,8.5,3,17.82,0.22,3,2678,2725,115.37,6.47,2,13411,3,3,4
2695,8828,1437,1.11344E+12,28.481,878.401,6042749.734,2133943.146,28.3,8.5,3,17.81,-0.15,3,2678,2725,115.09,6.46,2,13411,3,3,4
2695,8829,1437,1.11344E+12,28.503,880.193,6042749.508,2133944.92,28.3,8.5,3,17.69,-1.89,3,2678,2725,114.79,6.49,2,13411,3,3,4
2695,8834,1437,1.11344E+12,28.258,888.214,6042748.118,2133953.004,28.3,8.5,3,14.42,0.11,3,2678,2725,114.27,7.92,2,13411,3,3,4
2695,8836,1437,1.11344E+12,28.273,891.105,6042747.692,2133955.966,28.3,8.5,3,14.84,2.4,3,2678,2725,114.38,7.71,2,13411,3,3,4
2695,8837,1437,1.11344E+12,28.274,892.62,6042747.472,2133957.449,28.3,8.5,3,14.99,0.08,3,2678,2725,114.37,7.63,2,13411,3,3,4
2695,8838,1437,1.11344E+12,28.276,894.12,6042747.252,2133958.933,28.3,8.5,3,15,0.03,3,2678,2725,114.37,7.62,2,13411,3,3,4
2695,8839,1437,1.11344E+12,28.278,895.62,6042747.033,2133960.417,28.3,8.5,3,15,0,3,2678,2725,114.37,7.62,2,13411,3,3,4
2695,8840,1437,1.11344E+12,28.279,897.121,6042746.813,2133961.901,28.3,8.5,3,15,-0.02,3,2678,2725,114.37,7.62,2,13411,3,3,4
2695,8841,1437,1.11344E+12,28.281,898.621,6042746.593,2133963.385,28.3,8.5,3,15,-0.02,3,2678,2725,114.37,7.62,2,13411,3,3,4
2695,8842,1437,1.11344E+12,28.282,900.12,6042746.373,2133964.868,28.3,8.5,3,15,0.06,3,2678,2725,114.37,7.62,2,13411,3,3,4
2695,8843,1437,1.11344E+12,28.284,901.62,6042746.154,2133966.352,28.3,8.5,3,15.01,0.14,3,2678,2725,114.38,7.62,2,13411,3,3,4
2695,8844,1437,1.11344E+12,28.285,903.124,6042745.934,2133967.836,28.3,8.5,3,15,-0.17,3,2678,2725,114.36,7.62,2,13411,3,3,4
2695,8845,1437,1.11344E+12,28.298,904.628,6042745.724,2133969.328,28.3,8.5,3,14.94,-1,3,2678,2725,114.32,7.65,2,13411,3,3,4
2695,8846,1437,1.11344E+12,28.283,906.122,6042745.488,2133970.81,28.3,8.5,3,14.82,-1.6,3,2678,2725,114.27,7.71,2,13411,3,3,4
2695,8847,1437,1.11344E+12,28.165,907.593,6042745.154,2133972.248,28.3,8.5,3,14.7,-1.08,3,2678,2725,114.26,7.77,2,13411,3,3,4
2695,8848,1437,1.11344E+12,27.997,909.047,6042744.775,2133973.652,28.3,8.5,3,14.67,0.47,3,2678,2725,114.29,7.79,2,13411,3,3,4
2695,8849,1437,1.11344E+12,27.752,910.509,6042744.317,2133975.059,28.3,8.5,3,14.77,1.63,3,2678,2725,114.34,7.74,2,13411,3,3,4
2695,8850,1437,1.11344E+12,27.61,911.994,6042743.958,2133976.507,28.3,8.5,3,14.9,1.42,3,2678,2725,114.35,7.67,2,13411,3,3,4
2695,8851,1437,1.11344E+12,27.525,913.497,6042743.65,2133977.994,28.3,8.5,3,15,0.48,3,2678,2725,114.35,7.62,2,13411,3,3,4
2695,8852,1437,1.11344E+12,27.55,915.005,6042743.453,2133979.483,28.3,8.5,3,15.02,-0.16,3,2678,2725,114.34,7.61,2,13411,3,3,4
2695,8853,1437,1.11344E+12,27.551,916.507,6042743.233,2133980.967,28.3,8.5,3,15.01,-0.17,3,2678,2725,114.34,7.62,2,13411,3,3,4
2695,8854,1437,1.11344E+12,27.552,918.005,6042743.013,2133982.45,28.3,8.5,3,15,0,3,2678,2725,114.34,7.62,2,13411,3,3,4
2695,8855,1437,1.11344E+12,27.555,919.505,6042742.794,2133983.934,28.3,8.5,3,15,0.02,3,2678,2725,114.34,7.62,2,13411,3,3,4
2695,8856,1437,1.11344E+12,27.556,921.006,6042742.574,2133985.418,28.3,8.5,3,15,0,3,2678,2725,114.34,7.62,2,13411,3,3,4
2695,8857,1437,1.11344E+12,27.557,922.504,6042742.354,2133986.902,28.3,8.5,3,15.02,0.24,3,2678,2725,114.34,7.61,2,13411,3,3,4
2695,8858,1437,1.11344E+12,27.558,924.008,6042742.134,2133988.386,28.3,8.5,3,15.03,0.11,3,2678,2725,114.34,7.61,2,13411,3,3,4
2695,8859,1437,1.11344E+12,27.561,925.524,6042741.915,2133989.87,28.3,8.5,3,14.92,-1.78,3,2678,2725,114.32,7.66,2,13411,3,3,4
2695,8861,1437,1.11344E+12,27.536,928.456,6042741.45,2133992.822,28.3,8.5,3,14.41,-2.19,3,2678,2725,114.39,7.94,2,13411,3,3,4
2695,8866,1437,1.11344E+12,27.184,936.311,6042739.945,2134000.527,28.3,8.5,3,17.62,2.71,3,2678,2725,114.04,6.47,2,13411,3,3,4
2695,8867,1437,1.11344E+12,27.209,938.108,6042739.707,2134002.287,28.3,8.5,3,17.79,-0.08,3,2678,2725,113.74,6.39,2,13411,3,3,4
2695,8868,1437,1.11344E+12,27.234,939.89,6042739.47,2134004.046,28.3,8.5,3,17.77,-0.41,3,2678,2725,113.45,6.38,2,13411,3,3,4
2695,8869,1437,1.11344E+12,27.259,941.662,6042739.233,2134005.805,28.3,8.5,3,17.75,0,3,2678,2725,113.16,6.37,2,13411,3,3,4
2695,8870,1437,1.11344E+12,27.284,943.437,6042738.996,2134007.564,28.3,8.5,3,17.75,0,3,2678,2725,112.9,6.36,2,13411,3,3,4
2695,8871,1437,1.11344E+12,27.309,945.212,6042738.759,2134009.323,28.3,8.5,3,17.75,0,3,2678,2725,112.74,6.35,2,13411,3,3,4
2695,8872,1437,1.11344E+12,27.333,946.987,6042738.521,2134011.082,28.3,8.5,3,17.75,0,3,2678,2725,112.71,6.35,2,13411,3,3,4
2695,8873,1437,1.11344E+12,27.358,948.762,6042738.284,2134012.841,28.3,8.5,3,17.75,0,3,2678,2725,112.78,6.35,2,13411,3,3,4
2695,8874,1437,1.11344E+12,27.383,950.537,6042738.047,2134014.601,28.3,8.5,3,17.75,0,3,2678,2725,112.88,6.36,2,13411,3,3,4
2695,8875,1437,1.11344E+12,27.408,952.312,6042737.81,2134016.36,28.3,8.5,3,17.75,-0.02,3,2678,2725,112.99,6.37,2,13411,3,3,4
2695,8876,1437,1.11344E+12,27.432,954.087,6042737.572,2134018.119,28.3,8.5,3,17.75,0,3,2678,2725,113.08,6.37,2,13411,3,3,4
2695,8877,1437,1.11344E+12,27.458,955.861,6042737.335,2134019.878,28.3,8.5,3,17.75,0,3,2678,2725,113.17,6.38,2,13411,3,3,4
2695,8878,1437,1.11344E+12,27.483,957.635,6042737.098,2134021.637,28.3,8.5,3,17.76,0.17,3,2678,2725,113.26,6.38,2,13411,3,3,4
2695,8879,1437,1.11344E+12,27.508,959.411,6042736.861,2134023.396,28.3,8.5,3,17.78,0.28,3,2678,2725,113.35,6.38,2,13411,3,3,4
2695,8880,1437,1.11344E+12,27.532,961.197,6042736.623,2134025.156,28.3,8.5,3,17.75,-0.62,3,2678,2725,113.43,6.39,2,13411,3,3,4
2695,8881,1437,1.11344E+12,27.558,962.985,6042736.385,2134026.932,28.3,8.5,3,17.54,-3.2,3,2678,2725,113.51,6.47,2,13411,3,3,4
2695,8885,1437,1.11344E+12,27.606,969.53,6042735.467,2134033.412,28.3,8.5,3,15.2,-3.1,3,2678,2725,114.43,7.53,2,13411,3,3,4
2695,8886,1437,1.11344E+12,27.606,971.016,6042735.248,2134034.879,28.3,8.5,3,15,-0.54,3,2678,2725,114.81,7.65,2,13411,3,3,4
2695,8887,1437,1.11344E+12,27.609,972.504,6042735.029,2134036.363,28.3,8.5,3,14.99,0.56,3,2678,2725,115.19,7.68,2,13411,3,3,4
2695,8888,1437,1.11344E+12,27.61,974.008,6042734.809,2134037.847,28.3,8.5,3,15.02,0.18,3,2678,2725,115.55,7.69,2,13411,3,3,4
2695,8889,1437,1.11344E+12,27.611,975.525,6042734.589,2134039.331,28.3,8.5,3,14.91,-1.95,3,2678,2725,115.91,7.77,2,13411,3,3,4
2695,8890,1437,1.11344E+12,27.614,977.012,6042734.366,2134040.844,28.3,8.5,3,14.66,-3.2,3,2678,2725,116.31,7.93,2,13411,3,3,4
2695,8891,1437,1.11344E+12,27.611,978.446,6042734.15,2134042.276,28.3,8.5,3,14.57,-0.2,3,2678,2725,116.72,8.01,2,13411,3,3,4
2695,8897,1437,1.11344E+12,27.811,988.604,6042732.854,2134052.32,28.3,8.5,3,19.04,0.04,3,2678,2725,115.91,6.09,2,13411,3,3,4
2695,8898,1437,1.11344E+12,27.861,990.512,6042732.623,2134054.207,28.3,8.5,3,19.04,-0.27,3,2678,2725,115.51,6.07,2,13411,3,3,4
2695,8899,1437,1.11344E+12,27.911,992.41,6042732.392,2134056.093,28.3,8.5,3,19.04,0.36,3,2678,2725,115.13,6.05,2,13411,3,3,4
2695,8900,1437,1.11344E+12,27.961,994.323,6042732.161,2134057.98,28.3,8.5,3,19,-0.81,3,2678,2725,114.73,6.04,2,13411,3,3,4
2695,8906,1437,1.11344E+12,27.96,1004.672,6042730.634,2134068.216,28.3,8.5,3,15.5,-0.81,3,2678,2725,111.35,7.18,2,13411,3,3,4
2695,8907,1437,1.11344E+12,27.909,1006.209,6042730.355,2134069.741,28.3,8.5,3,15.46,0.34,3,2678,2725,110.81,7.17,2,13411,3,3,4
2695,8908,1437,1.11344E+12,27.86,1007.757,6042730.077,2134071.267,28.3,8.5,3,15.49,0.27,3,2678,2725,110.26,7.12,2,13411,3,3,4
2695,8909,1437,1.11344E+12,27.81,1009.309,6042729.799,2134072.792,28.3,8.5,3,15.52,0.16,3,2678,2725,109.71,7.07,2,13411,3,3,4
2695,8910,1437,1.11344E+12,27.76,1010.864,6042729.521,2134074.318,28.3,8.5,3,15.5,-0.31,3,2678,2725,109.16,7.04,2,13411,3,3,4
2695,8911,1437,1.11344E+12,27.704,1012.422,6042729.236,2134075.852,28.3,8.5,3,15.39,-1.72,3,2678,2725,108.61,7.06,2,13411,3,3,4
2695,8916,1437,1.11344E+12,27.759,1019.671,6042728.215,2134083.071,28.3,8.5,3,13.62,-1.4,3,2678,2725,106.21,7.8,2,13411,3,3,4
2695,8917,1437,1.11344E+12,27.815,1021.01,6042728.058,2134084.463,28.3,8.5,3,13.61,1.24,3,2678,2725,105.88,7.78,2,13411,3,3,4
2695,8918,1437,1.11344E+12,27.871,1022.367,6042727.9,2134085.855,28.3,8.5,3,13.75,2.38,3,2678,2725,105.53,7.67,2,13411,3,3,4
2695,8919,1437,1.11344E+12,27.928,1023.759,6042727.743,2134087.247,28.3,8.5,3,13.93,1.3,3,2678,2725,105.13,7.55,2,13411,3,3,4
2695,8920,1437,1.11344E+12,27.985,1025.17,6042727.586,2134088.638,28.3,8.5,3,14,-0.18,3,2678,2725,104.72,7.48,2,13411,3,3,4
2695,8921,1437,1.11344E+12,28.054,1026.575,6042727.44,2134090.038,28.3,8.5,3,13.93,-1.09,3,2678,2725,104.32,7.49,2,13411,3,3,4
2695,8922,1437,1.11344E+12,28.105,1027.97,6042727.276,2134091.43,28.3,8.5,3,13.75,-2.33,3,2678,2725,103.92,7.56,2,13411,3,3,4
2695,8923,1437,1.11344E+12,28.086,1029.339,6042727.048,2134092.783,28.3,8.5,3,13.5,-2.95,3,2678,2725,103.55,7.67,2,13411,3,3,4
2695,8924,1437,1.11344E+12,28.018,1030.671,6042726.779,2134094.086,28.3,8.5,3,13.25,-2.35,3,2678,2725,103.22,7.79,2,13411,3,3,4
2695,8925,1437,1.11344E+12,27.881,1031.976,6042726.445,2134095.349,28.3,8.5,3,13.08,-1.11,3,2678,2725,102.91,7.87,2,13411,3,3,4
2695,8926,1437,1.11344E+12,27.726,1033.271,6042726.094,2134096.605,28.3,8.5,3,13,-0.18,3,2678,2725,102.61,7.89,2,13411,3,3,4
2695,8927,1437,1.11344E+12,27.582,1034.569,6042725.754,2134097.869,28.3,8.5,3,12.99,0.1,3,2678,2725,102.31,7.88,2,13411,3,3,4
2695,8928,1437,1.11344E+12,27.438,1035.87,6042725.413,2134099.132,28.3,8.5,3,13,-0.06,3,2678,2725,102.02,7.85,2,13411,3,3,4
2695,8929,1437,1.11344E+12,27.295,1037.17,6042725.073,2134100.396,28.3,8.5,3,12.98,-0.19,3,2678,2725,101.78,7.84,2,13411,3,3,4
2695,8930,1437,1.11344E+12,27.151,1038.463,6042724.733,2134101.659,28.3,8.5,3,13.01,0.44,3,2678,2725,101.63,7.81,2,13411,3,3,4
2695,8931,1437,1.11344E+12,26.995,1039.754,6042724.382,2134102.909,28.3,8.5,3,13.16,2.28,3,2678,2725,101.55,7.72,2,13411,3,3,4
2695,8935,1437,1.11344E+12,26.803,1045.357,6042723.338,2134108.417,28.3,8.5,3,14.9,2.63,3,2678,2725,100.68,6.76,2,13411,3,3,4
2695,8936,1437,1.11344E+12,26.825,1046.886,6042723.129,2134109.914,28.3,8.5,3,14.95,-1.24,3,2678,2725,100.35,6.71,2,13411,3,3,4
2695,8942,1437,1.11344E+12,26.866,1054.394,6042722.026,2134117.333,28.3,8.5,3,10.02,-1.94,3,2678,2725,102,10.18,2,13411,3,3,4
2695,8943,1437,1.11344E+12,26.872,1055.365,6042721.88,2134118.322,28.3,8.5,3,9.95,0.94,3,2678,2725,102.61,10.31,2,13411,3,3,4
2695,8948,1437,1.11344E+12,27.182,1060.906,6042721.341,2134123.843,28.3,8.5,3,12.58,3.27,3,2678,2725,104.94,8.34,2,13411,3,3,4
2695,8949,1437,1.11344E+12,27.256,1062.199,6042721.217,2134125.136,28.3,8.5,3,12.8,0.65,3,2678,2725,105.22,8.22,2,13411,3,3,4
2695,8950,1437,1.11344E+12,27.308,1063.489,6042721.073,2134126.409,28.3,8.5,3,12.83,-0.27,3,2678,2725,105.51,8.22,2,13411,3,3,4
2695,8951,1437,1.11344E+12,27.37,1064.77,6042720.939,2134127.684,28.3,8.5,3,12.81,-0.15,3,2678,2725,105.8,8.26,2,13411,3,3,4
2695,8952,1437,1.11344E+12,27.432,1066.05,6042720.805,2134128.958,28.3,8.5,3,12.8,0,3,2678,2725,106.1,8.29,2,13411,3,3,4
2695,8953,1437,1.11344E+12,27.494,1067.33,6042720.671,2134130.233,28.3,8.5,3,12.8,0,3,2678,2725,106.4,8.31,2,13411,3,3,4
2695,8954,1437,1.11344E+12,27.556,1068.61,6042720.537,2134131.508,28.3,8.5,3,12.8,0,3,2678,2725,106.7,8.34,2,13411,3,3,4
2695,8955,1437,1.11344E+12,27.618,1069.89,6042720.403,2134132.782,28.3,8.5,3,12.8,0,3,2678,2725,106.99,8.36,2,13411,3,3,4
2695,8956,1437,1.11344E+12,27.68,1071.17,6042720.269,2134134.057,28.3,8.5,3,12.8,0,3,2678,2725,107.24,8.38,2,13411,3,3,4
2695,8957,1437,1.11344E+12,27.742,1072.45,6042720.135,2134135.332,28.3,8.5,3,12.8,0,3,2678,2725,107.4,8.39,2,13411,3,3,4
2695,8958,1437,1.11344E+12,27.803,1073.731,6042720.001,2134136.606,28.3,8.5,3,12.8,0,3,2678,2725,107.47,8.4,2,13411,3,3,4
2695,8959,1437,1.11344E+12,27.865,1075.01,6042719.867,2134137.881,28.3,8.5,3,12.8,0,3,2678,2725,107.49,8.4,2,13411,3,3,4
2695,8960,1437,1.11344E+12,27.926,1076.291,6042719.732,2134139.155,28.3,8.5,3,12.8,0,3,2678,2725,107.54,8.4,2,13411,3,3,4
2695,8961,1437,1.11344E+12,27.988,1077.571,6042719.598,2134140.43,28.3,8.5,3,12.8,0,3,2678,2725,107.65,8.41,2,13411,3,3,4
2695,8962,1437,1.11344E+12,28.05,1078.851,6042719.464,2134141.705,28.3,8.5,3,12.8,0,3,2678,2725,107.78,8.42,2,13411,3,3,4
2695,8963,1437,1.11344E+12,28.112,1080.131,6042719.33,2134142.979,28.3,8.5,3,12.8,0,3,2678,2725,107.9,8.43,2,13411,3,3,4
2695,8964,1437,1.11344E+12,28.174,1081.412,6042719.196,2134144.254,28.3,8.5,3,12.8,0,3,2678,2725,108.02,8.44,2,13411,3,3,4
2695,8965,1437,1.11344E+12,28.236,1082.692,6042719.062,2134145.529,28.3,8.5,3,12.8,0,3,2678,2725,108.14,8.45,2,13411,3,3,4
2695,8966,1437,1.11344E+12,28.298,1083.972,6042718.928,2134146.803,28.3,8.5,3,12.8,0,3,2678,2725,108.26,8.46,2,13411,3,3,4
2695,8967,1437,1.11344E+12,28.36,1085.252,6042718.794,2134148.078,28.3,8.5,3,12.8,0,3,2678,2725,108.38,8.47,2,13411,3,3,4
2695,8968,1437,1.11344E+12,28.422,1086.532,6042718.66,2134149.353,28.3,8.5,3,12.8,0,3,2678,2725,108.5,8.48,2,13411,3,3,4
2695,8969,1437,1.11344E+12,28.484,1087.813,6042718.526,2134150.627,28.3,8.5,3,12.8,0,3,2678,2725,108.62,8.49,2,13411,3,3,4
2695,8970,1437,1.11344E+12,28.546,1089.093,6042718.392,2134151.902,28.3,8.5,3,12.8,0,3,2678,2725,108.74,8.5,2,13411,3,3,4
2695,8971,1437,1.11344E+12,28.608,1090.373,6042718.258,2134153.177,28.3,8.5,3,12.8,0,3,2678,2725,108.86,8.5,2,13411,3,3,4
2695,8972,1437,1.11344E+12,28.67,1091.654,6042718.124,2134154.451,28.3,8.5,3,12.8,-0.11,3,2678,2725,108.98,8.51,2,13411,3,3,4
2695,8973,1437,1.11344E+12,28.732,1092.933,6042717.99,2134155.726,28.3,8.5,3,12.78,-0.21,3,2678,2725,109.11,8.54,2,13411,3,3,4
2695,8974,1437,1.11344E+12,28.794,1094.206,6042717.856,2134157.001,28.3,8.5,3,12.8,0.46,3,2678,2725,109.25,8.53,2,13411,3,3,4
2695,8975,1437,1.11344E+12,28.859,1095.475,6042717.727,2134158.263,28.3,8.5,3,12.97,2.5,3,2678,2725,109.37,8.43,2,13411,3,3,4
2695,8979,1437,1.11344E+12,28.968,1101.054,6042716.987,2134163.775,28.3,8.5,3,14.78,0.95,3,2678,2725,108.64,7.35,2,13411,3,3,4
2695,8982,1437,1.11344E+12,28.943,1105.394,6042716.297,2134168.082,28.3,8.5,3,13.75,-2.98,3,2678,2725,107.74,7.84,2,13411,3,3,4
2695,8983,1437,1.11344E+12,28.935,1106.715,6042716.091,2134169.368,28.3,8.5,3,13.74,2.88,3,2678,2725,107.57,7.83,2,13411,3,3,4
2695,8986,1437,1.11344E+12,28.914,1111.054,6042715.407,2134173.663,28.3,8.5,3,14.89,0,3,2678,2725,106.68,7.16,2,13411,3,3,4
2695,8989,1437,1.11344E+12,28.893,1115.391,6042714.723,2134177.958,28.3,8.5,3,13.76,-2.62,3,2678,2725,105.79,7.69,2,13411,3,3,4
2695,8990,1437,1.11344E+12,28.885,1116.717,6042714.517,2134179.243,28.3,8.5,3,13.78,3.11,3,2678,2725,105.62,7.66,2,13411,3,3,4
2695,8992,1437,1.11344E+12,28.872,1119.555,6042714.069,2134182.057,28.3,8.5,3,14.29,0.35,3,2678,2725,105.08,7.35,2,13411,3,3,4
2695,8998,1437,1.11344E+12,28.849,1126.946,6042712.884,2134189.493,28.3,8.5,3,10.26,-3.18,3,2678,2725,104.5,10.19,2,13411,3,3,4
2695,8999,1437,1.11344E+12,28.848,1127.945,6042712.731,2134190.452,28.3,8.5,3,10.04,-1.3,3,2678,2725,104.6,10.42,2,13411,3,3,4
2695,9000,1437,1.11344E+12,28.848,1128.931,6042712.574,2134191.439,28.3,8.5,3,9.96,0.22,3,2678,2725,104.72,10.51,2,13411,3,3,4
2695,9001,1437,1.11344E+12,28.847,1129.928,6042712.416,2134192.427,28.3,8.5,3,9.98,0.25,3,2678,2725,104.83,10.5,2,13411,3,3,4
2695,9002,1437,1.11344E+12,28.846,1130.93,6042712.259,2134193.414,28.3,8.5,3,10,0,3,2678,2725,104.93,10.49,2,13411,3,3,4
2695,9003,1437,1.11344E+12,28.845,1131.929,6042712.101,2134194.402,28.3,8.5,3,10,0,3,2678,2725,105.04,10.5,2,13411,3,3,4
2695,9004,1437,1.11344E+12,28.845,1132.929,6042711.944,2134195.389,28.3,8.5,3,10,0,3,2678,2725,105.14,10.51,2,13411,3,3,4
2695,9005,1437,1.11344E+12,28.845,1133.929,6042711.787,2134196.377,28.3,8.5,3,10,0,3,2678,2725,105.25,10.52,2,13411,3,3,4
2695,9006,1437,1.11344E+12,28.844,1134.929,6042711.629,2134197.365,28.3,8.5,3,10,0,3,2678,2725,105.35,10.54,2,13411,3,3,4
2695,9007,1437,1.11344E+12,28.843,1135.93,6042711.472,2134198.352,28.3,8.5,3,10,0,3,2678,2725,105.46,10.55,2,13411,3,3,4
2695,9008,1437,1.11344E+12,28.841,1136.929,6042711.313,2134199.34,28.3,8.5,3,10,0,3,2678,2725,105.56,10.56,2,13411,3,3,4
2695,9009,1437,1.11344E+12,28.841,1137.929,6042711.156,2134200.327,28.3,8.5,3,10,0,3,2678,2725,105.67,10.57,2,13411,3,3,4
2695,9010,1437,1.11344E+12,28.845,1138.929,6042711.003,2134201.315,28.3,8.5,3,10,0,3,2678,2725,105.77,10.58,2,13411,3,3,4
2695,9011,1437,1.11344E+12,28.855,1139.93,6042710.856,2134202.305,28.3,8.5,3,10,0,3,2678,2725,105.88,10.59,2,13411,3,3,4
2695,9012,1437,1.11344E+12,28.87,1140.93,6042710.714,2134203.295,28.3,8.5,3,10,0,3,2678,2725,105.98,10.6,2,13411,3,3,4
2695,9013,1437,1.11344E+12,28.885,1141.93,6042710.572,2134204.285,28.3,8.5,3,10,0,3,2678,2725,106.09,10.61,2,13411,3,3,4
2695,9014,1437,1.11344E+12,28.9,1142.93,6042710.43,2134205.275,28.3,8.5,3,10,0,3,2678,2725,106.19,10.62,2,13411,3,3,4
2695,9015,1437,1.11344E+12,28.914,1143.93,6042710.287,2134206.265,28.3,8.5,3,10,0,3,2678,2725,106.29,10.63,2,13411,3,3,4
2695,9016,1437,1.11344E+12,28.928,1144.929,6042710.145,2134207.254,28.3,8.5,3,10,0,3,2678,2725,106.4,10.64,2,13411,3,3,4
2695,9017,1437,1.11344E+12,28.942,1145.929,6042710.002,2134208.244,28.3,8.5,3,10,0.03,3,2678,2725,106.51,10.65,2,13411,3,3,4
2695,9018,1437,1.11344E+12,28.957,1146.929,6042709.86,2134209.234,28.3,8.5,3,10,0,3,2678,2725,106.61,10.66,2,13411,3,3,4
2695,9019,1437,1.11344E+12,28.971,1147.93,6042709.717,2134210.224,28.3,8.5,3,10,0,3,2678,2725,106.71,10.67,2,13411,3,3,4
2695,9020,1437,1.11344E+12,28.986,1148.93,6042709.575,2134211.214,28.3,8.5,3,10,0,3,2678,2725,106.82,10.68,2,13411,3,3,4
2695,9021,1437,1.11344E+12,29.001,1149.93,6042709.433,2134212.204,28.3,8.5,3,10,0,3,2678,2725,106.93,10.69,2,13411,3,3,4
2695,9022,1437,1.11344E+12,29.015,1150.93,6042709.29,2134213.194,28.3,8.5,3,10,0,3,2678,2725,107.05,10.7,2,13411,3,3,4
2695,9023,1437,1.11344E+12,29.03,1151.93,6042709.148,2134214.184,28.3,8.5,3,10,0,3,2678,2725,107.17,10.72,2,13411,3,3,4
2695,9024,1437,1.11344E+12,29.044,1152.93,6042709.005,2134215.174,28.3,8.5,3,10,0,3,2678,2725,107.23,10.72,2,13411,3,3,4
2695,9025,1437,1.11344E+12,29.059,1153.93,6042708.863,2134216.164,28.3,8.5,3,10,0,3,2678,2725,107.16,10.72,2,13411,3,3,4
2695,9026,1437,1.11344E+12,29.073,1154.93,6042708.72,2134217.154,28.3,8.5,3,10,0,3,2678,2725,106.96,10.7,2,13411,3,3,4
2695,9027,1437,1.11344E+12,29.088,1155.93,6042708.578,2134218.144,28.3,8.5,3,10,0,3,2678,2725,106.64,10.66,2,13411,3,3,4
2695,9028,1437,1.11344E+12,29.102,1156.93,6042708.435,2134219.134,28.3,8.5,3,10,0,3,2678,2725,106.29,10.63,2,13411,3,3,4
2695,9029,1437,1.11344E+12,29.117,1157.93,6042708.293,2134220.124,28.3,8.5,3,10,0,3,2678,2725,105.93,10.59,2,13411,3,3,4
2695,9030,1437,1.11344E+12,29.132,1158.93,6042708.151,2134221.114,28.3,8.5,3,10,0,3,2678,2725,105.6,10.56,2,13411,3,3,4
2695,9031,1437,1.11344E+12,29.146,1159.931,6042708.008,2134222.104,28.3,8.5,3,10,0,3,2678,2725,105.26,10.53,2,13411,3,3,4
2695,9032,1437,1.11344E+12,29.161,1160.931,6042707.866,2134223.094,28.3,8.5,3,10,0,3,2678,2725,104.92,10.49,2,13411,3,3,4
2695,9033,1437,1.11344E+12,29.175,1161.931,6042707.723,2134224.084,28.3,8.5,3,10,0,3,2678,2725,104.59,10.46,2,13411,3,3,4
2695,9034,1437,1.11344E+12,29.19,1162.931,6042707.581,2134225.074,28.3,8.5,3,10,0,3,2678,2725,104.25,10.42,2,13411,3,3,4
2695,9035,1437,1.11344E+12,29.204,1163.931,6042707.438,2134226.064,28.3,8.5,3,10,0,3,2678,2725,103.91,10.39,2,13411,3,3,4
2695,9036,1437,1.11344E+12,29.219,1164.931,6042707.296,2134227.054,28.3,8.5,3,10,0,3,2678,2725,103.57,10.36,2,13411,3,3,4
2695,9037,1437,1.11344E+12,29.233,1165.931,6042707.153,2134228.044,28.3,8.5,3,10,0,3,2678,2725,103.23,10.32,2,13411,3,3,4
2695,9038,1437,1.11344E+12,29.248,1166.93,6042707.011,2134229.033,28.3,8.5,3,10,0,3,2678,2725,102.9,10.29,2,13411,3,3,4
2695,9039,1437,1.11344E+12,29.262,1167.93,6042706.868,2134230.023,28.3,8.5,3,10,0.02,3,2678,2725,102.58,10.26,2,13411,3,3,4
2695,9040,1437,1.11344E+12,29.277,1168.93,6042706.726,2134231.013,28.3,8.5,3,10,0.02,3,2678,2725,102.27,10.23,2,13411,3,3,4
2695,9041,1437,1.11344E+12,29.293,1169.93,6042706.585,2134232.003,28.3,8.5,3,10,0,3,2678,2725,101.96,10.2,2,13411,3,3,4
2695,9042,1437,1.11344E+12,29.307,1170.931,6042706.442,2134232.993,28.3,8.5,3,10,0,3,2678,2725,101.62,10.16,2,13411,3,3,4
2695,9043,1437,1.11344E+12,29.317,1171.931,6042706.295,2134233.983,28.3,8.5,3,10,0,3,2678,2725,101.28,10.13,2,13411,3,3,4
2695,9044,1437,1.11344E+12,29.321,1172.931,6042706.142,2134234.971,28.3,8.5,3,10,0,3,2678,2725,100.94,10.09,2,13411,3,3,4
2695,9045,1437,1.11344E+12,29.32,1173.931,6042705.985,2134235.958,28.3,8.5,3,10,0,3,2678,2725,100.61,10.06,2,13411,3,3,4
2695,9046,1437,1.11344E+12,29.318,1174.931,6042705.826,2134236.946,28.3,8.5,3,10,0,3,2678,2725,100.27,10.03,2,13411,3,3,4
2695,9047,1437,1.11344E+12,29.318,1175.931,6042705.669,2134237.934,28.3,8.5,3,10,0,3,2678,2725,99.93,9.99,2,13411,3,3,4
2695,9048,1437,1.11344E+12,29.318,1176.932,6042705.512,2134238.921,28.3,8.5,3,10,0,3,2678,2725,99.59,9.96,2,13411,3,3,4
2695,9049,1437,1.11344E+12,29.316,1177.932,6042705.354,2134239.909,28.3,8.5,3,10,0,3,2678,2725,99.25,9.93,2,13411,3,3,4
2695,9050,1437,1.11344E+12,29.316,1178.93,6042705.197,2134240.896,28.3,8.5,3,10.01,0.23,3,2678,2725,98.92,9.88,2,13411,3,3,4
2695,9051,1437,1.11344E+12,29.315,1179.945,6042705.039,2134241.884,28.3,8.5,3,9.93,-1.51,3,2678,2725,98.57,9.93,2,13411,3,3,4
2695,9057,1437,1.11344E+12,29.255,1185.023,6042704.13,2134247.094,28.3,8.5,3,7.15,-1.03,3,2678,2725,97.46,13.63,2,13411,3,3,4
2695,9058,1437,1.11344E+12,29.255,1185.717,6042704.015,2134247.783,28.3,8.5,3,7.12,1.05,3,2678,2725,97.43,13.68,2,13411,3,3,4
2695,9059,1437,1.11344E+12,29.263,1186.434,6042703.902,2134248.51,28.3,8.5,3,7.2,0.83,3,2678,2725,97.38,13.52,2,13411,3,3,4
2695,9060,1437,1.11344E+12,29.265,1187.164,6042703.786,2134249.225,28.3,8.5,3,7.26,0.07,3,2678,2725,97.31,13.4,2,13411,3,3,4
2695,9061,1437,1.11344E+12,29.268,1187.891,6042703.67,2134249.941,28.3,8.5,3,7.26,-0.09,3,2678,2725,97.24,13.39,2,13411,3,3,4
2695,9062,1437,1.11344E+12,29.272,1188.616,6042703.555,2134250.657,28.3,8.5,3,7.25,0,3,2678,2725,97.18,13.4,2,13411,3,3,4
2695,9063,1437,1.11344E+12,29.275,1189.341,6042703.439,2134251.373,28.3,8.5,3,7.25,0,3,2678,2725,97.12,13.4,2,13411,3,3,4
2695,9064,1437,1.11344E+12,29.278,1190.066,6042703.323,2134252.088,28.3,8.5,3,7.25,0,3,2678,2725,97.06,13.39,2,13411,3,3,4
2695,9065,1437,1.11344E+12,29.282,1190.791,6042703.208,2134252.804,28.3,8.5,3,7.25,0,3,2678,2725,97,13.38,2,13411,3,3,4
2695,9066,1437,1.11344E+12,29.285,1191.516,6042703.092,2134253.52,28.3,8.5,3,7.25,0,3,2678,2725,96.93,13.37,2,13411,3,3,4
2695,9067,1437,1.11344E+12,29.289,1192.241,6042702.977,2134254.235,28.3,8.5,3,7.25,0,3,2678,2725,96.87,13.36,2,13411,3,3,4
2695,9068,1437,1.11344E+12,29.292,1192.966,6042702.861,2134254.951,28.3,8.5,3,7.25,0,3,2678,2725,96.81,13.35,2,13411,3,3,4
2695,9069,1437,1.11344E+12,29.295,1193.691,6042702.745,2134255.667,28.3,8.5,3,7.25,0,3,2678,2725,96.74,13.34,2,13411,3,3,4
2695,9070,1437,1.11344E+12,29.299,1194.416,6042702.63,2134256.383,28.3,8.5,3,7.25,0,3,2678,2725,96.68,13.34,2,13411,3,3,4
2695,9071,1437,1.11344E+12,29.301,1195.141,6042702.514,2134257.098,28.3,8.5,3,7.25,-0.05,3,2678,2725,96.62,13.33,2,13411,3,3,4
2695,9072,1437,1.11344E+12,29.304,1195.866,6042702.398,2134257.814,28.3,8.5,3,7.24,-0.13,3,2678,2725,96.56,13.34,2,13411,3,3,4
2695,9073,1437,1.11344E+12,29.308,1196.586,6042702.283,2134258.53,28.3,8.5,3,7.25,0.25,3,2678,2725,96.5,13.31,2,13411,3,3,4
2695,9074,1437,1.11344E+12,29.311,1197.305,6042702.168,2134259.238,28.3,8.5,3,7.34,1.44,3,2678,2725,96.44,13.14,2,13411,3,3,4
2695,9075,1437,1.11344E+12,29.315,1198.036,6042702.053,2134259.953,28.3,8.5,3,7.56,2.94,3,2678,2725,96.38,12.75,2,13411,3,3,4
2695,9077,1437,1.11344E+12,29.322,1199.612,6042701.802,2134261.508,28.3,8.5,3,8.19,2.9,3,2678,2725,96.12,11.74,2,13411,3,3,4
2695,9078,1437,1.11344E+12,29.326,1200.455,6042701.666,2134262.348,28.3,8.5,3,8.4,1.43,3,2678,2725,95.94,11.42,2,13411,3,3,4
2695,9079,1437,1.11344E+12,29.329,1201.311,6042701.529,2134263.194,28.3,8.5,3,8.5,0.29,3,2678,2725,95.75,11.26,2,13411,3,3,4
2695,9080,1437,1.11344E+12,29.333,1202.165,6042701.393,2134264.033,28.3,8.5,3,8.52,-0.11,3,2678,2725,95.56,11.22,2,13411,3,3,4
2695,9081,1437,1.11344E+12,29.337,1203.016,6042701.258,2134264.873,28.3,8.5,3,8.51,-0.07,3,2678,2725,95.37,11.21,2,13411,3,3,4
2695,9082,1437,1.11344E+12,29.341,1203.866,6042701.122,2134265.712,28.3,8.5,3,8.5,0,3,2678,2725,95.18,11.2,2,13411,3,3,4
2695,9083,1437,1.11344E+12,29.345,1204.716,6042700.987,2134266.551,28.3,8.5,3,8.5,0,3,2678,2725,95,11.18,2,13411,3,3,4
2695,9084,1437,1.11344E+12,29.349,1205.566,6042700.851,2134267.39,28.3,8.5,3,8.5,0,3,2678,2725,94.81,11.15,2,13411,3,3,4
2695,9085,1437,1.11344E+12,29.353,1206.416,6042700.716,2134268.229,28.3,8.5,3,8.5,0,3,2678,2725,94.62,11.13,2,13411,3,3,4
2695,9086,1437,1.11344E+12,29.356,1207.266,6042700.58,2134269.068,28.3,8.5,3,8.5,0,3,2678,2725,94.43,11.11,2,13411,3,3,4
2695,9087,1437,1.11344E+12,29.36,1208.116,6042700.444,2134269.907,28.3,8.5,3,8.5,0,3,2678,2725,94.24,11.09,2,13411,3,3,4
2695,9088,1437,1.11344E+12,29.364,1208.965,6042700.309,2134270.746,28.3,8.5,3,8.5,0.02,3,2678,2725,94.06,11.07,2,13411,3,3,4
2695,9089,1437,1.11344E+12,29.368,1209.815,6042700.173,2134271.585,28.3,8.5,3,8.5,0.02,3,2678,2725,93.87,11.04,2,13411,3,3,4
2695,9090,1437,1.11344E+12,29.372,1210.666,6042700.038,2134272.425,28.3,8.5,3,8.5,0,3,2678,2725,93.68,11.02,2,13411,3,3,4
2695,9091,1437,1.11344E+12,29.375,1211.516,6042699.902,2134273.264,28.3,8.5,3,8.51,0.04,3,2678,2725,93.49,10.99,2,13411,3,3,4
2695,9092,1437,1.11344E+12,29.38,1212.366,6042699.767,2134274.103,28.3,8.5,3,8.51,0.11,3,2678,2725,93.31,10.96,2,13411,3,3,4
2695,9093,1437,1.11344E+12,29.383,1213.22,6042699.631,2134274.942,28.3,8.5,3,8.5,-0.28,3,2678,2725,93.12,10.95,2,13411,3,3,4
2695,9094,1437,1.11344E+12,29.383,1214.076,6042699.49,2134275.788,28.3,8.5,3,8.4,-1.43,3,2678,2725,92.92,11.06,2,13411,3,3,4
2695,9095,1437,1.11344E+12,29.386,1214.919,6042699.354,2134276.627,28.3,8.5,3,8.19,-2.92,3,2678,2725,92.74,11.32,2,13411,3,3,4
2695,9097,1437,1.11344E+12,29.469,1216.494,6042699.177,2134278.194,28.3,8.5,3,7.56,-2.93,3,2678,2725,92.49,12.23,2,13411,3,3,4
2695,9098,1437,1.11344E+12,29.547,1217.225,6042699.136,2134278.921,28.3,8.5,3,7.34,-1.43,3,2678,2725,92.42,12.59,2,13411,3,3,4
2695,9099,1437,1.11344E+12,29.63,1217.944,6042699.1,2134279.642,28.3,8.5,3,7.25,-0.26,3,2678,2725,92.37,12.74,2,13411,3,3,4
2695,9100,1437,1.11344E+12,29.708,1218.664,6042699.058,2134280.37,28.3,8.5,3,7.23,0.12,3,2678,2725,92.31,12.77,2,13411,3,3,4
2695,9101,1437,1.11344E+12,29.786,1219.388,6042699.016,2134281.098,28.3,8.5,3,7.24,0.06,3,2678,2725,92.25,12.74,2,13411,3,3,4
2695,9102,1437,1.11344E+12,29.865,1220.113,6042698.975,2134281.825,28.3,8.5,3,7.25,0,3,2678,2725,92.18,12.72,2,13411,3,3,4
2695,9103,1437,1.11344E+12,29.943,1220.838,6042698.933,2134282.553,28.3,8.5,3,7.25,0,3,2678,2725,92.12,12.71,2,13411,3,3,4
2695,9104,1437,1.11344E+12,30.022,1221.563,6042698.892,2134283.281,28.3,8.5,3,7.25,0,3,2678,2725,92.06,12.7,2,13411,3,3,4
2695,9105,1437,1.11344E+12,30.099,1222.287,6042698.85,2134284.008,28.3,8.5,3,7.25,0,3,2678,2725,92,12.69,2,13411,3,3,4
2695,9106,1437,1.11344E+12,30.177,1223.012,6042698.808,2134284.736,28.3,8.5,3,7.25,0,3,2678,2725,91.93,12.68,2,13411,3,3,4
2695,9107,1437,1.11344E+12,30.256,1223.737,6042698.767,2134285.464,28.3,8.5,3,7.25,0,3,2678,2725,91.87,12.67,2,13411,3,3,4
2695,9108,1437,1.11344E+12,30.334,1224.461,6042698.725,2134286.191,28.3,8.5,3,7.25,0,3,2678,2725,91.81,12.66,2,13411,3,3,4
2695,9109,1437,1.11344E+12,30.413,1225.186,6042698.684,2134286.919,28.3,8.5,3,7.25,0,3,2678,2725,91.75,12.66,2,13411,3,3,4
2695,9110,1437,1.11344E+12,30.491,1225.911,6042698.642,2134287.647,28.3,8.5,3,7.25,0,3,2678,2725,91.69,12.65,2,13411,3,3,4
2695,9111,1437,1.11344E+12,30.569,1226.636,6042698.6,2134288.374,28.3,8.5,3,7.25,-0.03,3,2678,2725,91.62,12.64,2,13411,3,3,4
2695,9112,1437,1.11344E+12,30.648,1227.36,6042698.559,2134289.102,28.3,8.5,3,7.24,0,3,2678,2725,91.56,12.65,2,13411,3,3,4
2695,9113,1437,1.11344E+12,30.726,1228.083,6042698.517,2134289.83,28.3,8.5,3,7.26,0.22,3,2678,2725,91.5,12.6,2,13411,3,3,4
2695,9114,1437,1.11344E+12,30.819,1228.807,6042698.491,2134290.557,28.3,8.5,3,7.3,0.63,3,2678,2725,91.44,12.53,2,13411,3,3,4
2695,9115,1437,1.11344E+12,30.869,1229.537,6042698.421,2134291.285,28.3,8.5,3,7.38,1.04,3,2678,2725,91.37,12.38,2,13411,3,3,4
2695,9116,1437,1.11344E+12,30.847,1230.28,6042698.277,2134292.014,28.3,8.5,3,7.49,1.2,3,2678,2725,91.29,12.19,2,13411,3,3,4
2695,9117,1437,1.11344E+12,30.769,1231.036,6042698.076,2134292.747,28.3,8.5,3,7.6,1.01,3,2678,2725,91.2,12,2,13411,3,3,4
2695,9118,1437,1.11344E+12,30.619,1231.804,6042697.802,2134293.48,28.3,8.5,3,7.68,0.62,3,2678,2725,91.09,11.86,2,13411,3,3,4
2695,9119,1437,1.11344E+12,30.425,1232.577,6042697.484,2134294.214,28.3,8.5,3,7.72,0.22,3,2678,2725,90.98,11.79,2,13411,3,3,4
2695,9120,1437,1.11344E+12,30.247,1233.352,6042697.181,2134294.948,28.3,8.5,3,7.74,0,3,2678,2725,90.87,11.74,2,13411,3,3,4
2695,9121,1437,1.11344E+12,30.069,1234.126,6042696.879,2134295.682,28.3,8.5,3,7.74,0,3,2678,2725,90.76,11.73,2,13411,3,3,4
2695,9122,1437,1.11344E+12,29.891,1234.9,6042696.576,2134296.416,28.3,8.5,3,7.74,0.03,3,2678,2725,90.65,11.71,2,13411,3,3,4
2695,9123,1437,1.11344E+12,29.712,1235.674,6042696.273,2134297.15,28.3,8.5,3,7.74,0.05,3,2678,2725,90.54,11.7,2,13411,3,3,4
2695,9124,1437,1.11344E+12,29.534,1236.45,6042695.97,2134297.884,28.3,8.5,3,7.73,-0.23,3,2678,2725,90.42,11.7,2,13411,3,3,4
2695,9125,1437,1.11344E+12,29.345,1237.226,6042695.656,2134298.62,28.3,8.5,3,7.67,-0.91,3,2678,2725,90.31,11.77,2,13411,3,3,4
2695,9126,1437,1.11344E+12,29.176,1237.994,6042695.363,2134299.354,28.3,8.5,3,7.54,-1.74,3,2678,2725,90.2,11.96,2,13411,3,3,4
2695,9127,1437,1.11344E+12,29.071,1238.742,6042695.137,2134300.074,28.3,8.5,3,7.35,-2.15,3,2678,2725,90.12,12.26,2,13411,3,3,4
2695,9128,1437,1.11344E+12,29.005,1239.464,6042694.953,2134300.776,28.3,8.5,3,7.16,-1.75,3,2678,2725,90.06,12.58,2,13411,3,3,4
2695,9129,1437,1.11344E+12,29.002,1240.166,6042694.836,2134301.464,28.3,8.5,3,7.03,-0.9,3,2678,2725,90.02,12.8,2,13411,3,3,4
2695,9130,1437,1.11344E+12,29.02,1240.86,6042694.74,2134302.149,28.3,8.5,3,6.97,-0.21,3,2678,2725,89.99,12.91,2,13411,3,3,4
2695,9131,1437,1.11344E+12,29.026,1241.553,6042694.632,2134302.838,28.3,8.5,3,6.96,0.06,3,2678,2725,89.96,12.92,2,13411,3,3,4
2695,9132,1437,1.11344E+12,29.032,1242.25,6042694.524,2134303.526,28.3,8.5,3,6.96,0.03,3,2678,2725,89.92,12.92,2,13411,3,3,4
2695,9133,1437,1.11344E+12,29.04,1242.946,6042694.417,2134304.214,28.3,8.5,3,6.96,0,3,2678,2725,89.89,12.91,2,13411,3,3,4
2695,9134,1437,1.11344E+12,29.046,1243.643,6042694.309,2134304.902,28.3,8.5,3,6.96,0,3,2678,2725,89.85,12.91,2,13411,3,3,4
2695,9135,1437,1.11344E+12,29.053,1244.339,6042694.202,2134305.59,28.3,8.5,3,6.96,0,3,2678,2725,89.82,12.91,2,13411,3,3,4
2695,9136,1437,1.11344E+12,29.059,1245.035,6042694.094,2134306.278,28.3,8.5,3,6.97,0,3,2678,2725,89.79,12.88,2,13411,3,3,4
2695,9137,1437,1.11344E+12,29.067,1245.732,6042693.987,2134306.966,28.3,8.5,3,6.97,0,3,2678,2725,89.75,12.88,2,13411,3,3,4
2695,9138,1437,1.11344E+12,29.073,1246.429,6042693.879,2134307.655,28.3,8.5,3,6.97,0,3,2678,2725,89.72,12.87,2,13411,3,3,4
2695,9139,1437,1.11344E+12,29.079,1247.125,6042693.771,2134308.343,28.3,8.5,3,6.97,0,3,2678,2725,89.68,12.87,2,13411,3,3,4
2695,9140,1437,1.11344E+12,29.087,1247.822,6042693.664,2134309.031,28.3,8.5,3,6.96,0,3,2678,2725,89.65,12.88,2,13411,3,3,4
2695,9141,1437,1.11344E+12,29.093,1248.518,6042693.556,2134309.719,28.3,8.5,3,6.96,0,3,2678,2725,89.62,12.88,2,13411,3,3,4
2695,9142,1437,1.11344E+12,29.1,1249.214,6042693.449,2134310.407,28.3,8.5,3,6.96,0,3,2678,2725,89.58,12.87,2,13411,3,3,4
2695,9143,1437,1.11344E+12,29.106,1249.911,6042693.341,2134311.095,28.3,8.5,3,6.97,0,3,2678,2725,89.54,12.85,2,13411,3,3,4
2695,9144,1437,1.11344E+12,29.114,1250.607,6042693.234,2134311.783,28.3,8.5,3,6.97,0,3,2678,2725,89.5,12.84,2,13411,3,3,4
2695,9145,1437,1.11344E+12,29.12,1251.301,6042693.126,2134312.472,28.3,8.5,3,7,0.49,3,2678,2725,89.48,12.78,2,13411,3,3,4
2695,9146,1437,1.11344E+12,29.126,1252.016,6042693.018,2134313.16,28.3,8.5,3,6.92,-1.4,3,2678,2725,89.49,12.93,2,13411,3,3,4
2695,9155,1437,1.11344E+12,30.313,1257.087,6042693.352,2134318.39,28.3,8.5,3,8.71,1.87,3,2678,2725,92.31,10.6,2,13411,3,3,4
2695,9156,1437,1.11344E+12,30.304,1257.987,6042693.199,2134319.255,28.3,8.5,3,8.81,-0.43,3,2678,2725,92.29,10.48,2,13411,3,3,4
2695,9157,1437,1.11344E+12,30.296,1258.862,6042693.047,2134320.12,28.3,8.5,3,8.79,0,3,2678,2725,92.3,10.5,2,13411,3,3,4
2695,9158,1437,1.11344E+12,30.287,1259.741,6042692.894,2134320.986,28.3,8.5,3,8.79,0,3,2678,2725,92.31,10.5,2,13411,3,3,4
2695,9159,1437,1.11344E+12,30.279,1260.619,6042692.742,2134321.851,28.3,8.5,3,8.78,0,3,2678,2725,92.31,10.51,2,13411,3,3,4
2695,9160,1437,1.11344E+12,30.27,1261.498,6042692.589,2134322.716,28.3,8.5,3,8.78,0,3,2678,2725,92.32,10.51,2,13411,3,3,4
2695,9161,1437,1.11344E+12,30.261,1262.376,6042692.436,2134323.581,28.3,8.5,3,8.78,0,3,2678,2725,92.32,10.51,2,13411,3,3,4
2695,9162,1437,1.11344E+12,30.253,1263.254,6042692.284,2134324.446,28.3,8.5,3,8.78,0,3,2678,2725,92.33,10.52,2,13411,3,3,4
2695,9163,1437,1.11344E+12,30.244,1264.133,6042692.131,2134325.311,28.3,8.5,3,8.79,0,3,2678,2725,92.33,10.5,2,13411,3,3,4
2695,9164,1437,1.11344E+12,30.235,1265.012,6042691.978,2134326.177,28.3,8.5,3,8.79,0,3,2678,2725,92.34,10.5,2,13411,3,3,4
2695,9165,1437,1.11344E+12,30.227,1265.89,6042691.826,2134327.042,28.3,8.5,3,8.79,0,3,2678,2725,92.34,10.51,2,13411,3,3,4
2695,9166,1437,1.11344E+12,30.218,1266.769,6042691.673,2134327.907,28.3,8.5,3,8.78,0,3,2678,2725,92.35,10.52,2,13411,3,3,4
2695,9167,1437,1.11344E+12,30.208,1267.647,6042691.52,2134328.772,28.3,8.5,3,8.79,0,3,2678,2725,92.35,10.51,2,13411,3,3,4
2695,9168,1437,1.11344E+12,30.2,1268.521,6042691.368,2134329.637,28.3,8.5,3,8.83,0.71,3,2678,2725,92.36,10.46,2,13411,3,3,4
2695,9169,1437,1.11344E+12,30.191,1269.404,6042691.215,2134330.503,28.3,8.5,3,8.93,1.3,3,2678,2725,92.36,10.34,2,13411,3,3,4
2695,9170,1437,1.11344E+12,30.182,1270.307,6042691.062,2134331.368,28.3,8.5,3,9,0.61,3,2678,2725,92.36,10.26,2,13411,3,3,4
2695,9171,1437,1.11344E+12,30.173,1271.218,6042690.91,2134332.233,28.3,8.5,3,9,-0.63,3,2678,2725,92.35,10.26,2,13411,3,3,4
2695,9172,1437,1.11344E+12,30.161,1272.12,6042690.757,2134333.098,28.3,8.5,3,8.93,-1.3,3,2678,2725,92.35,10.34,2,13411,3,3,4
2695,9173,1437,1.11344E+12,30.15,1273.003,6042690.604,2134333.963,28.3,8.5,3,8.83,-0.69,3,2678,2725,92.36,10.46,2,13411,3,3,4
2695,9174,1437,1.11344E+12,30.139,1273.877,6042690.452,2134334.828,28.3,8.5,3,8.79,0,3,2678,2725,92.37,10.51,2,13411,3,3,4
2695,9175,1437,1.11344E+12,30.128,1274.756,6042690.299,2134335.694,28.3,8.5,3,8.79,0,3,2678,2725,92.32,10.5,2,13411,3,3,4
2695,9176,1437,1.11344E+12,30.117,1275.635,6042690.146,2134336.559,28.3,8.5,3,8.78,-0.02,3,2678,2725,92.21,10.5,2,13411,3,3,4
2695,9177,1437,1.11344E+12,30.106,1276.513,6042689.994,2134337.424,28.3,8.5,3,8.78,0,3,2678,2725,92.1,10.49,2,13411,3,3,4
2695,9178,1437,1.11344E+12,30.095,1277.391,6042689.841,2134338.289,28.3,8.5,3,8.78,0.02,3,2678,2725,92.08,10.49,2,13411,3,3,4
2695,9179,1437,1.11344E+12,30.083,1278.27,6042689.688,2134339.154,28.3,8.5,3,8.79,0,3,2678,2725,92.15,10.48,2,13411,3,3,4
2695,9180,1437,1.11344E+12,30.073,1279.148,6042689.536,2134340.02,28.3,8.5,3,8.79,0,3,2678,2725,92.24,10.49,2,13411,3,3,4
2695,9181,1437,1.11344E+12,30.062,1280.027,6042689.383,2134340.885,28.3,8.5,3,8.79,0,3,2678,2725,92.26,10.5,2,13411,3,3,4
2695,9182,1437,1.11344E+12,30.05,1280.905,6042689.23,2134341.75,28.3,8.5,3,8.78,0,3,2678,2725,92.23,10.5,2,13411,3,3,4
2695,9183,1437,1.11344E+12,30.04,1281.784,6042689.078,2134342.615,28.3,8.5,3,8.78,0,3,2678,2725,92.17,10.5,2,13411,3,3,4
2695,9184,1437,1.11344E+12,30.028,1282.662,6042688.925,2134343.48,28.3,8.5,3,8.79,0,3,2678,2725,92.06,10.47,2,13411,3,3,4
2695,9185,1437,1.11344E+12,30.018,1283.541,6042688.773,2134344.346,28.3,8.5,3,8.78,0,3,2678,2725,91.88,10.46,2,13411,3,3,4
2695,9186,1437,1.11344E+12,30.006,1284.419,6042688.62,2134345.211,28.3,8.5,3,8.78,0,3,2678,2725,91.72,10.45,2,13411,3,3,4
2695,9187,1437,1.11344E+12,29.995,1285.298,6042688.467,2134346.076,28.3,8.5,3,8.78,0,3,2678,2725,91.66,10.44,2,13411,3,3,4
2695,9188,1437,1.11344E+12,29.985,1286.176,6042688.315,2134346.941,28.3,8.5,3,8.78,0,3,2678,2725,91.69,10.44,2,13411,3,3,4
2695,9189,1437,1.11344E+12,29.973,1287.054,6042688.162,2134347.806,28.3,8.5,3,8.78,0,3,2678,2725,91.7,10.44,2,13411,3,3,4
2695,9190,1437,1.11344E+12,29.962,1287.933,6042688.009,2134348.671,28.3,8.5,3,8.79,0,3,2678,2725,91.66,10.43,2,13411,3,3,4
2695,9191,1437,1.11344E+12,29.951,1288.812,6042687.857,2134349.537,28.3,8.5,3,8.79,0,3,2678,2725,91.65,10.43,2,13411,3,3,4
2695,9192,1437,1.11344E+12,29.94,1289.69,6042687.704,2134350.402,28.3,8.5,3,8.78,0,3,2678,2725,91.72,10.45,2,13411,3,3,4
2695,9193,1437,1.11344E+12,29.928,1290.569,6042687.551,2134351.267,28.3,8.5,3,8.78,0,3,2678,2725,91.84,10.46,2,13411,3,3,4
2695,9194,1437,1.11344E+12,29.918,1291.447,6042687.399,2134352.132,28.3,8.5,3,8.78,0,3,2678,2725,91.98,10.48,2,13411,3,3,4
2695,9195,1437,1.11344E+12,29.907,1292.325,6042687.246,2134352.997,28.3,8.5,3,8.79,0,3,2678,2725,92.11,10.48,2,13411,3,3,4
2695,9196,1437,1.11344E+12,29.895,1293.204,6042687.093,2134353.863,28.3,8.5,3,8.79,0,3,2678,2725,92.23,10.49,2,13411,3,3,4
2695,9197,1437,1.11344E+12,29.885,1294.083,6042686.941,2134354.728,28.3,8.5,3,8.78,0,3,2678,2725,92.36,10.52,2,13411,3,3,4
2695,9198,1437,1.11344E+12,29.873,1294.961,6042686.788,2134355.593,28.3,8.5,3,8.78,0,3,2678,2725,92.49,10.53,2,13411,3,3,4
2695,9199,1437,1.11344E+12,29.862,1295.839,6042686.635,2134356.458,28.3,8.5,3,8.78,0,3,2678,2725,92.58,10.54,2,13411,3,3,4
2695,9200,1437,1.11344E+12,29.851,1296.718,6042686.483,2134357.323,28.3,8.5,3,8.79,0,3,2678,2725,92.59,10.53,2,13411,3,3,4
2695,9201,1437,1.11344E+12,29.84,1297.597,6042686.33,2134358.189,28.3,8.5,3,8.78,0,3,2678,2725,92.51,10.54,2,13411,3,3,4
2695,9202,1437,1.11344E+12,29.829,1298.475,6042686.177,2134359.054,28.3,8.5,3,8.78,0,3,2678,2725,92.33,10.52,2,13411,3,3,4
2695,9203,1437,1.11344E+12,29.818,1299.353,6042686.025,2134359.919,28.3,8.5,3,8.78,0,3,2678,2725,92.05,10.48,2,13411,3,3,4
2695,9204,1437,1.11344E+12,29.807,1300.232,6042685.872,2134360.784,28.3,8.5,3,8.78,0,3,2678,2725,91.7,10.44,2,13411,3,3,4
2695,9205,1437,1.11344E+12,29.795,1301.11,6042685.719,2134361.649,28.3,8.5,3,8.79,0,3,2678,2725,91.34,10.39,2,13411,3,3,4
2695,9206,1437,1.11344E+12,29.785,1301.989,6042685.567,2134362.514,28.3,8.5,3,8.79,0,3,2678,2725,91.06,10.36,2,13411,3,3,4
2695,9207,1437,1.11344E+12,29.774,1302.867,6042685.414,2134363.38,28.3,8.5,3,8.79,0,3,2678,2725,90.9,10.34,2,13411,3,3,4
2695,9208,1437,1.11344E+12,29.762,1303.746,6042685.261,2134364.245,28.3,8.5,3,8.79,0,3,2678,2725,90.85,10.34,2,13411,3,3,4
2695,9209,1437,1.11344E+12,29.752,1304.624,6042685.109,2134365.11,28.3,8.5,3,8.78,0,3,2678,2725,90.83,10.34,2,13411,3,3,4
2695,9210,1437,1.11344E+12,29.74,1305.503,6042684.956,2134365.975,28.3,8.5,3,8.78,0,3,2678,2725,90.75,10.34,2,13411,3,3,4
2695,9211,1437,1.11344E+12,29.73,1306.381,6042684.804,2134366.84,28.3,8.5,3,8.79,0,3,2678,2725,90.54,10.3,2,13411,3,3,4
2695,9212,1437,1.11344E+12,29.719,1307.26,6042684.651,2134367.706,28.3,8.5,3,8.79,0,3,2678,2725,90.18,10.26,2,13411,3,3,4
2695,9213,1437,1.11344E+12,29.707,1308.138,6042684.498,2134368.571,28.3,8.5,3,8.78,0,3,2678,2725,89.77,10.22,2,13411,3,3,4
2695,9214,1437,1.11344E+12,29.697,1309.017,6042684.346,2134369.436,28.3,8.5,3,8.78,0,3,2678,2725,89.45,10.19,2,13411,3,3,4
2695,9215,1437,1.11344E+12,29.685,1309.895,6042684.193,2134370.301,28.3,8.5,3,8.78,0,3,2678,2725,89.3,10.17,2,13411,3,3,4
2695,9216,1437,1.11344E+12,29.674,1310.773,6042684.04,2134371.166,28.3,8.5,3,8.78,0.02,3,2678,2725,89.29,10.17,2,13411,3,3,4
2695,9217,1437,1.11344E+12,29.663,1311.652,6042683.888,2134372.031,28.3,8.5,3,8.79,0,3,2678,2725,89.43,10.17,2,13411,3,3,4
2695,9218,1437,1.11344E+12,29.652,1312.53,6042683.735,2134372.897,28.3,8.5,3,8.79,0,3,2678,2725,89.72,10.21,2,13411,3,3,4
2695,9219,1437,1.11344E+12,29.641,1313.409,6042683.582,2134373.762,28.3,8.5,3,8.79,0,3,2678,2725,89.99,10.24,2,13411,3,3,4
2695,9220,1437,1.11344E+12,29.63,1314.287,6042683.43,2134374.627,28.3,8.5,3,8.78,0,3,2678,2725,90.17,10.27,2,13411,3,3,4
2695,9221,1437,1.11344E+12,29.619,1315.166,6042683.277,2134375.492,28.3,8.5,3,8.78,0,3,2678,2725,90.27,10.28,2,13411,3,3,4
2695,9222,1437,1.11344E+12,29.607,1316.044,6042683.124,2134376.357,28.3,8.5,3,8.79,0,3,2678,2725,90.37,10.28,2,13411,3,3,4
2695,9223,1437,1.11344E+12,29.597,1316.923,6042682.972,2134377.223,28.3,8.5,3,8.79,0,3,2678,2725,90.53,10.3,2,13411,3,3,4
2695,9224,1437,1.11344E+12,29.585,1317.802,6042682.819,2134378.088,28.3,8.5,3,8.78,0,3,2678,2725,90.77,10.34,2,13411,3,3,4
2695,9225,1437,1.11344E+12,29.574,1318.68,6042682.666,2134378.953,28.3,8.5,3,8.78,0,3,2678,2725,91.05,10.37,2,13411,3,3,4
2695,9226,1437,1.11344E+12,29.564,1319.558,6042682.514,2134379.818,28.3,8.5,3,8.79,0,3,2678,2725,91.35,10.39,2,13411,3,3,4
2695,9227,1437,1.11344E+12,29.552,1320.437,6042682.361,2134380.683,28.3,8.5,3,8.79,0,3,2678,2725,91.69,10.43,2,13411,3,3,4
2695,9228,1437,1.11344E+12,29.541,1321.316,6042682.208,2134381.549,28.3,8.5,3,8.79,0,3,2678,2725,92.09,10.48,2,13411,3,3,4
2695,9229,1437,1.11344E+12,29.53,1322.194,6042682.056,2134382.414,28.3,8.5,3,8.78,0,3,2678,2725,92.54,10.54,2,13411,3,3,4
2695,9230,1437,1.11344E+12,29.519,1323.072,6042681.903,2134383.279,28.3,8.5,3,8.78,0,3,2678,2725,93.02,10.59,2,13411,3,3,4
2695,9231,1437,1.11344E+12,29.507,1323.951,6042681.75,2134384.144,28.3,8.5,3,8.78,0,3,2678,2725,93.55,10.65,2,13411,3,3,4
2695,9232,1437,1.11344E+12,29.497,1324.829,6042681.598,2134385.009,28.3,8.5,3,8.79,0,3,2678,2725,94.07,10.7,2,13411,3,3,4
2695,9233,1437,1.11344E+12,29.486,1325.708,6042681.445,2134385.874,28.3,8.5,3,8.79,0,3,2678,2725,94.52,10.75,2,13411,3,3,4
2695,9234,1437,1.11344E+12,29.474,1326.586,6042681.292,2134386.74,28.3,8.5,3,8.79,0,3,2678,2725,94.86,10.79,2,13411,3,3,4
2695,9235,1437,1.11344E+12,29.464,1327.465,6042681.14,2134387.605,28.3,8.5,3,8.78,-0.02,3,2678,2725,95.18,10.84,2,13411,3,3,4
2695,9236,1437,1.11344E+12,29.452,1328.343,6042680.987,2134388.47,28.3,8.5,3,8.78,0,3,2678,2725,95.56,10.88,2,13411,3,3,4
2695,9237,1437,1.11344E+12,29.442,1329.221,6042680.835,2134389.335,28.3,8.5,3,8.78,0.02,3,2678,2725,96,10.93,2,13411,3,3,4
2695,9238,1437,1.11344E+12,29.43,1330.1,6042680.682,2134390.2,28.3,8.5,3,8.79,0,3,2678,2725,96.47,10.98,2,13411,3,3,4
2695,9239,1437,1.11344E+12,29.419,1330.979,6042680.529,2134391.066,28.3,8.5,3,8.79,0,3,2678,2725,97,11.04,2,13411,3,3,4
2695,9240,1437,1.11344E+12,29.409,1331.857,6042680.377,2134391.931,28.3,8.5,3,8.79,0,3,2678,2725,97.59,11.1,2,13411,3,3,4
2695,9241,1437,1.11344E+12,29.397,1332.736,6042680.224,2134392.796,28.3,8.5,3,8.78,0,3,2678,2725,98.16,11.18,2,13411,3,3,4
2695,9242,1437,1.11344E+12,29.386,1333.614,6042680.071,2134393.661,28.3,8.5,3,8.78,0,3,2678,2725,98.62,11.23,2,13411,3,3,4
2695,9243,1437,1.11344E+12,29.375,1334.492,6042679.919,2134394.526,28.3,8.5,3,8.79,0,3,2678,2725,98.95,11.26,2,13411,3,3,4
2695,9244,1437,1.11344E+12,29.364,1335.371,6042679.766,2134395.392,28.3,8.5,3,8.79,0,3,2678,2725,99.27,11.29,2,13411,3,3,4
2695,9245,1437,1.11344E+12,29.353,1336.25,6042679.613,2134396.257,28.3,8.5,3,8.78,0,3,2678,2725,99.66,11.35,2,13411,3,3,4
2695,9246,1437,1.11344E+12,29.342,1337.128,6042679.461,2134397.122,28.3,8.5,3,8.78,0,3,2678,2725,100.1,11.4,2,13411,3,3,4
2695,9247,1437,1.11344E+12,29.331,1338.006,6042679.308,2134397.987,28.3,8.5,3,8.78,0,3,2678,2725,100.57,11.45,2,13411,3,3,4
2695,9248,1437,1.11344E+12,29.319,1338.885,6042679.155,2134398.852,28.3,8.5,3,8.79,0,3,2678,2725,101.09,11.5,2,13411,3,3,4
2695,9249,1437,1.11344E+12,29.309,1339.763,6042679.003,2134399.717,28.3,8.5,3,8.79,0,3,2678,2725,101.67,11.57,2,13411,3,3,4
2695,9250,1437,1.11344E+12,29.298,1340.642,6042678.85,2134400.583,28.3,8.5,3,8.79,0,3,2678,2725,102.23,11.63,2,13411,3,3,4
2695,9251,1437,1.11344E+12,29.286,1341.521,6042678.697,2134401.448,28.3,8.5,3,8.78,0,3,2678,2725,102.67,11.69,2,13411,3,3,4
2695,9252,1437,1.11344E+12,29.276,1342.399,6042678.545,2134402.313,28.3,8.5,3,8.78,0,3,2678,2725,102.99,11.73,2,13411,3,3,4
2695,9253,1437,1.11344E+12,29.264,1343.277,6042678.392,2134403.178,28.3,8.5,3,8.79,0,3,2678,2725,103.31,11.75,2,13411,3,3,4
2695,9254,1437,1.11344E+12,29.253,1344.156,6042678.239,2134404.043,28.3,8.5,3,8.79,0,3,2678,2725,103.76,11.8,2,13411,3,3,4
2695,9255,1437,1.11344E+12,29.242,1345.035,6042678.087,2134404.909,28.3,8.5,3,8.78,-0.08,3,2678,2725,104.34,11.88,2,13411,3,3,4
2695,9256,1437,1.11344E+12,29.231,1345.913,6042677.934,2134405.774,28.3,8.5,3,8.77,-0.12,3,2678,2725,104.93,11.96,2,13411,3,3,4
2695,9257,1437,1.11344E+12,29.22,1346.789,6042677.781,2134406.639,28.3,8.5,3,8.77,0,3,2678,2725,105.46,12.02,2,13411,3,3,4
2695,9258,1437,1.11344E+12,29.208,1347.658,6042677.629,2134407.497,28.3,8.5,3,8.84,1.17,3,2678,2725,105.91,11.98,2,13411,3,3,4
2695,9263,1437,1.11344E+12,29.179,1352.761,6042676.775,2134412.539,28.3,8.5,3,11.26,-2.6,3,2678,2725,108.12,9.6,2,13411,3,3,4
2695,9266,1437,1.11344E+12,29.171,1355.943,6042676.259,2134415.647,28.3,8.5,3,10.02,-1.79,3,2678,2725,109.23,10.9,2,13411,3,3,4
2695,9267,1437,1.11344E+12,29.169,1356.91,6042676.096,2134416.633,28.3,8.5,3,10.02,1.79,3,2678,2725,109.42,10.92,2,13411,3,3,4
1764,6443,1461,1.11344E+12,29.246,273.836,6042826.624,2133342.921,22.8,8.5,3,23,0.7,3,1757,1773,41.71,1.81,3,18450,3,3,4
1764,6444,1461,1.11344E+12,29.335,276.148,6042826.441,2133345.216,22.8,8.5,3,23.04,-0.29,3,1757,1773,41.15,1.79,3,18450,3,3,4
1764,6445,1461,1.11344E+12,29.424,278.447,6042826.257,2133347.511,22.8,8.5,3,23.05,0.32,3,1757,1773,40.6,1.76,3,18450,3,3,4
1764,6446,1461,1.11344E+12,29.514,280.769,6042826.074,2133349.806,22.8,8.5,3,22.93,-1.93,3,1757,1773,40.03,1.75,3,18450,3,3,4
1764,6456,1461,1.11344E+12,29.58,294.888,6042824.466,2133363.872,22.8,8.5,3,11.55,2.26,3,1757,1773,42.11,3.65,3,18450,3,3,4
1764,6457,1461,1.11344E+12,29.574,296.089,6042824.313,2133365.109,22.8,8.5,3,11.64,-2.49,3,1757,1773,42.32,3.64,3,18450,3,3,4
1764,6458,1461,1.11344E+12,29.569,297.223,6042824.181,2133366.174,22.8,8.5,3,11.66,1.2,3,1757,1773,42.59,3.65,3,18450,3,3,4
1764,6463,1461,1.11344E+12,29.234,303.957,6042823.053,2133372.809,22.8,8.5,3,14.83,-0.5,3,1757,1773,42.97,2.9,3,18450,3,3,4
1764,6464,1461,1.11344E+12,29.138,305.448,6042822.781,2133374.282,22.8,8.5,3,14.7,-2.19,3,1757,1773,42.9,2.92,3,18450,3,3,4
1764,6465,1461,1.11344E+12,29.065,306.899,6042822.531,2133375.767,22.8,8.5,3,14.59,-0.88,3,1757,1773,42.88,2.94,3,18450,3,3,4
1764,6466,1461,1.11344E+12,28.989,308.342,6042822.273,2133377.247,22.8,8.5,3,14.6,1.16,3,1757,1773,42.86,2.94,3,18450,3,3,4
1764,6467,1461,1.11344E+12,28.914,309.797,6042822.014,2133378.726,22.8,8.5,3,14.74,2.4,3,1757,1773,42.83,2.91,3,18450,3,3,4
1764,6468,1461,1.11344E+12,28.84,311.289,6042821.755,2133380.206,22.8,8.5,3,14.92,1.29,3,1757,1773,42.76,2.87,3,18450,3,3,4
1764,6469,1461,1.11344E+12,28.765,312.798,6042821.496,2133381.685,22.8,8.5,3,15,0,3,1757,1773,42.67,2.84,3,18450,3,3,4
1764,6470,1461,1.11344E+12,28.692,314.297,6042821.238,2133383.165,22.8,8.5,3,15,0,3,1757,1773,42.6,2.84,3,18450,3,3,4
1764,6471,1461,1.11344E+12,28.617,315.797,6042820.979,2133384.644,22.8,8.5,3,15,0,3,1757,1773,42.52,2.83,3,18450,3,3,4
1764,6472,1461,1.11344E+12,28.543,317.297,6042820.72,2133386.123,22.8,8.5,3,15,0,3,1757,1773,42.47,2.83,3,18450,3,3,4
1764,6473,1461,1.11344E+12,28.469,318.797,6042820.461,2133387.603,22.8,8.5,3,15,0,3,1757,1773,42.45,2.83,3,18450,3,3,4
1764,6474,1461,1.11344E+12,28.394,320.298,6042820.202,2133389.082,22.8,8.5,3,15,0,3,1757,1773,42.44,2.83,3,18450,3,3,4
1764,6475,1461,1.11344E+12,28.321,321.798,6042819.944,2133390.562,22.8,8.5,3,15,0,3,1757,1773,42.45,2.83,3,18450,3,3,4
1764,6476,1461,1.11344E+12,28.246,323.298,6042819.685,2133392.041,22.8,8.5,3,15,0,3,1757,1773,42.45,2.83,3,18450,3,3,4
1764,6477,1461,1.11344E+12,28.171,324.797,6042819.426,2133393.52,22.8,8.5,3,15,0.05,3,1757,1773,42.45,2.83,3,18450,3,3,4
1764,6478,1461,1.11344E+12,28.097,326.297,6042819.167,2133395,22.8,8.5,3,15.01,0.11,3,1757,1773,42.45,2.83,3,18450,3,3,4
1764,6479,1461,1.11344E+12,28.024,327.801,6042818.909,2133396.479,22.8,8.5,3,15,-0.21,3,1757,1773,42.45,2.83,3,18450,3,3,4
1764,6480,1461,1.11344E+12,27.945,329.306,6042818.645,2133397.964,22.8,8.5,3,14.93,-1.15,3,1757,1773,42.44,2.84,3,18450,3,3,4
1764,6481,1461,1.11344E+12,27.87,330.801,6042818.386,2133399.444,22.8,8.5,3,14.75,-2.35,3,1757,1773,42.45,2.88,3,18450,3,3,4
1764,6482,1461,1.11344E+12,27.818,332.269,6042818.153,2133400.896,22.8,8.5,3,14.5,-2.91,3,1757,1773,42.48,2.93,3,18450,3,3,4
1764,6483,1461,1.11344E+12,27.796,333.701,6042817.955,2133402.312,22.8,8.5,3,14.25,-2.32,3,1757,1773,42.55,2.99,3,18450,3,3,4
1764,6484,1461,1.11344E+12,27.797,335.109,6042817.783,2133403.702,22.8,8.5,3,14.05,-1.54,3,1757,1773,42.64,3.03,3,18450,3,3,4
1764,6485,1461,1.11344E+12,27.802,336.502,6042817.616,2133405.086,22.8,8.5,3,13.92,-0.98,3,1757,1773,42.75,3.07,3,18450,3,3,4
1764,6486,1461,1.11344E+12,27.803,337.884,6042817.444,2133406.475,22.8,8.5,3,13.87,-0.27,3,1757,1773,42.85,3.09,3,18450,3,3,4
1764,6487,1461,1.11344E+12,27.805,339.265,6042817.272,2133407.864,22.8,8.5,3,13.87,0.42,3,1757,1773,42.98,3.1,3,18450,3,3,4
1764,6488,1461,1.11344E+12,27.808,340.651,6042817.1,2133409.254,22.8,8.5,3,13.92,0.76,3,1757,1773,43.15,3.1,3,18450,3,3,4
1764,6489,1461,1.11344E+12,27.811,342.049,6042816.928,2133410.643,22.8,8.5,3,13.98,0.4,3,1757,1773,43.33,3.1,3,18450,3,3,4
1764,6490,1461,1.11344E+12,27.814,343.452,6042816.756,2133412.033,22.8,8.5,3,14,0,3,1757,1773,43.48,3.11,3,18450,3,3,4
1764,6491,1461,1.11344E+12,27.817,344.852,6042816.584,2133413.422,22.8,8.5,3,14,0,3,1757,1773,43.59,3.11,3,18450,3,3,4
1764,6492,1461,1.11344E+12,27.82,346.252,6042816.412,2133414.811,22.8,8.5,3,14,0,3,1757,1773,43.7,3.12,3,18450,3,3,4
1764,6493,1461,1.11344E+12,27.823,347.651,6042816.24,2133416.201,22.8,8.5,3,14,0,3,1757,1773,43.86,3.13,3,18450,3,3,4
1764,6494,1461,1.11344E+12,27.826,349.052,6042816.068,2133417.59,22.8,8.5,3,14,0,3,1757,1773,44.03,3.14,3,18450,3,3,4
1764,6495,1461,1.11344E+12,27.83,350.452,6042815.896,2133418.98,22.8,8.5,3,14,0,3,1757,1773,44.2,3.16,3,18450,3,3,4
1764,6496,1461,1.11344E+12,27.833,351.852,6042815.724,2133420.369,22.8,8.5,3,14,0,3,1757,1773,44.38,3.17,3,18450,3,3,4
1764,6497,1461,1.11344E+12,27.836,353.251,6042815.552,2133421.758,22.8,8.5,3,14,0.07,3,1757,1773,44.56,3.18,3,18450,3,3,4
1764,6498,1461,1.11344E+12,27.839,354.652,6042815.38,2133423.148,22.8,8.5,3,14.01,0.12,3,1757,1773,44.73,3.19,3,18450,3,3,4
1764,6499,1461,1.11344E+12,27.841,356.056,6042815.207,2133424.537,22.8,8.5,3,14,-0.28,3,1757,1773,44.9,3.21,3,18450,3,3,4
1764,6500,1461,1.11344E+12,27.844,357.462,6042815.034,2133425.934,22.8,8.5,3,13.9,-1.44,3,1757,1773,45.07,3.24,3,18450,3,3,4
1764,6501,1461,1.11344E+12,27.847,358.855,6042814.862,2133427.323,22.8,8.5,3,13.69,-2.91,3,1757,1773,45.25,3.31,3,18450,3,3,4
1764,6503,1461,1.11344E+12,27.853,361.53,6042814.534,2133429.978,22.8,8.5,3,13.06,-2.92,3,1757,1773,45.73,3.5,3,18450,3,3,4
1764,6504,1461,1.11344E+12,27.856,362.812,6042814.377,2133431.243,22.8,8.5,3,12.85,-1.42,3,1757,1773,46.02,3.58,3,18450,3,3,4
1764,6505,1461,1.11344E+12,27.858,364.081,6042814.221,2133432.501,22.8,8.5,3,12.75,-0.27,3,1757,1773,46.33,3.63,3,18450,3,3,4
1764,6506,1461,1.11344E+12,27.862,365.352,6042814.065,2133433.767,22.8,8.5,3,12.74,0.11,3,1757,1773,46.63,3.66,3,18450,3,3,4
1764,6507,1461,1.11344E+12,27.864,366.626,6042813.908,2133435.032,22.8,8.5,3,12.75,0.06,3,1757,1773,46.93,3.68,3,18450,3,3,4
1764,6508,1461,1.11344E+12,27.866,367.902,6042813.751,2133436.297,22.8,8.5,3,12.75,0,3,1757,1773,47.25,3.71,3,18450,3,3,4
1764,6509,1461,1.11344E+12,27.87,369.177,6042813.595,2133437.563,22.8,8.5,3,12.75,0,3,1757,1773,47.59,3.73,3,18450,3,3,4
1764,6510,1461,1.11344E+12,27.872,370.452,6042813.438,2133438.828,22.8,8.5,3,12.75,0,3,1757,1773,47.66,3.74,3,18450,3,3,4
1764,6511,1461,1.11344E+12,27.875,371.727,6042813.281,2133440.093,22.8,8.5,3,12.75,0,3,1757,1773,47.53,3.73,3,18450,3,3,4
1764,6512,1461,1.11344E+12,27.877,373.002,6042813.124,2133441.359,22.8,8.5,3,12.75,0,3,1757,1773,47.18,3.7,3,18450,3,3,4
1764,6513,1461,1.11344E+12,27.881,374.277,6042812.968,2133442.624,22.8,8.5,3,12.75,0,3,1757,1773,46.59,3.65,3,18450,3,3,4
1764,6514,1461,1.11344E+12,27.883,375.552,6042812.811,2133443.889,22.8,8.5,3,12.75,0,3,1757,1773,45.88,3.6,3,18450,3,3,4
1764,6515,1461,1.11344E+12,27.886,376.827,6042812.654,2133445.155,22.8,8.5,3,12.75,0,3,1757,1773,45.21,3.55,3,18450,3,3,4
1764,6516,1461,1.11344E+12,27.889,378.102,6042812.498,2133446.42,22.8,8.5,3,12.75,0,3,1757,1773,44.57,3.5,3,18450,3,3,4
1764,6517,1461,1.11344E+12,27.891,379.374,6042812.341,2133447.685,22.8,8.5,3,12.77,0.39,3,1757,1773,43.97,3.44,3,18450,3,3,4
1764,6518,1461,1.11344E+12,27.894,380.645,6042812.184,2133448.951,22.8,8.5,3,12.89,1.69,3,1757,1773,43.37,3.36,3,18450,3,3,4
1764,6519,1461,1.11344E+12,27.897,381.952,6042812.028,2133450.216,22.8,8.5,3,12.96,0.38,3,1757,1773,42.77,3.3,3,18450,3,3,4
1764,6524,1461,1.11344E+12,27.815,387.515,6042811.294,2133455.543,22.8,8.5,3,9.51,2.41,3,1757,1773,41.21,4.33,3,18450,3,3,4
1764,6526,1461,1.11344E+12,27.756,389.472,6042810.996,2133457.532,22.8,8.5,3,10.04,1.77,3,1757,1773,40.9,4.07,3,18450,3,3,4
1764,6527,1461,1.11344E+12,27.726,390.5,6042810.846,2133458.534,22.8,8.5,3,10.15,-0.1,3,1757,1773,40.84,4.02,3,18450,3,3,4
1764,6528,1461,1.11344E+12,27.697,391.516,6042810.697,2133459.536,22.8,8.5,3,10.14,-0.25,3,1757,1773,40.79,4.02,3,18450,3,3,4
1764,6529,1461,1.11344E+12,27.668,392.527,6042810.548,2133460.537,22.8,8.5,3,10.12,0,3,1757,1773,40.83,4.03,3,18450,3,3,4
1764,6530,1461,1.11344E+12,27.639,393.539,6042810.399,2133461.539,22.8,8.5,3,10.12,0,3,1757,1773,41,4.05,3,18450,3,3,4
1764,6531,1461,1.11344E+12,27.61,394.552,6042810.25,2133462.541,22.8,8.5,3,10.12,0,3,1757,1773,41.23,4.07,3,18450,3,3,4
1764,6532,1461,1.11344E+12,27.58,395.564,6042810.1,2133463.543,22.8,8.5,3,10.12,0,3,1757,1773,41.4,4.09,3,18450,3,3,4
1764,6533,1461,1.11344E+12,27.551,396.577,6042809.951,2133464.544,22.8,8.5,3,10.12,0,3,1757,1773,41.42,4.09,3,18450,3,3,4
1764,6534,1461,1.11344E+12,27.522,397.589,6042809.802,2133465.546,22.8,8.5,3,10.12,0,3,1757,1773,41.37,4.09,3,18450,3,3,4
1764,6535,1461,1.11344E+12,27.493,398.601,6042809.653,2133466.548,22.8,8.5,3,10.12,0,3,1757,1773,41.36,4.09,3,18450,3,3,4
1764,6536,1461,1.11344E+12,27.463,399.614,6042809.503,2133467.55,22.8,8.5,3,10.12,0,3,1757,1773,41.35,4.09,3,18450,3,3,4
1764,6537,1461,1.11344E+12,27.434,400.626,6042809.354,2133468.551,22.8,8.5,3,10.12,0,3,1757,1773,41.33,4.08,3,18450,3,3,4
1764,6538,1461,1.11344E+12,27.405,401.638,6042809.205,2133469.553,22.8,8.5,3,10.12,0,3,1757,1773,41.32,4.08,3,18450,3,3,4
1764,6539,1461,1.11344E+12,27.376,402.651,6042809.056,2133470.555,22.8,8.5,3,10.12,0,3,1757,1773,41.32,4.08,3,18450,3,3,4
1764,6540,1461,1.11344E+12,27.346,403.663,6042808.906,2133471.557,22.8,8.5,3,10.12,0,3,1757,1773,41.32,4.08,3,18450,3,3,4
1764,6541,1461,1.11344E+12,27.317,404.676,6042808.757,2133472.558,22.8,8.5,3,10.12,0,3,1757,1773,41.27,4.08,3,18450,3,3,4
1764,6542,1461,1.11344E+12,27.288,405.688,6042808.608,2133473.56,22.8,8.5,3,10.12,0,3,1757,1773,41.14,4.06,3,18450,3,3,4
1764,6543,1461,1.11344E+12,27.259,406.7,6042808.459,2133474.562,22.8,8.5,3,10.12,0,3,1757,1773,40.91,4.04,3,18450,3,3,4
1764,6544,1461,1.11344E+12,27.229,407.713,6042808.309,2133475.564,22.8,8.5,3,10.12,0,3,1757,1773,40.64,4.02,3,18450,3,3,4
1764,6545,1461,1.11344E+12,27.2,408.725,6042808.16,2133476.565,22.8,8.5,3,10.12,0,3,1757,1773,40.34,3.99,3,18450,3,3,4
1764,6546,1461,1.11344E+12,27.171,409.737,6042808.011,2133477.567,22.8,8.5,3,10.12,0,3,1757,1773,40.07,3.96,3,18450,3,3,4
1764,6547,1461,1.11344E+12,27.142,410.75,6042807.862,2133478.569,22.8,8.5,3,10.12,0,3,1757,1773,39.85,3.94,3,18450,3,3,4
1764,6548,1461,1.11344E+12,27.112,411.762,6042807.712,2133479.571,22.8,8.5,3,10.12,0,3,1757,1773,39.71,3.92,3,18450,3,3,4
1764,6549,1461,1.11344E+12,27.083,412.775,6042807.563,2133480.572,22.8,8.5,3,10.12,0,3,1757,1773,39.66,3.92,3,18450,3,3,4
1764,6550,1461,1.11344E+12,27.054,413.787,6042807.414,2133481.574,22.8,8.5,3,10.12,0,3,1757,1773,39.66,3.92,3,18450,3,3,4
1764,6551,1461,1.11344E+12,27.025,414.8,6042807.265,2133482.576,22.8,8.5,3,10.12,0,3,1757,1773,39.66,3.92,3,18450,3,3,4
1764,6552,1461,1.11344E+12,26.996,415.812,6042807.116,2133483.578,22.8,8.5,3,10.12,0,3,1757,1773,39.65,3.92,3,18450,3,3,4
1764,6553,1461,1.11344E+12,26.966,416.824,6042806.966,2133484.579,22.8,8.5,3,10.12,0,3,1757,1773,39.64,3.92,3,18450,3,3,4
1764,6563,1461,1.11344E+12,26.622,424.979,6042805.473,2133493.171,22.8,8.5,3,4.85,-2.5,3,1757,1773,40.98,8.45,3,18450,3,3,4
1764,6564,1461,1.11344E+12,26.619,425.418,6042805.407,2133493.613,22.8,8.5,3,4.74,1.89,3,1757,1773,41.54,8.76,3,18450,3,3,4
1764,6565,1461,1.11344E+12,26.642,425.899,6042805.356,2133494.135,22.8,8.5,3,4.9,1.79,3,1757,1773,42.06,8.58,3,18450,3,3,4
1764,6566,1461,1.11344E+12,26.65,426.411,6042805.294,2133494.631,22.8,8.5,3,5.01,0.07,3,1757,1773,42.55,8.49,3,18450,3,3,4
1764,6567,1461,1.11344E+12,26.66,426.915,6042805.233,2133495.127,22.8,8.5,3,5.01,-0.21,3,1757,1773,43.04,8.59,3,18450,3,3,4
1764,6568,1461,1.11344E+12,26.669,427.414,6042805.172,2133495.624,22.8,8.5,3,5,0,3,1757,1773,43.55,8.71,3,18450,3,3,4
1764,6569,1461,1.11344E+12,26.679,427.914,6042805.111,2133496.12,22.8,8.5,3,5,0,3,1757,1773,44.05,8.81,3,18450,3,3,4
1764,6570,1461,1.11344E+12,26.687,428.414,6042805.049,2133496.616,22.8,8.5,3,5,0,3,1757,1773,44.55,8.91,3,18450,3,3,4
1764,6571,1461,1.11344E+12,26.697,428.913,6042804.988,2133497.112,22.8,8.5,3,5,0,3,1757,1773,45.05,9.01,3,18450,3,3,4
1764,6572,1461,1.11344E+12,26.706,429.413,6042804.927,2133497.608,22.8,8.5,3,5,0,3,1757,1773,45.55,9.11,3,18450,3,3,4
1764,6573,1461,1.11344E+12,26.715,429.913,6042804.865,2133498.105,22.8,8.5,3,5,0,3,1757,1773,46.05,9.21,3,18450,3,3,4
1764,6574,1461,1.11344E+12,26.724,430.413,6042804.804,2133498.601,22.8,8.5,3,5,0,3,1757,1773,46.53,9.31,3,18450,3,3,4
1764,6575,1461,1.11344E+12,26.733,430.913,6042804.743,2133499.097,22.8,8.5,3,5,0,3,1757,1773,47.01,9.4,3,18450,3,3,4
1764,6576,1461,1.11344E+12,26.743,431.413,6042804.682,2133499.593,22.8,8.5,3,5,0,3,1757,1773,47.5,9.5,3,18450,3,3,4
1764,6577,1461,1.11344E+12,26.751,431.913,6042804.62,2133500.09,22.8,8.5,3,5,0,3,1757,1773,47.99,9.6,3,18450,3,3,4
1764,6578,1461,1.11344E+12,26.761,432.413,6042804.559,2133500.586,22.8,8.5,3,5,0,3,1757,1773,48.5,9.7,3,18450,3,3,4
1764,6582,1461,1.11344E+12,26.792,434.771,6042804.314,2133502.571,22.8,8.5,3,6.5,-2.56,3,1757,1773,50.14,7.71,3,18450,3,3,4
1764,6583,1461,1.11344E+12,26.79,435.42,6042804.256,2133503.038,22.8,8.5,3,6.44,-2.53,3,1757,1773,50.47,7.84,3,18450,3,3,4
1764,6587,1461,1.11344E+12,26.785,438.389,6042803.888,2133506.016,22.8,8.5,3,8.68,0.27,3,1757,1773,51.84,5.97,3,18450,3,3,4
1764,6588,1461,1.11344E+12,26.783,439.272,6042803.781,2133506.887,22.8,8.5,3,8.71,-1.31,3,1757,1773,52.09,5.98,3,18450,3,3,4
1764,6589,1461,1.11344E+12,26.781,440.116,6042803.682,2133507.683,22.8,8.5,3,8.79,2.37,3,1757,1773,52.34,5.95,3,18450,3,3,4
1764,6592,1461,1.11344E+12,26.776,442.936,6042803.333,2133510.51,22.8,8.5,3,9.95,1.56,3,1757,1773,52.97,5.32,3,18450,3,3,4
1764,6593,1461,1.11344E+12,26.775,443.953,6042803.211,2133511.503,22.8,8.5,3,10.04,-0.23,3,1757,1773,53.13,5.29,3,18450,3,3,4
1764,6594,1461,1.11344E+12,26.772,444.958,6042803.088,2133512.495,22.8,8.5,3,10,-0.51,3,1757,1773,53.28,5.33,3,18450,3,3,4
1764,6595,1461,1.11344E+12,26.771,445.954,6042802.966,2133513.488,22.8,8.5,3,9.95,-0.38,3,1757,1773,53.44,5.37,3,18450,3,3,4
1764,6596,1461,1.11344E+12,26.769,446.934,6042802.843,2133514.48,22.8,8.5,3,10.05,1.66,3,1757,1773,53.62,5.34,3,18450,3,3,4
1764,6602,1461,1.11344E+12,26.755,454.454,6042801.924,2133521.924,22.8,8.5,3,14.91,0.11,3,1757,1773,54.43,3.65,3,18450,3,3,4
1764,6606,1461,1.11344E+12,26.699,459.972,6042801.204,2133527.382,22.8,8.5,3,12.49,-1.45,3,1757,1773,54.27,4.35,3,18450,3,3,4
1764,6607,1461,1.11344E+12,26.582,461.186,6042800.946,2133528.534,22.8,8.5,3,12.46,2.32,3,1757,1773,54.39,4.37,3,18450,3,3,4
1764,6608,1461,1.11344E+12,26.39,462.453,6042800.597,2133529.821,22.8,8.5,3,12.51,0.04,3,1757,1773,54.46,4.35,3,18450,3,3,4
1764,6609,1461,1.11344E+12,26.293,463.721,6042800.342,2133531.113,22.8,8.5,3,12.46,-2.31,3,1757,1773,54.51,4.37,3,18450,3,3,4
1764,6610,1461,1.11344E+12,26.209,464.936,6042800.115,2133532.28,22.8,8.5,3,12.5,1.42,3,1757,1773,54.62,4.37,3,18450,3,3,4
1764,6614,1461,1.11344E+12,26.224,470.458,6042799.463,2133537.771,22.8,8.5,3,14.59,-3.14,3,1757,1773,54.92,3.76,3,18450,3,3,4
1764,6617,1461,1.11344E+12,26.216,474.615,6042798.958,2133541.861,22.8,8.5,3,13.66,2.16,3,1757,1773,54.84,4.01,3,18450,3,3,4
1764,6620,1461,1.11344E+12,26.211,478.892,6042798.425,2133546.178,22.8,8.5,3,14.87,2.27,3,1757,1773,54.7,3.68,3,18450,3,3,4
1764,6621,1461,1.11344E+12,26.211,480.403,6042798.241,2133547.666,22.8,8.5,3,15.03,0.42,3,1757,1773,54.51,3.63,3,18450,3,3,4
1764,6622,1461,1.11344E+12,26.21,481.913,6042798.057,2133549.155,22.8,8.5,3,15.05,0,3,1757,1773,54.3,3.61,3,18450,3,3,4
1764,6623,1461,1.11344E+12,26.21,483.427,6042797.873,2133550.644,22.8,8.5,3,14.95,-1.56,3,1757,1773,54.07,3.62,3,18450,3,3,4
1764,6626,1461,1.11344E+12,26.209,487.748,6042797.34,2133554.96,22.8,8.5,3,13.74,-2.86,3,1757,1773,53.08,3.86,3,18450,3,3,4
1764,6627,1461,1.11344E+12,26.209,489.07,6042797.181,2133556.252,22.8,8.5,3,13.74,2.87,3,1757,1773,52.81,3.84,3,18450,3,3,4
1764,6630,1461,1.11344E+12,26.207,493.392,6042796.647,2133560.568,22.8,8.5,3,14.99,1.93,3,1757,1773,51.91,3.46,3,18450,3,3,4
1764,6631,1461,1.11344E+12,26.208,494.928,6042796.464,2133562.057,22.8,8.5,3,14.99,-1.91,3,1757,1773,51.43,3.43,3,18450,3,3,4
1764,6636,1461,1.11344E+12,26.207,501.456,6042795.664,2133568.536,22.8,8.5,3,11.34,1.04,3,1757,1773,49.88,4.4,3,18450,3,3,4
1764,6639,1461,1.11344E+12,26.206,505.069,6042795.22,2133572.131,22.8,8.5,3,12.96,2.94,3,1757,1773,49.27,3.8,3,18450,3,3,4
1764,6644,1461,1.11344E+12,26.205,510.928,6042794.503,2133577.936,22.8,8.5,3,10.04,-1.49,3,1757,1773,48.57,4.84,3,18450,3,3,4
1764,6645,1461,1.11344E+12,26.204,511.911,6042794.38,2133578.929,22.8,8.5,3,9.94,0.12,3,1757,1773,48.76,4.91,3,18450,3,3,4
1764,6646,1461,1.11344E+12,26.203,512.906,6042794.257,2133579.921,22.8,8.5,3,9.95,0.03,3,1757,1773,48.9,4.91,3,18450,3,3,4
1764,6647,1461,1.11344E+12,26.204,513.891,6042794.135,2133580.914,22.8,8.5,3,10.06,1.56,3,1757,1773,48.97,4.87,3,18450,3,3,4
1764,6650,1461,1.11344E+12,26.203,517.07,6042793.749,2133584.041,22.8,8.5,3,11.26,2.87,3,1757,1773,48.76,4.33,3,18450,3,3,4
1764,6651,1461,1.11344E+12,26.203,518.248,6042793.602,2133585.23,22.8,8.5,3,11.26,-2.85,3,1757,1773,48.58,4.31,3,18450,3,3,4
1764,6654,1461,1.11344E+12,26.202,521.427,6042793.216,2133588.357,22.8,8.5,3,10.06,-1.56,3,1757,1773,48.41,4.81,3,18450,3,3,4
1764,6655,1461,1.11344E+12,26.202,522.411,6042793.093,2133589.35,22.8,8.5,3,9.96,0.23,3,1757,1773,48.42,4.86,3,18450,3,3,4
1764,6656,1461,1.11344E+12,26.201,523.408,6042792.97,2133590.342,22.8,8.5,3,9.98,0.25,3,1757,1773,48.42,4.85,3,18450,3,3,4
1764,6657,1461,1.11344E+12,26.202,524.41,6042792.848,2133591.335,22.8,8.5,3,10,0,3,1757,1773,48.42,4.84,3,18450,3,3,4
1764,6658,1461,1.11344E+12,26.201,525.41,6042792.725,2133592.327,22.8,8.5,3,10,0,3,1757,1773,48.43,4.84,3,18450,3,3,4
1764,6659,1461,1.11344E+12,26.201,526.409,6042792.603,2133593.32,22.8,8.5,3,10,0,3,1757,1773,48.42,4.84,3,18450,3,3,4
1764,6660,1461,1.11344E+12,26.201,527.409,6042792.48,2133594.312,22.8,8.5,3,10,0,3,1757,1773,48.41,4.84,3,18450,3,3,4
1764,6661,1461,1.11344E+12,26.201,528.409,6042792.358,2133595.304,22.8,8.5,3,10,0,3,1757,1773,48.4,4.84,3,18450,3,3,4
1764,6662,1461,1.11344E+12,26.2,529.409,6042792.235,2133596.297,22.8,8.5,3,10,0,3,1757,1773,48.43,4.84,3,18450,3,3,4
1764,6663,1461,1.11344E+12,26.201,530.409,6042792.113,2133597.289,22.8,8.5,3,10,0,3,1757,1773,48.56,4.86,3,18450,3,3,4
1764,6664,1461,1.11344E+12,26.2,531.409,6042791.99,2133598.282,22.8,8.5,3,10,0,3,1757,1773,48.77,4.88,3,18450,3,3,4
1764,6665,1461,1.11344E+12,26.2,532.409,6042791.867,2133599.274,22.8,8.5,3,10,0,3,1757,1773,49.03,4.9,3,18450,3,3,4
1764,6666,1461,1.11344E+12,26.2,533.413,6042791.745,2133600.267,22.8,8.5,3,9.96,-0.58,3,1757,1773,49.31,4.95,3,18450,3,3,4
1764,6667,1461,1.11344E+12,26.199,534.409,6042791.622,2133601.259,22.8,8.5,3,9.88,-1.11,3,1757,1773,49.58,5.02,3,18450,3,3,4
1764,6668,1461,1.11344E+12,26.2,535.389,6042791.5,2133602.252,22.8,8.5,3,9.82,-0.55,3,1757,1773,49.83,5.07,3,18450,3,3,4
1764,6669,1461,1.11344E+12,26.199,536.362,6042791.377,2133603.244,22.8,8.5,3,9.82,0.53,3,1757,1773,49.97,5.09,3,18450,3,3,4
1764,6670,1461,1.11344E+12,26.202,537.341,6042791.255,2133604.237,22.8,8.5,3,9.88,1.12,3,1757,1773,49.97,5.06,3,18450,3,3,4
1764,6671,1461,1.11344E+12,26.204,538.337,6042791.132,2133605.229,22.8,8.5,3,9.96,0.59,3,1757,1773,49.84,5,3,18450,3,3,4
1764,6672,1461,1.11344E+12,26.206,539.341,6042791.009,2133606.222,22.8,8.5,3,10,0,3,1757,1773,49.57,4.96,3,18450,3,3,4
1764,6673,1461,1.11344E+12,26.209,540.341,6042790.887,2133607.214,22.8,8.5,3,10,0,3,1757,1773,49.19,4.92,3,18450,3,3,4
1764,6674,1461,1.11344E+12,26.211,541.339,6042790.764,2133608.206,22.8,8.5,3,10.01,0.26,3,1757,1773,48.71,4.87,3,18450,3,3,4
1764,6675,1461,1.11344E+12,26.214,542.342,6042790.642,2133609.199,22.8,8.5,3,10.04,0.38,3,1757,1773,48.1,4.79,3,18450,3,3,4
1764,6676,1461,1.11344E+12,26.216,543.361,6042790.519,2133610.191,22.8,8.5,3,9.95,-1.66,3,1757,1773,47.35,4.76,3,18450,3,3,4
1764,6685,1461,1.11344E+12,26.228,547.886,6042789.968,2133614.657,22.8,8.5,3,0,0,3,1757,1773,43,9999.99,3,18450,3,3,4
1764,6686,1461,1.11344E+12,26.228,547.886,6042789.968,2133614.657,22.8,8.5,3,0,0,3,1757,1773,43,9999.99,3,18450,3,3,4
1764,6687,1461,1.11344E+12,26.228,547.886,6042789.968,2133614.657,22.8,8.5,3,0,0,3,1757,1773,43,9999.99,3,18450,3,3,4
1764,6688,1461,1.11344E+12,26.228,547.886,6042789.968,2133614.657,22.8,8.5,3,0,0,3,1757,1773,43,9999.99,3,18450,3,3,4
1764,6689,1461,1.11344E+12,26.228,547.886,6042789.968,2133614.657,22.8,8.5,3,0,0,3,1757,1773,43,9999.99,3,18450,3,3,4
1764,6690,1461,1.11344E+12,26.228,547.886,6042789.968,2133614.657,22.8,8.5,3,0,0,3,1757,1773,43,9999.99,3,18450,3,3,4
1764,6691,1461,1.11344E+12,26.228,547.886,6042789.968,2133614.657,22.8,8.5,3,0,0,3,1757,1773,43,9999.99,3,18450,3,3,4
1764,6692,1461,1.11344E+12,26.228,547.886,6042789.968,2133614.657,22.8,8.5,3,0,0,3,1757,1773,43,9999.99,3,18450,3,3,4
1764,6693,1461,1.11344E+12,26.228,547.886,6042789.968,2133614.657,22.8,8.5,3,0,0,3,1757,1773,43,9999.99,3,18450,3,3,4
1764,6694,1461,1.11344E+12,26.228,547.886,6042789.968,2133614.657,22.8,8.5,3,0,0,3,1757,1773,43,9999.99,3,18450,3,3,4
1764,6695,1461,1.11344E+12,26.228,547.886,6042789.968,2133614.657,22.8,8.5,3,0,0,3,1757,1773,43,9999.99,3,18450,3,3,4
1764,6696,1461,1.11344E+12,26.228,547.886,6042789.968,2133614.657,22.8,8.5,3,0,0,3,1757,1773,43,9999.99,3,18450,3,3,4
1764,6697,1461,1.11344E+12,26.228,547.886,6042789.968,2133614.657,22.8,8.5,3,0,0,3,1757,1773,43,9999.99,3,18450,3,3,4
1764,6698,1461,1.11344E+12,26.228,547.886,6042789.968,2133614.657,22.8,8.5,3,0,0,3,1757,1773,43,9999.99,3,18450,3,3,4
1764,6699,1461,1.11344E+12,26.228,547.886,6042789.972,2133614.628,22.8,8.5,3,0,0,3,1757,1773,43,9999.99,3,18450,3,3,4
1764,6702,1461,1.11344E+12,26.228,548.176,6042789.925,2133615.004,22.8,8.5,3,1.21,-1.87,3,1757,1773,42.71,35.3,3,18450,3,3,4
1764,6705,1461,1.11344E+12,26.228,548.374,6042789.906,2133615.154,22.8,8.5,3,0,0,3,1757,1773,42.51,9999.99,3,18450,3,3,4
1764,6706,1461,1.11344E+12,26.228,548.374,6042789.91,2133615.125,22.8,8.5,3,0,0,3,1757,1773,42.51,9999.99,3,18450,3,3,4
1764,6709,1461,1.11344E+12,26.229,548.676,6042789.863,2133615.5,22.8,8.5,3,1.2,-1.87,3,1757,1773,42.21,35.17,3,18450,3,3,4
1764,6712,1461,1.11344E+12,26.23,548.879,6042789.845,2133615.65,22.8,8.5,3,0.13,-1.78,3,1757,1773,42,323.11,3,18450,3,3,4
1764,6713,1461,1.11344E+12,26.23,548.879,6042789.845,2133615.65,22.8,8.5,3,0,0,3,1757,1773,42,9999.99,3,18450,3,3,4
1764,6714,1461,1.11344E+12,26.23,548.879,6042789.845,2133615.65,22.8,8.5,3,0,0,3,1757,1773,42,9999.99,3,18450,3,3,4
1764,6715,1461,1.11344E+12,26.23,548.879,6042789.845,2133615.65,22.8,8.5,3,0,0,3,1757,1773,42,9999.99,3,18450,3,3,4
1764,6716,1461,1.11344E+12,26.23,548.879,6042789.845,2133615.65,22.8,8.5,3,0,0,3,1757,1773,42,9999.99,3,18450,3,3,4
1764,6717,1461,1.11344E+12,26.23,548.879,6042789.845,2133615.65,22.8,8.5,3,0,0,3,1757,1773,42,9999.99,3,18450,3,3,4
1764,6718,1461,1.11344E+12,26.23,548.879,6042789.845,2133615.65,22.8,8.5,3,0,0,3,1757,1773,42,9999.99,3,18450,3,3,4
1764,6719,1461,1.11344E+12,26.23,548.879,6042789.845,2133615.65,22.8,8.5,3,0,0,3,1757,1773,42,9999.99,3,18450,3,3,4
1764,6720,1461,1.11344E+12,26.23,548.879,6042789.845,2133615.65,22.8,8.5,3,0,0,3,1757,1773,42,9999.99,3,18450,3,3,4
1764,6721,1461,1.11344E+12,26.23,548.879,6042789.845,2133615.65,22.8,8.5,3,0,0,3,1757,1773,42,9999.99,3,18450,3,3,4
1764,6722,1461,1.11344E+12,26.23,548.879,6042789.845,2133615.65,22.8,8.5,3,0,0,3,1757,1773,42,9999.99,3,18450,3,3,4
1764,6723,1461,1.11344E+12,26.23,548.879,6042789.845,2133615.65,22.8,8.5,3,0,0,3,1757,1773,42,9999.99,3,18450,3,3,4
1764,6724,1461,1.11344E+12,26.23,548.879,6042789.845,2133615.65,22.8,8.5,3,0,0,3,1757,1773,42,9999.99,3,18450,3,3,4
1764,6725,1461,1.11344E+12,26.23,548.879,6042789.845,2133615.65,22.8,8.5,3,0,0,3,1757,1773,42,9999.99,3,18450,3,3,4
1764,6726,1461,1.11344E+12,26.23,548.879,6042789.845,2133615.65,22.8,8.5,3,0,0,3,1757,1773,42,9999.99,3,18450,3,3,4
1764,6727,1461,1.11344E+12,26.23,548.879,6042789.845,2133615.65,22.8,8.5,3,0,0,3,1757,1773,42,9999.99,3,18450,3,3,4
1764,6728,1461,1.11344E+12,26.23,548.879,6042789.845,2133615.65,22.8,8.5,3,0,0,3,1757,1773,42,9999.99,3,18450,3,3,4
1764,6729,1461,1.11344E+12,26.23,548.879,6042789.845,2133615.65,22.8,8.5,3,0,0,3,1757,1773,42,9999.99,3,18450,3,3,4
1764,6730,1461,1.11344E+12,26.23,548.879,6042789.845,2133615.65,22.8,8.5,3,0,0,3,1757,1773,42,9999.99,3,18450,3,3,4
1764,6731,1461,1.11344E+12,26.23,548.879,6042789.845,2133615.65,22.8,8.5,3,0,0,3,1757,1773,42,9999.99,3,18450,3,3,4
1764,6732,1461,1.11344E+12,26.23,548.879,6042789.845,2133615.65,22.8,8.5,3,0,0,3,1757,1773,42,9999.99,3,18450,3,3,4
1764,6733,1461,1.11344E+12,26.23,548.879,6042789.845,2133615.65,22.8,8.5,3,0,0,3,1757,1773,42,9999.99,3,18450,3,3,4
1764,6734,1461,1.11344E+12,26.23,548.879,6042789.845,2133615.65,22.8,8.5,3,0,0,3,1757,1773,42,9999.99,3,18450,3,3,4
1764,6735,1461,1.11344E+12,26.23,548.879,6042789.845,2133615.65,22.8,8.5,3,0,0,3,1757,1773,42,9999.99,3,18450,3,3,4
1764,6736,1461,1.11344E+12,26.23,548.879,6042789.845,2133615.65,22.8,8.5,3,0,0,3,1757,1773,42,9999.99,3,18450,3,3,4
1764,6737,1461,1.11344E+12,26.23,548.879,6042789.845,2133615.65,22.8,8.5,3,0,0,3,1757,1773,42,9999.99,3,18450,3,3,4
1764,6738,1461,1.11344E+12,26.23,548.879,6042789.845,2133615.65,22.8,8.5,3,0,0,3,1757,1773,42,9999.99,3,18450,3,3,4
1764,6739,1461,1.11344E+12,26.23,548.879,6042789.845,2133615.65,22.8,8.5,3,0,0,3,1757,1773,42,9999.99,3,18450,3,3,4
1764,6740,1461,1.11344E+12,26.23,548.879,6042789.845,2133615.65,22.8,8.5,3,0,0,3,1757,1773,42,9999.99,3,18450,3,3,4
1764,6741,1461,1.11344E+12,26.23,548.879,6042789.845,2133615.65,22.8,8.5,3,0,0,3,1757,1773,42,9999.99,3,18450,3,3,4
1764,6742,1461,1.11344E+12,26.23,548.879,6042789.845,2133615.65,22.8,8.5,3,0,0,3,1757,1773,42,9999.99,3,18450,3,3,4
1764,6743,1461,1.11344E+12,26.23,548.879,6042789.845,2133615.65,22.8,8.5,3,0,0,3,1757,1773,42,9999.99,3,18450,3,3,4
1764,6744,1461,1.11344E+12,26.23,548.879,6042789.845,2133615.65,22.8,8.5,3,0,0,3,1757,1773,42,9999.99,3,18450,3,3,4
1764,6745,1461,1.11344E+12,26.23,548.879,6042789.845,2133615.65,22.8,8.5,3,0,0,3,1757,1773,42,9999.99,3,18450,3,3,4
1764,6746,1461,1.11344E+12,26.23,548.879,6042789.845,2133615.65,22.8,8.5,3,0,0,3,1757,1773,42,9999.99,3,18450,3,3,4
1764,6747,1461,1.11344E+12,26.23,548.879,6042789.845,2133615.65,22.8,8.5,3,0,0,3,1757,1773,42,9999.99,3,18450,3,3,4
1764,6748,1461,1.11344E+12,26.23,548.879,6042789.845,2133615.65,22.8,8.5,3,0,0,3,1757,1773,42,9999.99,3,18450,3,3,4
1764,6749,1461,1.11344E+12,26.23,548.879,6042789.845,2133615.65,22.8,8.5,3,0,0,3,1757,1773,42,9999.99,3,18450,3,3,4
1764,6750,1461,1.11344E+12,26.23,548.879,6042789.845,2133615.65,22.8,8.5,3,0,0,3,1757,1773,42,9999.99,3,18450,3,3,4
1764,6751,1461,1.11344E+12,26.23,548.879,6042789.845,2133615.65,22.8,8.5,3,0,0,3,1757,1773,42,9999.99,3,18450,3,3,4
1764,6752,1461,1.11344E+12,26.23,548.879,6042789.845,2133615.65,22.8,8.5,3,0,0,3,1757,1773,42,9999.99,3,18450,3,3,4
1764,6753,1461,1.11344E+12,26.23,548.879,6042789.845,2133615.65,22.8,8.5,3,0,0,3,1757,1773,42,9999.99,3,18450,3,3,4
1764,6754,1461,1.11344E+12,26.23,548.879,6042789.845,2133615.65,22.8,8.5,3,0,0,3,1757,1773,42,9999.99,3,18450,3,3,4
1764,6755,1461,1.11344E+12,26.23,548.879,6042789.845,2133615.65,22.8,8.5,3,0,0,3,1757,1773,42,9999.99,3,18450,3,3,4
1764,6756,1461,1.11344E+12,26.23,548.879,6042789.845,2133615.65,22.8,8.5,3,0,0,3,1757,1773,42,9999.99,3,18450,3,3,4
1764,6757,1461,1.11344E+12,26.23,548.879,6042789.845,2133615.65,22.8,8.5,3,0,0,3,1757,1773,42,9999.99,3,18450,3,3,4
1764,6758,1461,1.11344E+12,26.23,548.879,6042789.845,2133615.65,22.8,8.5,3,0,0,3,1757,1773,42,9999.99,3,18450,3,3,4
1764,6759,1461,1.11344E+12,26.23,548.879,6042789.845,2133615.65,22.8,8.5,3,0,0,3,1757,1773,42,9999.99,3,18450,3,3,4
1764,6760,1461,1.11344E+12,26.23,548.879,6042789.845,2133615.65,22.8,8.5,3,0,0,3,1757,1773,42,9999.99,3,18450,3,3,4
1764,6761,1461,1.11344E+12,26.23,548.879,6042789.849,2133615.621,22.8,8.5,3,0,0,3,1757,1773,42,9999.99,3,18450,3,3,4
1764,6764,1461,1.11344E+12,26.231,549.339,6042789.784,2133616.146,22.8,8.5,3,2.36,0.72,3,1757,1773,41.97,17.78,3,18450,3,3,4
1764,6767,1461,1.11344E+12,26.231,549.909,6042789.718,2133616.67,22.8,8.5,3,1.31,-0.27,3,1757,1773,42.45,32.4,3,18450,3,3,4
1764,6768,1461,1.11344E+12,26.232,550.022,6042789.704,2133616.792,22.8,8.5,3,1.28,1.49,3,1757,1773,42.77,33.42,3,18450,3,3,4
1764,6769,1461,1.11344E+12,26.232,550.178,6042789.679,2133616.989,22.8,8.5,3,1.22,-2.12,3,1757,1773,43.16,35.38,3,18450,3,3,4
1764,6772,1461,1.11344E+12,26.233,550.38,6042789.661,2133617.139,22.8,8.5,3,0.13,-1.79,3,1757,1773,45.1,346.92,3,18450,3,3,4
1764,6773,1461,1.11344E+12,26.233,550.38,6042789.661,2133617.139,22.8,8.5,3,0,0,3,1757,1773,45.83,9999.99,3,18450,3,3,4
1764,6774,1461,1.11344E+12,26.233,550.38,6042789.661,2133617.139,22.8,8.5,3,0,0,3,1757,1773,46.46,9999.99,3,18450,3,3,4
1764,6775,1461,1.11344E+12,26.233,550.38,6042789.661,2133617.139,22.8,8.5,3,0,0,3,1757,1773,46.97,9999.99,3,18450,3,3,4
1764,6776,1461,1.11344E+12,26.233,550.38,6042789.665,2133617.11,22.8,8.5,3,0,0,3,1757,1773,47.46,9999.99,3,18450,3,3,4
1764,6780,1461,1.11344E+12,26.235,551.177,6042789.557,2133617.981,22.8,8.5,3,2.89,-2.78,3,1757,1773,49.28,17.05,3,18450,3,3,4
1764,6782,1461,1.11344E+12,26.237,551.679,6042789.496,2133618.477,22.8,8.5,3,2.09,-3.06,3,1757,1773,50.29,24.06,3,18450,3,3,4
1764,6787,1461,1.11344E+12,26.712,553.318,6042789.762,2133620.174,22.8,8.5,3,4.93,1.55,3,1757,1773,52.42,10.63,3,18450,3,3,4
1764,6788,1461,1.11344E+12,26.787,553.834,6042789.774,2133620.673,22.8,8.5,3,5.02,-0.31,3,1757,1773,52.66,10.49,3,18450,3,3,4
1764,6789,1461,1.11344E+12,26.984,554.335,6042789.908,2133621.188,22.8,8.5,3,4.98,-0.31,3,1757,1773,52.86,10.61,3,18450,3,3,4
1764,6790,1461,1.11344E+12,27.244,554.818,6042790.102,2133621.727,22.8,8.5,3,5.07,1.61,3,1757,1773,52.99,10.45,3,18450,3,3,4
1764,6796,1461,1.11344E+12,27.755,559.341,6042790.043,2133626.284,22.8,8.5,3,9.58,-2.99,3,1757,1773,52.65,5.5,3,18450,3,3,4
1764,6798,1461,1.11344E+12,27.759,561.178,6042789.82,2133628.09,22.8,8.5,3,8.76,-3.15,3,1757,1773,52.13,5.95,3,18450,3,3,4
1764,6799,1461,1.11344E+12,27.761,561.999,6042789.722,2133628.886,22.8,8.5,3,8.74,2.85,3,1757,1773,51.88,5.94,3,18450,3,3,4
1764,6802,1461,1.11344E+12,27.768,564.819,6042789.373,2133631.713,22.8,8.5,3,9.95,1.57,3,1757,1773,51.14,5.14,3,18450,3,3,4
1764,6803,1461,1.11344E+12,27.77,565.836,6042789.25,2133632.706,22.8,8.5,3,10.04,-0.24,3,1757,1773,50.9,5.07,3,18450,3,3,4
1764,6804,1461,1.11344E+12,27.773,566.839,6042789.128,2133633.698,22.8,8.5,3,10.02,-0.28,3,1757,1773,50.66,5.06,3,18450,3,3,4
1764,6805,1461,1.11344E+12,27.775,567.837,6042789.005,2133634.691,22.8,8.5,3,10,0,3,1757,1773,50.41,5.04,3,18450,3,3,4
1764,6806,1461,1.11344E+12,27.777,568.837,6042788.882,2133635.683,22.8,8.5,3,10,0,3,1757,1773,50.16,5.02,3,18450,3,3,4
1764,6807,1461,1.11344E+12,27.78,569.837,6042788.76,2133636.675,22.8,8.5,3,10,0,3,1757,1773,49.91,4.99,3,18450,3,3,4
1764,6808,1461,1.11344E+12,27.782,570.837,6042788.637,2133637.668,22.8,8.5,3,10,0,3,1757,1773,49.66,4.97,3,18450,3,3,4
1764,6809,1461,1.11344E+12,27.785,571.838,6042788.515,2133638.66,22.8,8.5,3,10,0,3,1757,1773,49.41,4.94,3,18450,3,3,4
1764,6810,1461,1.11344E+12,27.787,572.839,6042788.392,2133639.653,22.8,8.5,3,9.98,-0.25,3,1757,1773,49.16,4.93,3,18450,3,3,4
1764,6811,1461,1.11344E+12,27.79,573.837,6042788.27,2133640.645,22.8,8.5,3,9.95,-0.38,3,1757,1773,48.91,4.92,3,18450,3,3,4
1764,6812,1461,1.11344E+12,27.792,574.818,6042788.147,2133641.638,22.8,8.5,3,10.04,1.48,3,1757,1773,48.68,4.85,3,18450,3,3,4
1764,6816,1461,1.11344E+12,27.802,579.337,6042787.595,2133646.104,22.8,8.5,3,12.47,0,3,1757,1773,47.16,3.78,3,18450,3,3,4
1764,6820,1461,1.11344E+12,27.814,583.856,6042787.044,2133650.57,22.8,8.5,3,10.06,-1.29,3,1757,1773,45.52,4.52,3,18450,3,3,4
1764,6821,1461,1.11344E+12,27.816,584.841,6042786.921,2133651.562,22.8,8.5,3,9.98,0.48,3,1757,1773,45.19,4.53,3,18450,3,3,4
1764,6822,1461,1.11344E+12,27.819,585.844,6042786.799,2133652.555,22.8,8.5,3,10.02,0.17,3,1757,1773,44.89,4.48,3,18450,3,3,4
1764,6823,1461,1.11344E+12,27.82,586.849,6042786.676,2133653.547,22.8,8.5,3,10.02,-0.2,3,1757,1773,44.63,4.45,3,18450,3,3,4
1764,6824,1461,1.11344E+12,27.823,587.85,6042786.554,2133654.54,22.8,8.5,3,10.01,-0.1,3,1757,1773,44.39,4.43,3,18450,3,3,4
1764,6825,1461,1.11344E+12,27.824,588.849,6042786.431,2133655.532,22.8,8.5,3,10,0,3,1757,1773,44.15,4.41,3,18450,3,3,4
1764,6826,1461,1.11344E+12,27.826,589.849,6042786.308,2133656.525,22.8,8.5,3,10,0,3,1757,1773,43.9,4.39,3,18450,3,3,4
1764,6827,1461,1.11344E+12,27.828,590.849,6042786.186,2133657.517,22.8,8.5,3,10,0,3,1757,1773,43.65,4.36,3,18450,3,3,4
1764,6828,1461,1.11344E+12,27.83,591.849,6042786.063,2133658.51,22.8,8.5,3,10,0,3,1757,1773,43.41,4.34,3,18450,3,3,4
1764,6829,1461,1.11344E+12,27.832,592.849,6042785.941,2133659.502,22.8,8.5,3,10,0,3,1757,1773,43.17,4.32,3,18450,3,3,4
1764,6830,1461,1.11344E+12,27.834,593.849,6042785.818,2133660.494,22.8,8.5,3,10,0,3,1757,1773,42.89,4.29,3,18450,3,3,4
1764,6831,1461,1.11344E+12,27.837,594.847,6042785.696,2133661.487,22.8,8.5,3,10.02,0.26,3,1757,1773,42.51,4.24,3,18450,3,3,4
1764,6832,1461,1.11344E+12,27.838,595.851,6042785.573,2133662.479,22.8,8.5,3,10.04,0.24,3,1757,1773,42.05,4.19,3,18450,3,3,4
1764,6833,1461,1.11344E+12,27.841,596.865,6042785.451,2133663.472,22.8,8.5,3,9.96,-1.3,3,1757,1773,41.52,4.17,3,18450,3,3,4
1764,6838,1461,1.11344E+12,27.849,601.256,6042784.914,2133667.816,22.8,8.5,3,7.5,-2.59,3,1757,1773,39.62,5.28,3,18450,3,3,4
1764,6843,1461,1.11344E+12,27.855,604.347,6042784.531,2133670.915,22.8,8.5,3,5.09,0.26,3,1757,1773,39.02,7.67,3,18450,3,3,4
1764,6846,1461,1.11344E+12,27.858,606.01,6042784.329,2133672.554,22.8,8.5,3,6.26,2.86,3,1757,1773,38.86,6.21,3,18450,3,3,4
1764,6847,1461,1.11344E+12,27.859,606.688,6042784.243,2133673.247,22.8,8.5,3,6.26,-2.88,3,1757,1773,38.69,6.18,3,18450,3,3,4
1764,6850,1461,1.11344E+12,27.863,608.367,6042784.041,2133674.885,22.8,8.5,3,5.05,-1.55,3,1757,1773,38.47,7.62,3,18450,3,3,4
1764,6851,1461,1.11344E+12,27.864,608.851,6042783.98,2133675.381,22.8,8.5,3,4.96,0.23,3,1757,1773,38.53,7.77,3,18450,3,3,4
1764,6852,1461,1.11344E+12,27.865,609.347,6042783.918,2133675.878,22.8,8.5,3,4.98,0.25,3,1757,1773,38.73,7.78,3,18450,3,3,4
1764,6853,1461,1.11344E+12,27.866,609.847,6042783.857,2133676.374,22.8,8.5,3,5.02,0.26,3,1757,1773,39.05,7.78,3,18450,3,3,4
1764,6854,1461,1.11344E+12,27.867,610.351,6042783.796,2133676.87,22.8,8.5,3,5.04,0.24,3,1757,1773,39.52,7.84,3,18450,3,3,4
1764,6855,1461,1.11344E+12,27.868,610.867,6042783.735,2133677.366,22.8,8.5,3,4.95,-1.56,3,1757,1773,39.98,8.08,3,18450,3,3,4
1764,6858,1461,1.11344E+12,27.87,612.188,6042783.569,2133678.705,22.8,8.5,3,3.79,-2.38,3,1757,1773,40.72,10.74,3,18450,3,3,4
1764,6859,1461,1.11344E+12,27.871,612.531,6042783.532,2133679.005,22.8,8.5,3,3.71,1.31,3,1757,1773,40.88,11.02,3,18450,3,3,4
1764,6860,1461,1.11344E+12,27.872,612.915,6042783.486,2133679.379,22.8,8.5,3,3.68,-0.26,3,1757,1773,40.99,11.14,3,18450,3,3,4
1764,6865,1461,1.11344E+12,27.874,613.895,6042783.367,2133680.344,22.8,8.5,3,0,0,3,1757,1773,41.02,9999.99,3,18450,3,3,4
1764,6866,1461,1.11344E+12,27.874,613.895,6042783.367,2133680.344,22.8,8.5,3,0,0,3,1757,1773,41.02,9999.99,3,18450,3,3,4
1764,6867,1461,1.11344E+12,27.874,613.895,6042783.367,2133680.344,22.8,8.5,3,0,0,3,1757,1773,41.02,9999.99,3,18450,3,3,4
1764,6868,1461,1.11344E+12,27.874,613.895,6042783.367,2133680.344,22.8,8.5,3,0,0,3,1757,1773,41.02,9999.99,3,18450,3,3,4
1764,6869,1461,1.11344E+12,27.874,613.895,6042783.367,2133680.344,22.8,8.5,3,0,0,3,1757,1773,41.03,9999.99,3,18450,3,3,4
1764,6870,1461,1.11344E+12,27.874,613.895,6042783.367,2133680.344,22.8,8.5,3,0,0,3,1757,1773,41.15,9999.99,3,18450,3,3,4
1764,6871,1461,1.11344E+12,27.874,613.895,6042783.367,2133680.344,22.8,8.5,3,0,0,3,1757,1773,41.31,9999.99,3,18450,3,3,4
1764,6872,1461,1.11344E+12,27.874,613.895,6042783.367,2133680.344,22.8,8.5,3,0,0,3,1757,1773,41.45,9999.99,3,18450,3,3,4
1764,6873,1461,1.11344E+12,27.874,613.895,6042783.367,2133680.344,22.8,8.5,3,0,0,3,1757,1773,41.51,9999.99,3,18450,3,3,4
1764,6874,1461,1.11344E+12,27.874,613.895,6042783.367,2133680.344,22.8,8.5,3,0,0,3,1757,1773,41.52,9999.99,3,18450,3,3,4
1764,6875,1461,1.11344E+12,27.874,613.895,6042783.367,2133680.344,22.8,8.5,3,0,0,3,1757,1773,41.52,9999.99,3,18450,3,3,4
1764,6876,1461,1.11344E+12,27.874,613.895,6042783.367,2133680.344,22.8,8.5,3,0,0,3,1757,1773,41.52,9999.99,3,18450,3,3,4
1764,6877,1461,1.11344E+12,27.874,613.895,6042783.367,2133680.344,22.8,8.5,3,0,0,3,1757,1773,41.52,9999.99,3,18450,3,3,4
1764,6878,1461,1.11344E+12,27.874,613.895,6042783.367,2133680.344,22.8,8.5,3,0,0,3,1757,1773,41.52,9999.99,3,18450,3,3,4
1764,6879,1461,1.11344E+12,27.874,613.895,6042783.371,2133680.315,22.8,8.5,3,0,0,3,1757,1773,41.52,9999.99,3,18450,3,3,4
1764,6882,1461,1.11344E+12,27.874,614.184,6042783.324,2133680.69,22.8,8.5,3,1.2,-1.87,3,1757,1773,41.23,34.36,3,18450,3,3,4
1764,6885,1461,1.11344E+12,27.875,614.387,6042783.306,2133680.84,22.8,8.5,3,0.13,-1.78,3,1757,1773,41.02,315.57,3,18450,3,3,4
1764,6886,1461,1.11344E+12,27.875,614.387,6042783.306,2133680.84,22.8,8.5,3,0,0,3,1757,1773,41.02,9999.99,3,18450,3,3,4
1764,6887,1461,1.11344E+12,27.875,614.387,6042783.306,2133680.84,22.8,8.5,3,0,0,3,1757,1773,41.02,9999.99,3,18450,3,3,4
1764,6888,1461,1.11344E+12,27.875,614.387,6042783.306,2133680.84,22.8,8.5,3,0,0,3,1757,1773,41.02,9999.99,3,18450,3,3,4
1764,6889,1461,1.11344E+12,27.875,614.387,6042783.306,2133680.84,22.8,8.5,3,0,0,3,1757,1773,41.02,9999.99,3,18450,3,3,4
1764,6890,1461,1.11344E+12,27.875,614.387,6042783.306,2133680.84,22.8,8.5,3,0,0,3,1757,1773,41.02,9999.99,3,18450,3,3,4
1764,6891,1461,1.11344E+12,27.875,614.387,6042783.306,2133680.84,22.8,8.5,3,0,0,3,1757,1773,41.02,9999.99,3,18450,3,3,4
1764,6892,1461,1.11344E+12,27.875,614.387,6042783.306,2133680.84,22.8,8.5,3,0,0,3,1757,1773,41.02,9999.99,3,18450,3,3,4
1764,6893,1461,1.11344E+12,27.875,614.387,6042783.306,2133680.84,22.8,8.5,3,0,0,3,1757,1773,41.02,9999.99,3,18450,3,3,4
1764,6894,1461,1.11344E+12,27.866,614.387,6042783.3,2133680.814,22.8,8.5,3,0,0,3,1757,1773,41.02,9999.99,3,18450,3,3,4
1764,6896,1461,1.11344E+12,27.924,614.495,6042783.339,2133680.972,22.8,8.5,3,0.94,2.81,3,1757,1773,40.92,43.53,3,18450,3,3,4
1764,6897,1461,1.11344E+12,27.989,614.63,6042783.382,2133681.144,22.8,8.5,3,1,-1.49,3,1757,1773,40.78,40.78,3,18450,3,3,4
1764,6900,1461,1.11344E+12,28.038,614.801,6042783.415,2133681.276,22.8,8.5,3,0.11,-1.5,3,1757,1773,40.61,369.18,3,18450,3,3,4
1764,6901,1461,1.11344E+12,28.038,614.801,6042783.415,2133681.276,22.8,8.5,3,0,0,3,1757,1773,40.61,9999.99,3,18450,3,3,4
1764,6902,1461,1.11344E+12,28.038,614.801,6042783.415,2133681.276,22.8,8.5,3,0,0,3,1757,1773,40.61,9999.99,3,18450,3,3,4
1764,6903,1461,1.11344E+12,28.038,614.801,6042783.415,2133681.276,22.8,8.5,3,0,0,3,1757,1773,40.61,9999.99,3,18450,3,3,4
1764,6904,1461,1.11344E+12,28.037,614.801,6042783.415,2133681.274,22.8,8.5,3,0,0,3,1757,1773,40.61,9999.99,3,18450,3,3,4
1764,6905,1461,1.11344E+12,28.037,614.801,6042783.415,2133681.274,22.8,8.5,3,0,0,3,1757,1773,40.61,9999.99,3,18450,3,3,4
1764,6906,1461,1.11344E+12,28.038,614.801,6042783.414,2133681.284,22.8,8.5,3,0,0,3,1757,1773,40.61,9999.99,3,18450,3,3,4
1764,6907,1461,1.11344E+12,28.038,614.805,6042783.411,2133681.307,22.8,8.5,3,0.19,1.07,3,1757,1773,40.61,213.72,3,18450,3,3,4
1764,6908,1461,1.11344E+12,28.038,614.831,6042783.407,2133681.34,22.8,8.5,3,0.27,0.74,3,1757,1773,40.58,150.3,3,18450,3,3,4
1764,6909,1461,1.11344E+12,28.038,614.866,6042783.403,2133681.375,22.8,8.5,3,0.32,0.22,3,1757,1773,40.54,126.7,3,18450,3,3,4
1764,6910,1461,1.11344E+12,28.038,614.901,6042783.399,2133681.408,22.8,8.5,3,0.34,-0.02,3,1757,1773,40.51,119.15,3,18450,3,3,4
1764,6911,1461,1.11344E+12,28.039,614.935,6042783.395,2133681.442,22.8,8.5,3,0.34,0,3,1757,1773,40.48,119.05,3,18450,3,3,4
1764,6912,1461,1.11344E+12,28.039,614.968,6042783.391,2133681.475,22.8,8.5,3,0.33,0,3,1757,1773,40.44,122.55,3,18450,3,3,4
1764,6913,1461,1.11344E+12,28.039,615.002,6042783.387,2133681.508,22.8,8.5,3,0.33,0,3,1757,1773,40.41,122.45,3,18450,3,3,4
1764,6914,1461,1.11344E+12,28.038,615.035,6042783.382,2133681.541,22.8,8.5,3,0.33,0,3,1757,1773,40.38,122.35,3,18450,3,3,4
1764,6915,1461,1.11344E+12,28.038,615.068,6042783.378,2133681.574,22.8,8.5,3,0.33,0,3,1757,1773,40.34,122.25,3,18450,3,3,4
1764,6916,1461,1.11344E+12,28.038,615.102,6042783.374,2133681.607,22.8,8.5,3,0.33,0,3,1757,1773,40.31,122.15,3,18450,3,3,4
1764,6917,1461,1.11344E+12,28.038,615.135,6042783.37,2133681.64,22.8,8.5,3,0.33,0,3,1757,1773,40.28,122.05,3,18450,3,3,4
1764,6918,1461,1.11344E+12,28.039,615.168,6042783.366,2133681.673,22.8,8.5,3,0.33,0,3,1757,1773,40.24,121.95,3,18450,3,3,4
1764,6919,1461,1.11344E+12,28.039,615.201,6042783.362,2133681.706,22.8,8.5,3,0.33,0,3,1757,1773,40.21,121.85,3,18450,3,3,4
1764,6920,1461,1.11344E+12,28.039,615.235,6042783.358,2133681.739,22.8,8.5,3,0.33,0,3,1757,1773,40.18,121.75,3,18450,3,3,4
1764,6921,1461,1.11344E+12,28.039,615.268,6042783.354,2133681.772,22.8,8.5,3,0.33,0,3,1757,1773,40.14,121.65,3,18450,3,3,4
1764,6922,1461,1.11344E+12,28.039,615.301,6042783.35,2133681.805,22.8,8.5,3,0.33,0,3,1757,1773,40.11,121.55,3,18450,3,3,4
1764,6923,1461,1.11344E+12,28.039,615.335,6042783.346,2133681.839,22.8,8.5,3,0.33,0,3,1757,1773,40.08,121.44,3,18450,3,3,4
1764,6924,1461,1.11344E+12,28.04,615.368,6042783.342,2133681.872,22.8,8.5,3,0.33,0,3,1757,1773,40.04,121.34,3,18450,3,3,4
1764,6925,1461,1.11344E+12,28.039,615.402,6042783.337,2133681.905,22.8,8.5,3,0.33,0,3,1757,1773,40.01,121.24,3,18450,3,3,4
1764,6926,1461,1.11344E+12,28.039,615.435,6042783.333,2133681.938,22.8,8.5,3,0.33,0,3,1757,1773,39.98,121.14,3,18450,3,3,4
1764,6927,1461,1.11344E+12,28.039,615.468,6042783.329,2133681.971,22.8,8.5,3,0.33,0,3,1757,1773,39.94,121.04,3,18450,3,3,4
1764,6928,1461,1.11344E+12,28.039,615.502,6042783.325,2133682.004,22.8,8.5,3,0.33,0,3,1757,1773,39.91,120.94,3,18450,3,3,4
1764,6929,1461,1.11344E+12,28.039,615.535,6042783.321,2133682.037,22.8,8.5,3,0.33,0,3,1757,1773,39.88,120.84,3,18450,3,3,4
1764,6930,1461,1.11344E+12,28.039,615.568,6042783.317,2133682.07,22.8,8.5,3,0.33,0,3,1757,1773,39.84,120.74,3,18450,3,3,4
1764,6931,1461,1.11344E+12,28.04,615.601,6042783.313,2133682.103,22.8,8.5,3,0.33,0,3,1757,1773,39.81,120.64,3,18450,3,3,4
1764,6932,1461,1.11344E+12,28.04,615.635,6042783.309,2133682.136,22.8,8.5,3,0.33,0,3,1757,1773,39.78,120.53,3,18450,3,3,4
1764,6933,1461,1.11344E+12,28.04,615.668,6042783.305,2133682.169,22.8,8.5,3,0.33,0,3,1757,1773,39.74,120.43,3,18450,3,3,4
1764,6934,1461,1.11344E+12,28.04,615.701,6042783.301,2133682.202,22.8,8.5,3,0.33,0.02,3,1757,1773,39.71,120.33,3,18450,3,3,4
1764,6935,1461,1.11344E+12,28.039,615.735,6042783.296,2133682.235,22.8,8.5,3,0.34,0,3,1757,1773,39.68,116.69,3,18450,3,3,4
1764,6936,1461,1.11344E+12,28.039,615.768,6042783.292,2133682.269,22.8,8.5,3,0.34,0,3,1757,1773,39.64,116.6,3,18450,3,3,4
1764,6937,1461,1.11344E+12,28.039,615.802,6042783.288,2133682.302,22.8,8.5,3,0.33,-0.02,3,1757,1773,39.61,120.03,3,18450,3,3,4
1764,6938,1461,1.11344E+12,28.04,615.835,6042783.284,2133682.335,22.8,8.5,3,0.33,0,3,1757,1773,39.58,119.93,3,18450,3,3,4
1764,6939,1461,1.11344E+12,28.04,615.868,6042783.28,2133682.368,22.8,8.5,3,0.33,0,3,1757,1773,39.54,119.83,3,18450,3,3,4
1764,6940,1461,1.11344E+12,28.04,615.902,6042783.276,2133682.401,22.8,8.5,3,0.33,0,3,1757,1773,39.51,119.72,3,18450,3,3,4
1764,6941,1461,1.11344E+12,28.04,615.935,6042783.272,2133682.434,22.8,8.5,3,0.33,0,3,1757,1773,39.48,119.62,3,18450,3,3,4
1764,6942,1461,1.11344E+12,28.04,615.968,6042783.268,2133682.467,22.8,8.5,3,0.33,0,3,1757,1773,39.44,119.52,3,18450,3,3,4
1764,6943,1461,1.11344E+12,28.04,616.001,6042783.264,2133682.5,22.8,8.5,3,0.33,0,3,1757,1773,39.41,119.42,3,18450,3,3,4
1764,6944,1461,1.11344E+12,28.04,616.035,6042783.26,2133682.533,22.8,8.5,3,0.33,0,3,1757,1773,39.38,119.32,3,18450,3,3,4
1764,6945,1461,1.11344E+12,28.04,616.068,6042783.255,2133682.566,22.8,8.5,3,0.33,0,3,1757,1773,39.34,119.22,3,18450,3,3,4
1764,6946,1461,1.11344E+12,28.04,616.101,6042783.251,2133682.599,22.8,8.5,3,0.33,0.02,3,1757,1773,39.31,119.12,3,18450,3,3,4
1764,6947,1461,1.11344E+12,28.04,616.135,6042783.247,2133682.632,22.8,8.5,3,0.34,0,3,1757,1773,39.28,115.52,3,18450,3,3,4
1764,6948,1461,1.11344E+12,28.04,616.168,6042783.243,2133682.666,22.8,8.5,3,0.34,0,3,1757,1773,39.24,115.42,3,18450,3,3,4
1764,6949,1461,1.11344E+12,28.04,616.202,6042783.239,2133682.699,22.8,8.5,3,0.33,-0.02,3,1757,1773,39.21,118.82,3,18450,3,3,4
1764,6950,1461,1.11344E+12,28.04,616.235,6042783.235,2133682.732,22.8,8.5,3,0.33,0,3,1757,1773,39.18,118.72,3,18450,3,3,4
1764,6951,1461,1.11344E+12,28.041,616.268,6042783.231,2133682.765,22.8,8.5,3,0.33,0,3,1757,1773,39.14,118.62,3,18450,3,3,4
1764,6952,1461,1.11344E+12,28.041,616.302,6042783.227,2133682.798,22.8,8.5,3,0.33,0,3,1757,1773,39.11,118.51,3,18450,3,3,4
1764,6953,1461,1.11344E+12,28.041,616.335,6042783.223,2133682.831,22.8,8.5,3,0.33,0,3,1757,1773,39.08,118.41,3,18450,3,3,4
1764,6954,1461,1.11344E+12,28.041,616.368,6042783.219,2133682.864,22.8,8.5,3,0.33,0,3,1757,1773,39.04,118.31,3,18450,3,3,4
1764,6955,1461,1.11344E+12,28.041,616.401,6042783.215,2133682.897,22.8,8.5,3,0.33,0,3,1757,1773,39.01,118.21,3,18450,3,3,4
1764,6956,1461,1.11344E+12,28.04,616.435,6042783.21,2133682.93,22.8,8.5,3,0.33,0,3,1757,1773,38.98,118.11,3,18450,3,3,4
1764,6957,1461,1.11344E+12,28.04,616.468,6042783.206,2133682.963,22.8,8.5,3,0.33,0,3,1757,1773,38.94,118.01,3,18450,3,3,4
1764,6958,1461,1.11344E+12,28.041,616.5,6042783.202,2133682.996,22.8,8.5,3,0.35,0.25,3,1757,1773,38.91,111.17,3,18450,3,3,4
1764,6959,1461,1.11344E+12,28.041,616.535,6042783.198,2133683.029,22.8,8.5,3,0.38,0.44,3,1757,1773,38.88,102.31,3,18450,3,3,4
1764,6960,1461,1.11344E+12,28.041,616.576,6042783.194,2133683.063,22.8,8.5,3,0.4,0.19,3,1757,1773,38.83,97.09,3,18450,3,3,4
1764,6961,1461,1.11344E+12,28.041,616.621,6042783.19,2133683.096,22.8,8.5,3,0.4,-0.37,3,1757,1773,38.79,96.97,3,18450,3,3,4
1764,6962,1461,1.11344E+12,28.041,616.661,6042783.186,2133683.129,22.8,8.5,3,0.35,-0.69,3,1757,1773,38.75,110.71,3,18450,3,3,4
1764,6963,1461,1.11344E+12,28.041,616.686,6042783.182,2133683.162,22.8,8.5,3,0.35,0.34,3,1757,1773,38.72,110.64,3,18450,3,3,4
1764,6964,1461,1.11344E+12,28.038,616.705,6042783.177,2133683.179,22.8,8.5,3,0.53,3.04,3,1757,1773,38.74,73.09,3,18450,3,3,4
1764,6968,1461,1.11344E+12,28.139,617.371,6042783.194,2133683.853,22.8,8.5,3,2.8,3.03,3,1757,1773,39.92,14.26,3,18450,3,3,4
1764,6969,1461,1.11344E+12,28.192,617.684,6042783.208,2133684.173,22.8,8.5,3,3,0.56,3,1757,1773,40.31,13.44,3,18450,3,3,4
1764,6970,1461,1.11344E+12,28.241,617.993,6042783.22,2133684.476,22.8,8.5,3,3.03,-0.24,3,1757,1773,40.68,13.42,3,18450,3,3,4
1764,6971,1461,1.11344E+12,28.292,618.294,6042783.233,2133684.78,22.8,8.5,3,3.01,-0.11,3,1757,1773,41.05,13.64,3,18450,3,3,4
1764,6972,1461,1.11344E+12,28.342,618.594,6042783.246,2133685.084,22.8,8.5,3,3,0,3,1757,1773,41.42,13.81,3,18450,3,3,4
1764,6973,1461,1.11344E+12,28.393,618.894,6042783.259,2133685.388,22.8,8.5,3,3,0,3,1757,1773,41.8,13.93,3,18450,3,3,4
1764,6974,1461,1.11344E+12,28.442,619.194,6042783.271,2133685.692,22.8,8.5,3,3,0,3,1757,1773,42.18,14.06,3,18450,3,3,4
1764,6975,1461,1.11344E+12,28.493,619.494,6042783.284,2133685.996,22.8,8.5,3,3,0,3,1757,1773,42.55,14.18,3,18450,3,3,4
1764,6976,1461,1.11344E+12,28.543,619.794,6042783.297,2133686.3,22.8,8.5,3,3,0,3,1757,1773,42.91,14.3,3,18450,3,3,4
1764,6977,1461,1.11344E+12,28.594,620.094,6042783.31,2133686.604,22.8,8.5,3,3,0,3,1757,1773,43.27,14.42,3,18450,3,3,4
1764,6978,1461,1.11344E+12,28.644,620.393,6042783.323,2133686.907,22.8,8.5,3,3,0,3,1757,1773,43.63,14.54,3,18450,3,3,4
1764,6979,1461,1.11344E+12,28.694,620.693,6042783.335,2133687.211,22.8,8.5,3,3,0,3,1757,1773,44,14.67,3,18450,3,3,4
1764,6980,1461,1.11344E+12,28.744,620.993,6042783.348,2133687.515,22.8,8.5,3,3,0,3,1757,1773,44.38,14.79,3,18450,3,3,4
1764,6981,1461,1.11344E+12,28.795,621.296,6042783.361,2133687.819,22.8,8.5,3,2.98,-0.41,3,1757,1773,44.75,15.02,3,18450,3,3,4
1764,6982,1461,1.11344E+12,28.845,621.587,6042783.374,2133688.123,22.8,8.5,3,2.97,0.11,3,1757,1773,45.14,15.2,3,18450,3,3,4
1764,6990,1461,1.11344E+12,28.982,627.32,6042782.801,2133693.829,22.8,8.5,3,11.37,0.11,3,1757,1773,44.8,3.94,3,18450,3,3,4
1764,6991,1461,1.11344E+12,28.966,628.463,6042782.645,2133694.952,22.8,8.5,3,11.36,-0.44,3,1757,1773,44.34,3.9,3,18450,3,3,4
1764,6992,1461,1.11344E+12,28.951,629.593,6042782.49,2133696.075,22.8,8.5,3,11.33,0,3,1757,1773,43.88,3.87,3,18450,3,3,4
1764,6993,1461,1.11344E+12,28.935,630.727,6042782.334,2133697.197,22.8,8.5,3,11.33,0,3,1757,1773,43.42,3.83,3,18450,3,3,4
1764,6994,1461,1.11344E+12,28.919,631.86,6042782.178,2133698.32,22.8,8.5,3,11.33,0,3,1757,1773,42.96,3.79,3,18450,3,3,4
1764,6995,1461,1.11344E+12,28.903,632.993,6042782.022,2133699.443,22.8,8.5,3,11.33,0,3,1757,1773,42.5,3.75,3,18450,3,3,4
1764,6996,1461,1.11344E+12,28.887,634.127,6042781.866,2133700.565,22.8,8.5,3,11.33,0,3,1757,1773,42.05,3.71,3,18450,3,3,4
1764,6997,1461,1.11344E+12,28.872,635.26,6042781.711,2133701.688,22.8,8.5,3,11.33,0,3,1757,1773,41.59,3.67,3,18450,3,3,4
1764,6998,1461,1.11344E+12,28.856,636.393,6042781.555,2133702.811,22.8,8.5,3,11.33,0,3,1757,1773,41.13,3.63,3,18450,3,3,4
1764,6999,1461,1.11344E+12,28.84,637.527,6042781.399,2133703.933,22.8,8.5,3,11.33,0,3,1757,1773,40.67,3.59,3,18450,3,3,4
1764,7000,1461,1.11344E+12,28.824,638.66,6042781.243,2133705.056,22.8,8.5,3,11.33,0,3,1757,1773,40.22,3.55,3,18450,3,3,4
1764,7001,1461,1.11344E+12,28.808,639.794,6042781.087,2133706.179,22.8,8.5,3,11.33,0,3,1757,1773,39.75,3.51,3,18450,3,3,4
1764,7002,1461,1.11344E+12,28.792,640.927,6042780.931,2133707.302,22.8,8.5,3,11.33,0,3,1757,1773,39.26,3.47,3,18450,3,3,4
1764,7003,1461,1.11344E+12,28.777,642.06,6042780.776,2133708.424,22.8,8.5,3,11.33,0,3,1757,1773,38.81,3.43,3,18450,3,3,4
1764,7004,1461,1.11344E+12,28.761,643.194,6042780.62,2133709.547,22.8,8.5,3,11.33,0,3,1757,1773,38.54,3.4,3,18450,3,3,4
1764,7005,1461,1.11344E+12,28.745,644.327,6042780.464,2133710.67,22.8,8.5,3,11.33,0,3,1757,1773,38.43,3.39,3,18450,3,3,4
1764,7006,1461,1.11344E+12,28.729,645.46,6042780.308,2133711.792,22.8,8.5,3,11.33,0,3,1757,1773,38.49,3.4,3,18450,3,3,4
1764,7007,1461,1.11344E+12,28.713,646.594,6042780.152,2133712.915,22.8,8.5,3,11.33,0,3,1757,1773,38.71,3.42,3,18450,3,3,4
1764,7008,1461,1.11344E+12,28.698,647.727,6042779.997,2133714.038,22.8,8.5,3,11.33,0,3,1757,1773,39.12,3.45,3,18450,3,3,4
1764,7009,1461,1.11344E+12,28.681,648.86,6042779.841,2133715.16,22.8,8.5,3,11.33,0,3,1757,1773,39.56,3.49,3,18450,3,3,4
1764,7010,1461,1.11344E+12,28.666,649.993,6042779.685,2133716.283,22.8,8.5,3,11.33,0,3,1757,1773,39.98,3.53,3,18450,3,3,4
1764,7011,1461,1.11344E+12,28.65,651.125,6042779.529,2133717.406,22.8,8.5,3,11.35,0.28,3,1757,1773,40.39,3.56,3,18450,3,3,4
1764,7012,1461,1.11344E+12,28.633,652.261,6042779.373,2133718.528,22.8,8.5,3,11.38,0.33,3,1757,1773,40.8,3.59,3,18450,3,3,4
1764,7013,1461,1.11344E+12,28.617,653.413,6042779.217,2133719.651,22.8,8.5,3,11.29,-1.57,3,1757,1773,41.19,3.65,3,18450,3,3,4
1764,7017,1461,1.11344E+12,28.466,657.515,6042778.558,2133723.716,22.8,8.5,3,9.27,-0.81,3,1757,1773,43.27,4.67,3,18450,3,3,4
1764,7018,1461,1.11344E+12,28.422,658.411,6042778.407,2133724.576,22.8,8.5,3,9.34,3,3,1757,1773,43.92,4.7,3,18450,3,3,4
1764,7020,1461,1.11344E+12,28.425,660.335,6042778.165,2133726.538,22.8,8.5,3,9.98,3.2,3,1757,1773,45.08,4.52,3,18450,3,3,4
1764,7025,1461,1.11344E+12,28.582,666.053,6042777.605,2133732.267,22.8,8.5,3,12.69,1.21,3,1757,1773,47.09,3.71,3,18450,3,3,4
1764,7026,1461,1.11344E+12,28.585,667.341,6042777.448,2133733.53,22.8,8.5,3,12.76,-0.31,3,1757,1773,47.35,3.71,3,18450,3,3,4
1764,7027,1461,1.11344E+12,28.588,668.615,6042777.292,2133734.793,22.8,8.5,3,12.74,-0.18,3,1757,1773,47.62,3.74,3,18450,3,3,4
1764,7028,1461,1.11344E+12,28.591,669.887,6042777.136,2133736.056,22.8,8.5,3,12.72,-0.1,3,1757,1773,47.88,3.76,3,18450,3,3,4
1764,7029,1461,1.11344E+12,28.593,671.159,6042776.979,2133737.319,22.8,8.5,3,12.71,-0.19,3,1757,1773,48.13,3.79,3,18450,3,3,4
1764,7030,1461,1.11344E+12,28.597,672.425,6042776.823,2133738.582,22.8,8.5,3,12.73,0.41,3,1757,1773,48.38,3.8,3,18450,3,3,4
1764,7031,1461,1.11344E+12,28.601,673.688,6042776.67,2133739.834,22.8,8.5,3,12.87,2.23,3,1757,1773,48.64,3.78,3,18450,3,3,4
1764,7035,1461,1.11344E+12,28.538,679.172,6042775.921,2133745.267,22.8,8.5,3,14.54,2.24,3,1757,1773,49.33,3.39,3,18450,3,3,4
1764,7036,1461,1.11344E+12,28.501,680.651,6042775.699,2133746.731,22.8,8.5,3,14.69,0.42,3,1757,1773,49.39,3.36,3,18450,3,3,4
1764,7037,1461,1.11344E+12,28.466,682.127,6042775.48,2133748.185,22.8,8.5,3,14.71,-0.2,3,1757,1773,49.42,3.36,3,18450,3,3,4
1764,7038,1461,1.11344E+12,28.431,683.597,6042775.262,2133749.638,22.8,8.5,3,14.7,-0.1,3,1757,1773,49.45,3.36,3,18450,3,3,4
1764,7039,1461,1.11344E+12,28.397,685.065,6042775.044,2133751.091,22.8,8.5,3,14.69,0,3,1757,1773,49.48,3.37,3,18450,3,3,4
1764,7040,1461,1.11344E+12,28.361,686.534,6042774.825,2133752.544,22.8,8.5,3,14.69,0,3,1757,1773,49.55,3.37,3,18450,3,3,4
1764,7041,1461,1.11344E+12,28.327,688.004,6042774.607,2133753.998,22.8,8.5,3,14.69,0,3,1757,1773,49.64,3.38,3,18450,3,3,4
1764,7042,1461,1.11344E+12,28.293,689.473,6042774.389,2133755.451,22.8,8.5,3,14.69,0,3,1757,1773,49.72,3.38,3,18450,3,3,4
1764,7043,1461,1.11344E+12,28.257,690.942,6042774.17,2133756.904,22.8,8.5,3,14.69,0,3,1757,1773,49.8,3.39,3,18450,3,3,4
1764,7044,1461,1.11344E+12,28.223,692.411,6042773.952,2133758.358,22.8,8.5,3,14.69,0,3,1757,1773,49.86,3.39,3,18450,3,3,4
1764,7045,1461,1.11344E+12,28.188,693.88,6042773.734,2133759.811,22.8,8.5,3,14.69,0,3,1757,1773,49.88,3.4,3,18450,3,3,4
1764,7046,1461,1.11344E+12,28.154,695.349,6042773.516,2133761.264,22.8,8.5,3,14.69,0,3,1757,1773,49.87,3.39,3,18450,3,3,4
1764,7047,1461,1.11344E+12,28.118,696.818,6042773.297,2133762.717,22.8,8.5,3,14.69,0,3,1757,1773,49.86,3.39,3,18450,3,3,4
1764,7048,1461,1.11344E+12,28.084,698.288,6042773.079,2133764.171,22.8,8.5,3,14.69,0,3,1757,1773,49.87,3.4,3,18450,3,3,4
1764,7049,1461,1.11344E+12,28.05,699.757,6042772.861,2133765.624,22.8,8.5,3,14.69,0,3,1757,1773,49.91,3.4,3,18450,3,3,4
1764,7050,1461,1.11344E+12,28.014,701.226,6042772.642,2133767.077,22.8,8.5,3,14.69,0,3,1757,1773,49.94,3.4,3,18450,3,3,4
1764,7051,1461,1.11344E+12,27.98,702.696,6042772.424,2133768.531,22.8,8.5,3,14.69,0,3,1757,1773,49.97,3.4,3,18450,3,3,4
1764,7052,1461,1.11344E+12,27.945,704.165,6042772.206,2133769.984,22.8,8.5,3,14.69,-0.02,3,1757,1773,50,3.4,3,18450,3,3,4
1764,7053,1461,1.11344E+12,27.91,705.634,6042771.987,2133771.437,22.8,8.5,3,14.69,0.03,3,1757,1773,50.03,3.41,3,18450,3,3,4
1764,7054,1461,1.11344E+12,27.875,707.103,6042771.769,2133772.89,22.8,8.5,3,14.7,0.05,3,1757,1773,50.07,3.41,3,18450,3,3,4
1764,7055,1461,1.11344E+12,27.841,708.574,6042771.551,2133774.344,22.8,8.5,3,14.68,-0.19,3,1757,1773,50.09,3.41,3,18450,3,3,4
1764,7056,1461,1.11344E+12,27.812,710.045,6042771.338,2133775.802,22.8,8.5,3,14.64,-0.66,3,1757,1773,50.12,3.42,3,18450,3,3,4
1764,7057,1461,1.11344E+12,27.771,711.507,6042771.114,2133777.251,22.8,8.5,3,14.57,-0.87,3,1757,1773,50.16,3.44,3,18450,3,3,4
1764,7058,1461,1.11344E+12,27.706,712.957,6042770.868,2133778.679,22.8,8.5,3,14.51,-0.43,3,1757,1773,50.21,3.46,3,18450,3,3,4
1764,7059,1461,1.11344E+12,27.631,714.401,6042770.613,2133780.099,22.8,8.5,3,14.51,0.39,3,1757,1773,50.27,3.46,3,18450,3,3,4
1764,7060,1461,1.11344E+12,27.565,715.851,6042770.367,2133781.527,22.8,8.5,3,14.57,0.86,3,1757,1773,50.32,3.45,3,18450,3,3,4
1764,7061,1461,1.11344E+12,27.525,717.312,6042770.144,2133782.975,22.8,8.5,3,14.64,0.67,3,1757,1773,50.36,3.44,3,18450,3,3,4
1764,7062,1461,1.11344E+12,27.496,718.782,6042769.931,2133784.433,22.8,8.5,3,14.68,0.22,3,1757,1773,50.39,3.43,3,18450,3,3,4
1764,7063,1461,1.11344E+12,27.462,720.254,6042769.713,2133785.887,22.8,8.5,3,14.7,-0.03,3,1757,1773,50.41,3.43,3,18450,3,3,4
1764,7064,1461,1.11344E+12,27.426,721.723,6042769.494,2133787.34,22.8,8.5,3,14.69,-0.03,3,1757,1773,50.45,3.43,3,18450,3,3,4
1764,7065,1461,1.11344E+12,27.392,723.192,6042769.276,2133788.793,22.8,8.5,3,14.69,0,3,1757,1773,50.48,3.44,3,18450,3,3,4
1764,7066,1461,1.11344E+12,27.358,724.662,6042769.058,2133790.247,22.8,8.5,3,14.69,0,3,1757,1773,50.51,3.44,3,18450,3,3,4
1764,7067,1461,1.11344E+12,27.322,726.131,6042768.839,2133791.7,22.8,8.5,3,14.69,0,3,1757,1773,50.54,3.44,3,18450,3,3,4
1764,7068,1461,1.11344E+12,27.288,727.6,6042768.621,2133793.153,22.8,8.5,3,14.69,0.04,3,1757,1773,50.57,3.44,3,18450,3,3,4
1764,7069,1461,1.11344E+12,27.253,729.076,6042768.403,2133794.606,22.8,8.5,3,14.63,-0.99,3,1757,1773,50.59,3.46,3,18450,3,3,4
1764,7070,1461,1.11344E+12,27.218,730.541,6042768.184,2133796.06,22.8,8.5,3,14.47,-2.13,3,1757,1773,50.63,3.5,3,18450,3,3,4
1764,7071,1461,1.11344E+12,27.182,731.977,6042767.964,2133797.517,22.8,8.5,3,14.31,-1.75,3,1757,1773,50.71,3.54,3,18450,3,3,4
1764,7072,1461,1.11344E+12,27.152,733.394,6042767.746,2133798.97,22.8,8.5,3,14.19,-0.67,3,1757,1773,50.8,3.58,3,18450,3,3,4
1764,7073,1461,1.11344E+12,27.131,734.804,6042767.537,2133800.404,22.8,8.5,3,14.13,-0.03,3,1757,1773,50.86,3.6,3,18450,3,3,4
1764,7074,1461,1.11344E+12,27.12,736.219,6042767.343,2133801.811,22.8,8.5,3,14.11,-0.56,3,1757,1773,50.83,3.6,3,18450,3,3,4
1764,7075,1461,1.11344E+12,27.118,737.63,6042767.159,2133803.199,22.8,8.5,3,14.05,-0.77,3,1757,1773,50.69,3.61,3,18450,3,3,4
1764,7076,1461,1.11344E+12,27.117,739.026,6042766.977,2133804.583,22.8,8.5,3,14,-0.13,3,1757,1773,50.46,3.6,3,18450,3,3,4
1764,7077,1461,1.11344E+12,27.113,740.424,6042766.792,2133805.971,22.8,8.5,3,13.99,0.06,3,1757,1773,50.14,3.58,3,18450,3,3,4
1764,7078,1461,1.11344E+12,27.111,741.824,6042766.608,2133807.359,22.8,8.5,3,14,0.11,3,1757,1773,49.76,3.55,3,18450,3,3,4
1764,7079,1461,1.11344E+12,27.108,743.224,6042766.424,2133808.746,22.8,8.5,3,14.02,0.18,3,1757,1773,49.35,3.52,3,18450,3,3,4
1764,7080,1461,1.11344E+12,27.104,744.631,6042766.239,2133810.134,22.8,8.5,3,14,-0.41,3,1757,1773,48.96,3.5,3,18450,3,3,4
1764,7081,1461,1.11344E+12,27.1,746.04,6042766.052,2133811.533,22.8,8.5,3,13.85,-2.25,3,1757,1773,48.66,3.51,3,18450,3,3,4
1764,7085,1461,1.11344E+12,27.14,751.241,6042765.417,2133816.695,22.8,8.5,3,12.15,-2.29,3,1757,1773,48.81,4.02,3,18450,3,3,4
1764,7086,1461,1.11344E+12,27.164,752.431,6042765.287,2133817.876,22.8,8.5,3,12,-0.41,3,1757,1773,49.13,4.09,3,18450,3,3,4
1764,7087,1461,1.11344E+12,27.186,753.624,6042765.154,2133819.069,22.8,8.5,3,11.98,0.22,3,1757,1773,49.47,4.13,3,18450,3,3,4
1764,7088,1461,1.11344E+12,27.209,754.824,6042765.021,2133820.262,22.8,8.5,3,12,0.11,3,1757,1773,49.78,4.15,3,18450,3,3,4
1764,7089,1461,1.11344E+12,27.231,756.025,6042764.887,2133821.455,22.8,8.5,3,12,0,3,1757,1773,50.05,4.17,3,18450,3,3,4
1764,7090,1461,1.11344E+12,27.254,757.225,6042764.754,2133822.648,22.8,8.5,3,12,-0.03,3,1757,1773,50.23,4.19,3,18450,3,3,4
1764,7091,1461,1.11344E+12,27.276,758.425,6042764.621,2133823.841,22.8,8.5,3,12,0,3,1757,1773,50.31,4.19,3,18450,3,3,4
1764,7092,1461,1.11344E+12,27.299,759.624,6042764.488,2133825.033,22.8,8.5,3,12,0.02,3,1757,1773,50.31,4.19,3,18450,3,3,4
1764,7093,1461,1.11344E+12,27.322,760.824,6042764.355,2133826.226,22.8,8.5,3,12,0.02,3,1757,1773,50.25,4.19,3,18450,3,3,4
1764,7094,1461,1.11344E+12,27.344,762.025,6042764.222,2133827.419,22.8,8.5,3,12,0,3,1757,1773,50.22,4.18,3,18450,3,3,4
1764,7095,1461,1.11344E+12,27.366,763.225,6042764.088,2133828.612,22.8,8.5,3,12,-0.02,3,1757,1773,50.24,4.19,3,18450,3,3,4
1764,7096,1461,1.11344E+12,27.389,764.425,6042763.955,2133829.805,22.8,8.5,3,12,0,3,1757,1773,50.27,4.19,3,18450,3,3,4
1764,7097,1461,1.11344E+12,27.411,765.625,6042763.822,2133830.998,22.8,8.5,3,12,0,3,1757,1773,50.27,4.19,3,18450,3,3,4
1764,7098,1461,1.11344E+12,27.434,766.825,6042763.689,2133832.19,22.8,8.5,3,12,-0.06,3,1757,1773,50.25,4.19,3,18450,3,3,4
1764,7099,1461,1.11344E+12,27.457,768.025,6042763.556,2133833.383,22.8,8.5,3,11.98,-0.14,3,1757,1773,50.27,4.2,3,18450,3,3,4
1764,7100,1461,1.11344E+12,27.479,769.22,6042763.422,2133834.576,22.8,8.5,3,12,0.32,3,1757,1773,50.36,4.2,3,18450,3,3,4
1764,7101,1461,1.11344E+12,27.503,770.413,6042763.292,2133835.76,22.8,8.5,3,12.11,1.71,3,1757,1773,50.44,4.16,3,18450,3,3,4
1764,7105,1461,1.11344E+12,27.542,775.512,6042762.67,2133840.822,22.8,8.5,3,13.39,1.72,3,1757,1773,50.52,3.77,3,18450,3,3,4
1764,7106,1461,1.11344E+12,27.538,776.87,6042762.49,2133842.169,22.8,8.5,3,13.5,0.33,3,1757,1773,50.5,3.74,3,18450,3,3,4
1764,7107,1461,1.11344E+12,27.535,778.225,6042762.312,2133843.508,22.8,8.5,3,13.52,-0.15,3,1757,1773,50.33,3.72,3,18450,3,3,4
1764,7108,1461,1.11344E+12,27.532,779.576,6042762.134,2133844.846,22.8,8.5,3,13.5,-0.08,3,1757,1773,50.01,3.7,3,18450,3,3,4
1764,7109,1461,1.11344E+12,27.53,780.925,6042761.957,2133846.184,22.8,8.5,3,13.5,0,3,1757,1773,49.7,3.68,3,18450,3,3,4
1764,7110,1461,1.11344E+12,27.527,782.275,6042761.779,2133847.522,22.8,8.5,3,13.5,0,3,1757,1773,49.46,3.66,3,18450,3,3,4
1764,7111,1461,1.11344E+12,27.524,783.625,6042761.601,2133848.861,22.8,8.5,3,13.5,0,3,1757,1773,49.29,3.65,3,18450,3,3,4
1764,7112,1461,1.11344E+12,27.521,784.98,6042761.423,2133850.199,22.8,8.5,3,13.45,-0.76,3,1757,1773,49.08,3.65,3,18450,3,3,4
1764,7113,1461,1.11344E+12,27.519,786.325,6042761.246,2133851.537,22.8,8.5,3,13.34,-1.41,3,1757,1773,48.79,3.66,3,18450,3,3,4
1764,7114,1461,1.11344E+12,27.516,787.649,6042761.068,2133852.875,22.8,8.5,3,13.27,-0.68,3,1757,1773,48.43,3.65,3,18450,3,3,4
1764,7115,1461,1.11344E+12,27.514,788.964,6042760.89,2133854.214,22.8,8.5,3,13.27,0.68,3,1757,1773,48.01,3.62,3,18450,3,3,4
1764,7116,1461,1.11344E+12,27.516,790.288,6042760.713,2133855.552,22.8,8.5,3,13.34,1.41,3,1757,1773,47.53,3.56,3,18450,3,3,4
1764,7117,1461,1.11344E+12,27.517,791.633,6042760.535,2133856.89,22.8,8.5,3,13.45,0.76,3,1757,1773,47.03,3.5,3,18450,3,3,4
1764,7118,1461,1.11344E+12,27.518,792.986,6042760.357,2133858.228,22.8,8.5,3,13.52,0.25,3,1757,1773,46.53,3.44,3,18450,3,3,4
1764,7119,1461,1.11344E+12,27.52,794.339,6042760.179,2133859.567,22.8,8.5,3,13.55,0.37,3,1757,1773,46.07,3.4,3,18450,3,3,4
1764,7120,1461,1.11344E+12,27.522,795.706,6042760.002,2133860.905,22.8,8.5,3,13.47,-1.38,3,1757,1773,45.66,3.39,3,18450,3,3,4
1764,7125,1461,1.11344E+12,27.249,801.614,6042758.945,2133866.742,22.8,8.5,3,10.08,-1.14,3,1757,1773,46.14,4.58,3,18450,3,3,4
1764,7129,1461,1.11344E+12,27.267,805.961,6042758.388,2133871.035,22.8,8.5,3,12.13,3.05,3,1757,1773,47.63,3.93,3,18450,3,3,4
1764,7130,1461,1.11344E+12,27.276,807.23,6042758.224,2133872.329,22.8,8.5,3,12.12,-3.12,3,1757,1773,47.81,3.94,3,18450,3,3,4
1764,7134,1461,1.11344E+12,27.304,811.59,6042757.675,2133876.642,22.8,8.5,3,10.09,0.37,3,1757,1773,49.26,4.88,3,18450,3,3,4
1764,7140,1461,1.11344E+12,27.353,819.074,6042756.728,2133884.082,22.8,8.5,3,14.95,1.67,3,1757,1773,50.5,3.38,3,18450,3,3,4
1764,7141,1461,1.11344E+12,27.362,820.593,6042756.538,2133885.57,22.8,8.5,3,15.05,-0.37,3,1757,1773,50.44,3.35,3,18450,3,3,4
1764,7142,1461,1.11344E+12,27.372,822.096,6042756.349,2133887.058,22.8,8.5,3,15.02,-0.25,3,1757,1773,50.39,3.35,3,18450,3,3,4
1764,7143,1461,1.11344E+12,27.382,823.594,6042756.16,2133888.546,22.8,8.5,3,15,0,3,1757,1773,50.34,3.36,3,18450,3,3,4
1764,7144,1461,1.11344E+12,27.392,825.094,6042755.97,2133890.034,22.8,8.5,3,15,0,3,1757,1773,50.3,3.35,3,18450,3,3,4
1764,7145,1461,1.11344E+12,27.402,826.594,6042755.781,2133891.522,22.8,8.5,3,15,0,3,1757,1773,50.25,3.35,3,18450,3,3,4
1764,7146,1461,1.11344E+12,27.412,828.094,6042755.592,2133893.01,22.8,8.5,3,15,0,3,1757,1773,50.2,3.35,3,18450,3,3,4
1764,7147,1461,1.11344E+12,27.421,829.594,6042755.402,2133894.498,22.8,8.5,3,15,0,3,1757,1773,50.16,3.34,3,18450,3,3,4
1764,7148,1461,1.11344E+12,27.431,831.094,6042755.213,2133895.986,22.8,8.5,3,15,0,3,1757,1773,50.12,3.34,3,18450,3,3,4
1764,7149,1461,1.11344E+12,27.441,832.594,6042755.024,2133897.474,22.8,8.5,3,15,0,3,1757,1773,50.09,3.34,3,18450,3,3,4
1764,7150,1461,1.11344E+12,27.451,834.094,6042754.834,2133898.962,22.8,8.5,3,15,0,3,1757,1773,50.06,3.34,3,18450,3,3,4
1764,7151,1461,1.11344E+12,27.461,835.594,6042754.645,2133900.45,22.8,8.5,3,15,0,3,1757,1773,49.87,3.32,3,18450,3,3,4
1764,7152,1461,1.11344E+12,27.471,837.104,6042754.456,2133901.938,22.8,8.5,3,14.91,-1.42,3,1757,1773,49.55,3.32,3,18450,3,3,4
1764,7153,1461,1.11344E+12,27.48,838.594,6042754.266,2133903.426,22.8,8.5,3,14.71,-2.65,3,1757,1773,49.1,3.34,3,18450,3,3,4
1764,7154,1461,1.11344E+12,27.49,840.045,6042754.077,2133904.914,22.8,8.5,3,14.56,-1.27,3,1757,1773,48.59,3.34,3,18450,3,3,4
1764,7155,1461,1.11344E+12,27.502,841.48,6042753.888,2133906.402,22.8,8.5,3,14.57,1.36,3,1757,1773,48.12,3.3,3,18450,3,3,4
1764,7156,1461,1.11344E+12,27.52,842.931,6042753.698,2133907.89,22.8,8.5,3,14.73,2.81,3,1757,1773,47.68,3.24,3,18450,3,3,4
1764,7157,1461,1.11344E+12,27.539,844.427,6042753.509,2133909.378,22.8,8.5,3,14.91,1.05,3,1757,1773,47.18,3.16,3,18450,3,3,4
1764,7158,1461,1.11344E+12,27.558,845.945,6042753.318,2133910.876,22.8,8.5,3,14.87,-1.92,3,1757,1773,46.66,3.14,3,18450,3,3,4
1764,7162,1461,1.11344E+12,27.63,851.611,6042752.604,2133916.496,22.8,8.5,3,13.51,-1.43,3,1757,1773,45.01,3.33,3,18450,3,3,4
1764,7163,1461,1.11344E+12,27.642,852.943,6042752.432,2133917.815,22.8,8.5,3,13.44,0.22,3,1757,1773,44.84,3.34,3,18450,3,3,4
1764,7164,1461,1.11344E+12,27.649,854.284,6042752.252,2133919.151,22.8,8.5,3,13.47,0.63,3,1757,1773,44.78,3.32,3,18450,3,3,4
1764,7165,1461,1.11344E+12,27.652,855.636,6042752.067,2133920.492,22.8,8.5,3,13.52,0.32,3,1757,1773,44.77,3.31,3,18450,3,3,4
1764,7166,1461,1.11344E+12,27.653,856.991,6042751.881,2133921.834,22.8,8.5,3,13.54,0.06,3,1757,1773,44.77,3.31,3,18450,3,3,4
1764,7167,1461,1.11344E+12,27.656,858.346,6042751.696,2133923.175,22.8,8.5,3,13.54,0,3,1757,1773,44.81,3.31,3,18450,3,3,4
1764,7168,1461,1.11344E+12,27.659,859.7,6042751.511,2133924.516,22.8,8.5,3,13.54,0,3,1757,1773,44.88,3.31,3,18450,3,3,4
1764,7169,1461,1.11344E+12,27.661,861.054,6042751.326,2133925.858,22.8,8.5,3,13.54,0,3,1757,1773,44.92,3.32,3,18450,3,3,4
1764,7170,1461,1.11344E+12,27.665,862.408,6042751.142,2133927.199,22.8,8.5,3,13.54,0,3,1757,1773,44.88,3.31,3,18450,3,3,4
1764,7171,1461,1.11344E+12,27.668,863.762,6042750.957,2133928.54,22.8,8.5,3,13.54,0,3,1757,1773,44.73,3.3,3,18450,3,3,4
1764,7172,1461,1.11344E+12,27.67,865.116,6042750.772,2133929.881,22.8,8.5,3,13.54,0,3,1757,1773,44.46,3.28,3,18450,3,3,4
1764,7173,1461,1.11344E+12,27.673,866.47,6042750.587,2133931.223,22.8,8.5,3,13.54,0,3,1757,1773,44.14,3.26,3,18450,3,3,4
1764,7174,1461,1.11344E+12,27.676,867.824,6042750.402,2133932.564,22.8,8.5,3,13.54,0,3,1757,1773,43.83,3.24,3,18450,3,3,4
1764,7175,1461,1.11344E+12,27.678,869.177,6042750.217,2133933.905,22.8,8.5,3,13.54,0,3,1757,1773,43.59,3.22,3,18450,3,3,4
1764,7176,1461,1.11344E+12,27.681,870.531,6042750.032,2133935.246,22.8,8.5,3,13.54,0,3,1757,1773,43.41,3.21,3,18450,3,3,4
1764,7177,1461,1.11344E+12,27.684,871.885,6042749.847,2133936.588,22.8,8.5,3,13.54,0.05,3,1757,1773,43.18,3.19,3,18450,3,3,4
1764,7178,1461,1.11344E+12,27.686,873.241,6042749.662,2133937.929,22.8,8.5,3,13.54,-0.03,3,1757,1773,42.87,3.17,3,18450,3,3,4
1764,7179,1461,1.11344E+12,27.689,874.596,6042749.477,2133939.27,22.8,8.5,3,13.52,-0.29,3,1757,1773,42.55,3.15,3,18450,3,3,4
1764,7180,1461,1.11344E+12,27.703,875.948,6042749.302,2133940.621,22.8,8.5,3,13.49,-0.41,3,1757,1773,42.32,3.14,3,18450,3,3,4
1764,7181,1461,1.11344E+12,27.695,877.3,6042749.109,2133941.945,22.8,8.5,3,13.42,-0.98,3,1757,1773,42.14,3.14,3,18450,3,3,4
1764,7186,1461,1.11344E+12,27.486,883.418,6042748.055,2133947.969,22.8,8.5,3,11.28,2.55,3,1757,1773,41.19,3.65,3,18450,3,3,4
1764,7188,1461,1.11344E+12,27.468,885.744,6042747.715,2133950.264,22.8,8.5,3,11.64,-0.56,3,1757,1773,40.86,3.51,3,18450,3,3,4
1764,7191,1461,1.11344E+12,27.459,889.102,6042747.18,2133953.877,22.8,8.5,3,10.53,-1.95,3,1757,1773,40.51,3.85,3,18450,3,3,4
1764,7192,1461,1.11344E+12,27.46,890.116,6042747.034,2133954.865,22.8,8.5,3,10.58,2.38,3,1757,1773,40.49,3.83,3,18450,3,3,4
1764,7194,1461,1.11344E+12,27.462,892.291,6042746.719,2133956.993,22.8,8.5,3,11.18,2.86,3,1757,1773,40.29,3.6,3,18450,3,3,4
1764,7195,1461,1.11344E+12,27.463,893.451,6042746.543,2133958.179,22.8,8.5,3,11.28,-1.33,3,1757,1773,40.18,3.56,3,18450,3,3,4
1764,7196,1461,1.11344E+12,27.464,894.577,6042746.378,2133959.289,22.8,8.5,3,11.2,-1.58,3,1757,1773,40.19,3.59,3,18450,3,3,4
1764,7197,1461,1.11344E+12,27.466,895.664,6042746.224,2133960.334,22.8,8.5,3,11.28,2.64,3,1757,1773,40.26,3.57,3,18450,3,3,4
1764,7200,1461,1.11344E+12,27.469,899.238,6042745.697,2133963.889,22.8,8.5,3,12.48,1.79,3,1757,1773,40.05,3.21,3,18450,3,3,4
1764,7201,1461,1.11344E+12,27.471,900.519,6042745.514,2133965.131,22.8,8.5,3,12.5,-1.53,3,1757,1773,39.93,3.19,3,18450,3,3,4
1764,7206,1461,1.11344E+12,27.477,906.146,6042744.69,2133970.693,22.8,8.5,3,10.04,-1.31,3,1757,1773,39.43,3.93,3,18450,3,3,4
1764,7207,1461,1.11344E+12,27.478,907.131,6042744.544,2133971.682,22.8,8.5,3,9.96,0.24,3,1757,1773,39.4,3.96,3,18450,3,3,4
1764,7208,1461,1.11344E+12,27.479,908.127,6042744.397,2133972.671,22.8,8.5,3,9.98,0.28,3,1757,1773,39.37,3.94,3,18450,3,3,4
1764,7209,1461,1.11344E+12,27.48,909.129,6042744.251,2133973.66,22.8,8.5,3,10,0,3,1757,1773,39.35,3.94,3,18450,3,3,4
1764,7210,1461,1.11344E+12,27.481,910.129,6042744.104,2133974.65,22.8,8.5,3,10,0,3,1757,1773,39.36,3.94,3,18450,3,3,4
1764,7211,1461,1.11344E+12,27.482,911.129,6042743.958,2133975.639,22.8,8.5,3,10,0,3,1757,1773,39.36,3.94,3,18450,3,3,4
1764,7212,1461,1.11344E+12,27.483,912.129,6042743.811,2133976.628,22.8,8.5,3,10,0.02,3,1757,1773,39.37,3.94,3,18450,3,3,4
1764,7213,1461,1.11344E+12,27.484,913.129,6042743.665,2133977.617,22.8,8.5,3,10,0,3,1757,1773,39.37,3.94,3,18450,3,3,4
1764,7214,1461,1.11344E+12,27.485,914.13,6042743.518,2133978.607,22.8,8.5,3,10,-0.02,3,1757,1773,39.36,3.94,3,18450,3,3,4
1764,7215,1461,1.11344E+12,27.486,915.13,6042743.372,2133979.596,22.8,8.5,3,10,-0.02,3,1757,1773,39.36,3.94,3,18450,3,3,4
1764,7216,1461,1.11344E+12,27.487,916.129,6042743.225,2133980.585,22.8,8.5,3,10,0,3,1757,1773,39.37,3.94,3,18450,3,3,4
1764,7217,1461,1.11344E+12,27.488,917.129,6042743.079,2133981.574,22.8,8.5,3,10,0.03,3,1757,1773,39.37,3.94,3,18450,3,3,4
1764,7218,1461,1.11344E+12,27.489,918.129,6042742.932,2133982.563,22.8,8.5,3,10,0,3,1757,1773,39.37,3.94,3,18450,3,3,4
1764,7219,1461,1.11344E+12,27.49,919.13,6042742.786,2133983.553,22.8,8.5,3,10,-0.02,3,1757,1773,39.36,3.94,3,18450,3,3,4
1764,7220,1461,1.11344E+12,27.491,920.13,6042742.639,2133984.542,22.8,8.5,3,10,-0.02,3,1757,1773,39.36,3.94,3,18450,3,3,4
1764,7221,1461,1.11344E+12,27.492,921.129,6042742.493,2133985.531,22.8,8.5,3,10,0,3,1757,1773,39.37,3.94,3,18450,3,3,4
1764,7222,1461,1.11344E+12,27.493,922.129,6042742.346,2133986.52,22.8,8.5,3,10,0.02,3,1757,1773,39.37,3.94,3,18450,3,3,4
1764,7223,1461,1.11344E+12,27.494,923.129,6042742.2,2133987.509,22.8,8.5,3,10,0,3,1757,1773,39.37,3.94,3,18450,3,3,4
1764,7224,1461,1.11344E+12,27.496,924.129,6042742.054,2133988.499,22.8,8.5,3,10,0,3,1757,1773,39.36,3.94,3,18450,3,3,4
1764,7225,1461,1.11344E+12,27.497,925.129,6042741.907,2133989.488,22.8,8.5,3,10,0,3,1757,1773,39.36,3.94,3,18450,3,3,4
1764,7226,1461,1.11344E+12,27.498,926.129,6042741.761,2133990.477,22.8,8.5,3,10,0.02,3,1757,1773,39.37,3.94,3,18450,3,3,4
1764,7227,1461,1.11344E+12,27.498,927.129,6042741.614,2133991.466,22.8,8.5,3,10,0,3,1757,1773,39.37,3.94,3,18450,3,3,4
1764,7228,1461,1.11344E+12,27.5,928.13,6042741.468,2133992.456,22.8,8.5,3,10,-0.02,3,1757,1773,39.36,3.94,3,18450,3,3,4
1764,7229,1461,1.11344E+12,27.501,929.13,6042741.321,2133993.445,22.8,8.5,3,10,-0.02,3,1757,1773,39.36,3.94,3,18450,3,3,4
1764,7230,1461,1.11344E+12,27.502,930.129,6042741.175,2133994.434,22.8,8.5,3,10,0,3,1757,1773,39.37,3.94,3,18450,3,3,4
1764,7231,1461,1.11344E+12,27.503,931.129,6042741.028,2133995.423,22.8,8.5,3,10,0.02,3,1757,1773,39.37,3.94,3,18450,3,3,4
1764,7232,1461,1.11344E+12,27.504,932.129,6042740.882,2133996.412,22.8,8.5,3,10,0,3,1757,1773,39.37,3.94,3,18450,3,3,4
1764,7233,1461,1.11344E+12,27.505,933.129,6042740.735,2133997.402,22.8,8.5,3,10,0,3,1757,1773,39.37,3.94,3,18450,3,3,4
1764,7234,1461,1.11344E+12,27.506,934.129,6042740.589,2133998.391,22.8,8.5,3,10,0,3,1757,1773,39.37,3.94,3,18450,3,3,4
1764,7235,1461,1.11344E+12,27.507,935.129,6042740.442,2133999.38,22.8,8.5,3,10,0.07,3,1757,1773,39.37,3.94,3,18450,3,3,4
1764,7236,1461,1.11344E+12,27.508,936.129,6042740.296,2134000.369,22.8,8.5,3,10.01,0.12,3,1757,1773,39.37,3.93,3,18450,3,3,4
1764,7237,1461,1.11344E+12,27.509,937.133,6042740.149,2134001.358,22.8,8.5,3,10,-0.2,3,1757,1773,39.36,3.94,3,18450,3,3,4
1764,7238,1461,1.11344E+12,27.522,938.137,6042740.014,2134002.356,22.8,8.5,3,9.94,-1,3,1757,1773,39.36,3.96,3,18450,3,3,4
1764,7239,1461,1.11344E+12,27.5,939.13,6042739.844,2134003.342,22.8,8.5,3,9.81,-1.6,3,1757,1773,39.36,4.01,3,18450,3,3,4
1764,7240,1461,1.11344E+12,27.377,940.1,6042739.579,2134004.284,22.8,8.5,3,9.7,-1.06,3,1757,1773,39.39,4.06,3,18450,3,3,4
1764,7241,1461,1.11344E+12,27.199,941.055,6042739.264,2134005.192,22.8,8.5,3,9.67,0.5,3,1757,1773,39.44,4.08,3,18450,3,3,4
1764,7242,1461,1.11344E+12,26.96,942.017,6042738.886,2134006.105,22.8,8.5,3,9.77,1.64,3,1757,1773,39.48,4.04,3,18450,3,3,4
1764,7243,1461,1.11344E+12,26.819,943.002,6042738.601,2134007.06,22.8,8.5,3,9.91,1.4,3,1757,1773,39.49,3.99,3,18450,3,3,4
1764,7244,1461,1.11344E+12,26.737,944.006,6042738.37,2134008.053,22.8,8.5,3,10,0.47,3,1757,1773,39.49,3.95,3,18450,3,3,4
1764,7245,1461,1.11344E+12,26.762,945.013,6042738.247,2134009.047,22.8,8.5,3,10.03,-0.14,3,1757,1773,39.48,3.94,3,18450,3,3,4
1764,7246,1461,1.11344E+12,26.763,946.015,6042738.101,2134010.036,22.8,8.5,3,10.01,-0.15,3,1757,1773,39.48,3.94,3,18450,3,3,4
1764,7247,1461,1.11344E+12,26.764,947.015,6042737.954,2134011.026,22.8,8.5,3,10,-0.03,3,1757,1773,39.48,3.95,3,18450,3,3,4
1764,7248,1461,1.11344E+12,26.765,948.015,6042737.808,2134012.015,22.8,8.5,3,10,-0.03,3,1757,1773,39.48,3.95,3,18450,3,3,4
1764,7249,1461,1.11344E+12,26.766,949.015,6042737.661,2134013.004,22.8,8.5,3,10,0,3,1757,1773,39.48,3.95,3,18450,3,3,4
1764,7250,1461,1.11344E+12,26.767,950.014,6042737.515,2134013.993,22.8,8.5,3,10,0.02,3,1757,1773,39.48,3.95,3,18450,3,3,4
1764,7251,1461,1.11344E+12,26.768,951.014,6042737.368,2134014.982,22.8,8.5,3,10,0,3,1757,1773,39.48,3.95,3,18450,3,3,4
1764,7252,1461,1.11344E+12,26.77,952.015,6042737.222,2134015.972,22.8,8.5,3,10,0,3,1757,1773,39.48,3.95,3,18450,3,3,4
1764,7253,1461,1.11344E+12,26.77,953.015,6042737.075,2134016.961,22.8,8.5,3,10,-0.02,3,1757,1773,39.48,3.95,3,18450,3,3,4
1764,7254,1461,1.11344E+12,26.772,954.014,6042736.929,2134017.95,22.8,8.5,3,10,0,3,1757,1773,39.48,3.95,3,18450,3,3,4
1764,7255,1461,1.11344E+12,26.772,955.014,6042736.782,2134018.939,22.8,8.5,3,10,0.03,3,1757,1773,39.48,3.95,3,18450,3,3,4
1764,7256,1461,1.11344E+12,26.774,956.014,6042736.636,2134019.928,22.8,8.5,3,10,0,3,1757,1773,39.48,3.95,3,18450,3,3,4
1764,7257,1461,1.11344E+12,26.774,957.015,6042736.489,2134020.918,22.8,8.5,3,10,-0.02,3,1757,1773,39.48,3.95,3,18450,3,3,4
1764,7258,1461,1.11344E+12,26.776,958.015,6042736.343,2134021.907,22.8,8.5,3,10,0,3,1757,1773,39.48,3.95,3,18450,3,3,4
1764,7259,1461,1.11344E+12,26.776,959.014,6042736.196,2134022.896,22.8,8.5,3,10,0,3,1757,1773,39.48,3.95,3,18450,3,3,4
1764,7260,1461,1.11344E+12,26.778,960.014,6042736.05,2134023.885,22.8,8.5,3,10,0.02,3,1757,1773,39.48,3.95,3,18450,3,3,4
1764,7261,1461,1.11344E+12,26.778,961.015,6042735.903,2134024.875,22.8,8.5,3,10,0,3,1757,1773,39.48,3.95,3,18450,3,3,4
1764,7262,1461,1.11344E+12,26.78,962.015,6042735.757,2134025.864,22.8,8.5,3,10,-0.03,3,1757,1773,39.48,3.95,3,18450,3,3,4
1764,7263,1461,1.11344E+12,26.78,963.015,6042735.61,2134026.853,22.8,8.5,3,10,0,3,1757,1773,39.48,3.95,3,18450,3,3,4
1764,7264,1461,1.11344E+12,26.782,964.014,6042735.464,2134027.842,22.8,8.5,3,10,0.02,3,1757,1773,39.48,3.95,3,18450,3,3,4
1764,7265,1461,1.11344E+12,26.782,965.014,6042735.317,2134028.831,22.8,8.5,3,10,0.02,3,1757,1773,39.48,3.95,3,18450,3,3,4
1764,7266,1461,1.11344E+12,26.783,966.015,6042735.17,2134029.821,22.8,8.5,3,10,0,3,1757,1773,39.48,3.95,3,18450,3,3,4
1764,7267,1461,1.11344E+12,26.784,967.015,6042735.024,2134030.81,22.8,8.5,3,10,-0.02,3,1757,1773,39.48,3.95,3,18450,3,3,4
1764,7268,1461,1.11344E+12,26.785,968.015,6042734.877,2134031.799,22.8,8.5,3,10,0,3,1757,1773,39.48,3.95,3,18450,3,3,4
1764,7269,1461,1.11344E+12,26.786,969.015,6042734.731,2134032.788,22.8,8.5,3,10,0,3,1757,1773,39.48,3.95,3,18450,3,3,4
1764,7270,1461,1.11344E+12,26.787,970.015,6042734.584,2134033.778,22.8,8.5,3,10,0,3,1757,1773,39.48,3.95,3,18450,3,3,4
1764,7271,1461,1.11344E+12,26.789,971.015,6042734.438,2134034.767,22.8,8.5,3,10,-0.02,3,1757,1773,39.48,3.95,3,18450,3,3,4
1764,7272,1461,1.11344E+12,26.789,972.015,6042734.291,2134035.756,22.8,8.5,3,10,0,3,1757,1773,39.48,3.95,3,18450,3,3,4
1764,7273,1461,1.11344E+12,26.791,973.014,6042734.145,2134036.745,22.8,8.5,3,10,0.02,3,1757,1773,39.48,3.95,3,18450,3,3,4
1764,7274,1461,1.11344E+12,26.791,974.014,6042733.998,2134037.734,22.8,8.5,3,10,0.02,3,1757,1773,39.48,3.95,3,18450,3,3,4
1764,7275,1461,1.11344E+12,26.793,975.015,6042733.852,2134038.724,22.8,8.5,3,10,0,3,1757,1773,39.48,3.95,3,18450,3,3,4
1764,7276,1461,1.11344E+12,26.793,976.015,6042733.705,2134039.713,22.8,8.5,3,10,-0.02,3,1757,1773,39.48,3.95,3,18450,3,3,4
1764,7277,1461,1.11344E+12,26.795,977.015,6042733.559,2134040.702,22.8,8.5,3,10,0,3,1757,1773,39.48,3.95,3,18450,3,3,4
1764,7278,1461,1.11344E+12,26.795,978.015,6042733.412,2134041.691,22.8,8.5,3,10,0,3,1757,1773,39.49,3.95,3,18450,3,3,4
1764,7279,1461,1.11344E+12,26.797,979.015,6042733.266,2134042.681,22.8,8.5,3,10,0,3,1757,1773,39.48,3.95,3,18450,3,3,4
1764,7280,1461,1.11344E+12,26.797,980.015,6042733.119,2134043.67,22.8,8.5,3,10,0,3,1757,1773,39.44,3.94,3,18450,3,3,4
1764,7281,1461,1.11344E+12,26.799,981.015,6042732.973,2134044.659,22.8,8.5,3,10,0,3,1757,1773,39.38,3.94,3,18450,3,3,4
1764,7282,1461,1.11344E+12,26.799,982.015,6042732.826,2134045.648,22.8,8.5,3,10,0,3,1757,1773,39.34,3.93,3,18450,3,3,4
1764,7283,1461,1.11344E+12,26.801,983.015,6042732.68,2134046.637,22.8,8.5,3,10,0,3,1757,1773,39.33,3.93,3,18450,3,3,4
1764,7284,1461,1.11344E+12,26.801,984.015,6042732.533,2134047.627,22.8,8.5,3,10,0,3,1757,1773,39.34,3.93,3,18450,3,3,4
1764,7285,1461,1.11344E+12,26.803,985.015,6042732.387,2134048.616,22.8,8.5,3,10,0,3,1757,1773,39.34,3.93,3,18450,3,3,4
1764,7286,1461,1.11344E+12,26.803,986.015,6042732.24,2134049.605,22.8,8.5,3,10,0,3,1757,1773,39.34,3.93,3,18450,3,3,4
1764,7287,1461,1.11344E+12,26.805,987.015,6042732.094,2134050.594,22.8,8.5,3,10,0,3,1757,1773,39.34,3.93,3,18450,3,3,4
1764,7288,1461,1.11344E+12,26.806,988.015,6042731.947,2134051.584,22.8,8.5,3,10,0,3,1757,1773,39.34,3.93,3,18450,3,3,4
1764,7289,1461,1.11344E+12,26.807,989.015,6042731.801,2134052.573,22.8,8.5,3,10,0,3,1757,1773,39.34,3.93,3,18450,3,3,4
1764,7290,1461,1.11344E+12,26.808,990.015,6042731.654,2134053.562,22.8,8.5,3,10,0,3,1757,1773,39.34,3.93,3,18450,3,3,4
1764,7291,1461,1.11344E+12,26.809,991.015,6042731.508,2134054.551,22.8,8.5,3,10,0,3,1757,1773,39.34,3.93,3,18450,3,3,4
1764,7292,1461,1.11344E+12,26.81,992.015,6042731.361,2134055.54,22.8,8.5,3,10,0,3,1757,1773,39.34,3.93,3,18450,3,3,4
1764,7293,1461,1.11344E+12,26.811,993.015,6042731.215,2134056.53,22.8,8.5,3,10,0,3,1757,1773,39.34,3.93,3,18450,3,3,4
1764,7294,1461,1.11344E+12,26.812,994.015,6042731.068,2134057.519,22.8,8.5,3,10,0,3,1757,1773,39.34,3.93,3,18450,3,3,4
1764,7295,1461,1.11344E+12,26.813,995.015,6042730.922,2134058.508,22.8,8.5,3,10,0,3,1757,1773,39.34,3.93,3,18450,3,3,4
1764,7296,1461,1.11344E+12,26.814,996.015,6042730.775,2134059.497,22.8,8.5,3,10,0,3,1757,1773,39.34,3.93,3,18450,3,3,4
1764,7297,1461,1.11344E+12,26.815,997.015,6042730.629,2134060.487,22.8,8.5,3,10,0,3,1757,1773,39.34,3.93,3,18450,3,3,4
1764,7298,1461,1.11344E+12,26.816,998.015,6042730.482,2134061.476,22.8,8.5,3,10,0,3,1757,1773,39.34,3.93,3,18450,3,3,4
1764,7299,1461,1.11344E+12,26.817,999.015,6042730.336,2134062.465,22.8,8.5,3,10,0,3,1757,1773,39.34,3.93,3,18450,3,3,4
1764,7300,1461,1.11344E+12,26.818,1000.015,6042730.189,2134063.454,22.8,8.5,3,10,0,3,1757,1773,39.34,3.93,3,18450,3,3,4
1764,7301,1461,1.11344E+12,26.819,1001.015,6042730.043,2134064.443,22.8,8.5,3,10,0,3,1757,1773,39.34,3.93,3,18450,3,3,4
1764,7302,1461,1.11344E+12,26.82,1002.015,6042729.896,2134065.433,22.8,8.5,3,10,0,3,1757,1773,39.34,3.93,3,18450,3,3,4
1764,7303,1461,1.11344E+12,26.821,1003.015,6042729.75,2134066.422,22.8,8.5,3,10,0,3,1757,1773,39.34,3.93,3,18450,3,3,4
1764,7304,1461,1.11344E+12,26.822,1004.015,6042729.603,2134067.411,22.8,8.5,3,10,0,3,1757,1773,39.34,3.93,3,18450,3,3,4
1764,7305,1461,1.11344E+12,26.823,1005.015,6042729.457,2134068.4,22.8,8.5,3,10,0,3,1757,1773,39.34,3.93,3,18450,3,3,4
1764,7306,1461,1.11344E+12,26.824,1006.015,6042729.31,2134069.39,22.8,8.5,3,10,0,3,1757,1773,39.34,3.93,3,18450,3,3,4
1764,7307,1461,1.11344E+12,26.826,1007.015,6042729.164,2134070.379,22.8,8.5,3,10,0,3,1757,1773,39.34,3.93,3,18450,3,3,4
1764,7308,1461,1.11344E+12,26.826,1008.015,6042729.017,2134071.368,22.8,8.5,3,10,0,3,1757,1773,39.34,3.93,3,18450,3,3,4
1764,7309,1461,1.11344E+12,26.828,1009.015,6042728.871,2134072.357,22.8,8.5,3,10,0,3,1757,1773,39.34,3.93,3,18450,3,3,4
1764,7310,1461,1.11344E+12,26.828,1010.015,6042728.724,2134073.346,22.8,8.5,3,10,0,3,1757,1773,39.34,3.93,3,18450,3,3,4
1764,7311,1461,1.11344E+12,26.83,1011.015,6042728.578,2134074.336,22.8,8.5,3,10,0,3,1757,1773,39.34,3.93,3,18450,3,3,4
1764,7312,1461,1.11344E+12,26.83,1012.015,6042728.431,2134075.325,22.8,8.5,3,10,0,3,1757,1773,39.34,3.93,3,18450,3,3,4
1764,7313,1461,1.11344E+12,26.832,1013.015,6042728.285,2134076.314,22.8,8.5,3,10,0,3,1757,1773,39.34,3.93,3,18450,3,3,4
1764,7314,1461,1.11344E+12,26.832,1014.015,6042728.138,2134077.303,22.8,8.5,3,10,0,3,1757,1773,39.34,3.93,3,18450,3,3,4
1764,7315,1461,1.11344E+12,26.834,1015.015,6042727.992,2134078.293,22.8,8.5,3,10,0,3,1757,1773,39.34,3.93,3,18450,3,3,4
1764,7316,1461,1.11344E+12,26.834,1016.015,6042727.845,2134079.282,22.8,8.5,3,10,0,3,1757,1773,39.34,3.93,3,18450,3,3,4
1764,7317,1461,1.11344E+12,26.836,1017.023,6042727.699,2134080.271,22.8,8.5,3,9.93,-1.12,3,1757,1773,39.32,3.96,3,18450,3,3,4
1764,7318,1461,1.11344E+12,26.836,1018.016,6042727.552,2134081.26,22.8,8.5,3,9.76,-2.15,3,1757,1773,39.34,4.03,3,18450,3,3,4
1764,7319,1461,1.11344E+12,26.838,1018.976,6042727.406,2134082.249,22.8,8.5,3,9.64,-1.1,3,1757,1773,39.4,4.09,3,18450,3,3,4
1764,7320,1461,1.11344E+12,26.839,1019.923,6042727.259,2134083.239,22.8,8.5,3,9.64,0.97,3,1757,1773,39.51,4.1,3,18450,3,3,4
1764,7321,1461,1.11344E+12,26.845,1020.881,6042727.113,2134084.228,22.8,8.5,3,9.75,2.16,3,1757,1773,39.64,4.07,3,18450,3,3,4
1764,7322,1461,1.11344E+12,26.851,1021.872,6042726.966,2134085.217,22.8,8.5,3,9.92,1.22,3,1757,1773,39.73,4.01,3,18450,3,3,4
1764,7323,1461,1.11344E+12,26.857,1022.88,6042726.82,2134086.206,22.8,8.5,3,10,0.03,3,1757,1773,39.82,3.98,3,18450,3,3,4
1764,7324,1461,1.11344E+12,26.863,1023.88,6042726.673,2134087.196,22.8,8.5,3,10,0,3,1757,1773,39.9,3.99,3,18450,3,3,4
1764,7325,1461,1.11344E+12,26.87,1024.88,6042726.527,2134088.185,22.8,8.5,3,10,0,3,1757,1773,39.99,4,3,18450,3,3,4
1764,7326,1461,1.11344E+12,26.875,1025.88,6042726.38,2134089.174,22.8,8.5,3,10,0,3,1757,1773,40.08,4.01,3,18450,3,3,4
1764,7327,1461,1.11344E+12,26.882,1026.88,6042726.234,2134090.163,22.8,8.5,3,10,0,3,1757,1773,40.16,4.02,3,18450,3,3,4
1764,7328,1461,1.11344E+12,26.887,1027.88,6042726.087,2134091.152,22.8,8.5,3,10,0,3,1757,1773,40.25,4.03,3,18450,3,3,4
1764,7329,1461,1.11344E+12,26.894,1028.88,6042725.941,2134092.142,22.8,8.5,3,10,0,3,1757,1773,40.34,4.03,3,18450,3,3,4
1764,7330,1461,1.11344E+12,26.899,1029.88,6042725.794,2134093.131,22.8,8.5,3,10,0,3,1757,1773,40.42,4.04,3,18450,3,3,4
1764,7331,1461,1.11344E+12,26.906,1030.88,6042725.648,2134094.12,22.8,8.5,3,10,0,3,1757,1773,40.51,4.05,3,18450,3,3,4
1764,7332,1461,1.11344E+12,26.911,1031.88,6042725.501,2134095.109,22.8,8.5,3,10,0,3,1757,1773,40.6,4.06,3,18450,3,3,4
1764,7333,1461,1.11344E+12,26.918,1032.88,6042725.355,2134096.099,22.8,8.5,3,10,0,3,1757,1773,40.68,4.07,3,18450,3,3,4
1764,7334,1461,1.11344E+12,26.924,1033.88,6042725.208,2134097.088,22.8,8.5,3,10,0,3,1757,1773,40.77,4.08,3,18450,3,3,4
1764,7335,1461,1.11344E+12,26.93,1034.88,6042725.062,2134098.077,22.8,8.5,3,10,0,3,1757,1773,40.86,4.09,3,18450,3,3,4
1764,7336,1461,1.11344E+12,26.936,1035.88,6042724.915,2134099.066,22.8,8.5,3,10,0,3,1757,1773,40.94,4.09,3,18450,3,3,4
1764,7337,1461,1.11344E+12,26.942,1036.88,6042724.769,2134100.055,22.8,8.5,3,10,0,3,1757,1773,41.03,4.1,3,18450,3,3,4
1764,7338,1461,1.11344E+12,26.948,1037.88,6042724.622,2134101.045,22.8,8.5,3,10,0,3,1757,1773,41.12,4.11,3,18450,3,3,4
1764,7339,1461,1.11344E+12,26.954,1038.88,6042724.476,2134102.034,22.8,8.5,3,10,0,3,1757,1773,41.2,4.12,3,18450,3,3,4
1764,7340,1461,1.11344E+12,26.96,1039.88,6042724.329,2134103.023,22.8,8.5,3,10,0,3,1757,1773,41.29,4.13,3,18450,3,3,4
1764,7341,1461,1.11344E+12,26.966,1040.88,6042724.183,2134104.012,22.8,8.5,3,10,0,3,1757,1773,41.38,4.14,3,18450,3,3,4
1764,7342,1461,1.11344E+12,26.972,1041.88,6042724.036,2134105.001,22.8,8.5,3,10,0,3,1757,1773,41.46,4.15,3,18450,3,3,4
1764,7343,1461,1.11344E+12,26.979,1042.88,6042723.89,2134105.991,22.8,8.5,3,10,0,3,1757,1773,41.55,4.16,3,18450,3,3,4
1764,7344,1461,1.11344E+12,26.984,1043.88,6042723.743,2134106.98,22.8,8.5,3,10,0,3,1757,1773,41.64,4.16,3,18450,3,3,4
1764,7345,1461,1.11344E+12,26.991,1044.88,6042723.597,2134107.969,22.8,8.5,3,10,0,3,1757,1773,41.72,4.17,3,18450,3,3,4
1764,7346,1461,1.11344E+12,26.996,1045.88,6042723.45,2134108.958,22.8,8.5,3,10,0,3,1757,1773,41.81,4.18,3,18450,3,3,4
1764,7347,1461,1.11344E+12,27.003,1046.88,6042723.304,2134109.948,22.8,8.5,3,10,0,3,1757,1773,41.9,4.19,3,18450,3,3,4
1764,7348,1461,1.11344E+12,27.008,1047.88,6042723.157,2134110.937,22.8,8.5,3,10,0,3,1757,1773,41.99,4.2,3,18450,3,3,4
1764,7349,1461,1.11344E+12,27.015,1048.88,6042723.011,2134111.926,22.8,8.5,3,10,0,3,1757,1773,42.07,4.21,3,18450,3,3,4
1764,7350,1461,1.11344E+12,27.02,1049.88,6042722.864,2134112.915,22.8,8.5,3,10,0,3,1757,1773,42.13,4.21,3,18450,3,3,4
1764,7351,1461,1.11344E+12,27.027,1050.88,6042722.718,2134113.904,22.8,8.5,3,10,0,3,1757,1773,42.16,4.22,3,18450,3,3,4
1764,7352,1461,1.11344E+12,27.033,1051.88,6042722.571,2134114.894,22.8,8.5,3,10,0,3,1757,1773,42.16,4.22,3,18450,3,3,4
1764,7353,1461,1.11344E+12,27.039,1052.88,6042722.425,2134115.883,22.8,8.5,3,10,0,3,1757,1773,42.16,4.22,3,18450,3,3,4
1764,7354,1461,1.11344E+12,27.045,1053.881,6042722.278,2134116.872,22.8,8.5,3,9.99,-0.21,3,1757,1773,42.16,4.22,3,18450,3,3,4
1764,7355,1461,1.11344E+12,27.051,1054.88,6042722.132,2134117.861,22.8,8.5,3,9.96,-0.39,3,1757,1773,42.16,4.23,3,18450,3,3,4
1764,7356,1461,1.11344E+12,27.057,1055.864,6042721.985,2134118.851,22.8,8.5,3,10.02,1.09,3,1757,1773,42.17,4.21,3,18450,3,3,4
1764,7362,1461,1.11344E+12,27.403,1063.087,6042721.226,2134126.043,22.8,8.5,3,14.08,1.15,3,1757,1773,40.93,2.91,3,18450,3,3,4
1764,7363,1461,1.11344E+12,27.457,1064.513,6042721.064,2134127.444,22.8,8.5,3,14.14,-0.39,3,1757,1773,40.55,2.87,3,18450,3,3,4
1764,7364,1461,1.11344E+12,27.518,1065.924,6042720.909,2134128.846,22.8,8.5,3,14.11,-0.21,3,1757,1773,40.28,2.85,3,18450,3,3,4
1764,7365,1461,1.11344E+12,27.578,1067.332,6042720.754,2134130.248,22.8,8.5,3,14.09,0,3,1757,1773,40.05,2.84,3,18450,3,3,4
1764,7366,1461,1.11344E+12,27.64,1068.742,6042720.6,2134131.651,22.8,8.5,3,14.09,0,3,1757,1773,39.77,2.82,3,18450,3,3,4
1764,7367,1461,1.11344E+12,27.701,1070.151,6042720.445,2134133.053,22.8,8.5,3,14.09,0,3,1757,1773,39.39,2.8,3,18450,3,3,4
1764,7368,1461,1.11344E+12,27.762,1071.56,6042720.291,2134134.455,22.8,8.5,3,14.09,0,3,1757,1773,38.96,2.77,3,18450,3,3,4
1764,7369,1461,1.11344E+12,27.823,1072.969,6042720.136,2134135.857,22.8,8.5,3,14.09,0.02,3,1757,1773,38.58,2.74,3,18450,3,3,4
1764,7370,1461,1.11344E+12,27.884,1074.379,6042719.982,2134137.26,22.8,8.5,3,14.1,0,3,1757,1773,38.36,2.72,3,18450,3,3,4
1764,7371,1461,1.11344E+12,27.945,1075.789,6042719.827,2134138.662,22.8,8.5,3,14.09,-0.02,3,1757,1773,38.26,2.72,3,18450,3,3,4
1764,7372,1461,1.11344E+12,28.006,1077.198,6042719.672,2134140.064,22.8,8.5,3,14.09,0,3,1757,1773,38.31,2.72,3,18450,3,3,4
1764,7373,1461,1.11344E+12,28.067,1078.607,6042719.518,2134141.466,22.8,8.5,3,14.09,0,3,1757,1773,38.41,2.73,3,18450,3,3,4
1764,7374,1461,1.11344E+12,28.128,1080.016,6042719.363,2134142.868,22.8,8.5,3,14.09,0.02,3,1757,1773,38.52,2.73,3,18450,3,3,4
1764,7375,1461,1.11344E+12,28.19,1081.426,6042719.209,2134144.271,22.8,8.5,3,14.1,0,3,1757,1773,38.62,2.74,3,18450,3,3,4
1764,7376,1461,1.11344E+12,28.25,1082.836,6042719.054,2134145.673,22.8,8.5,3,14.09,0,3,1757,1773,38.7,2.75,3,18450,3,3,4
1764,7377,1461,1.11344E+12,28.311,1084.245,6042718.899,2134147.075,22.8,8.5,3,14.09,0,3,1757,1773,38.76,2.75,3,18450,3,3,4
1764,7378,1461,1.11344E+12,28.372,1085.654,6042718.745,2134148.477,22.8,8.5,3,14.09,0,3,1757,1773,38.8,2.75,3,18450,3,3,4
1764,7379,1461,1.11344E+12,28.433,1087.064,6042718.59,2134149.88,22.8,8.5,3,14.09,0,3,1757,1773,38.85,2.76,3,18450,3,3,4
1764,7380,1461,1.11344E+12,28.495,1088.473,6042718.436,2134151.282,22.8,8.5,3,14.09,0,3,1757,1773,38.93,2.76,3,18450,3,3,4
1764,7381,1461,1.11344E+12,28.555,1089.882,6042718.281,2134152.684,22.8,8.5,3,14.09,0,3,1757,1773,39.03,2.77,3,18450,3,3,4
1764,7382,1461,1.11344E+12,28.617,1091.292,6042718.127,2134154.086,22.8,8.5,3,14.09,0,3,1757,1773,39.12,2.78,3,18450,3,3,4
1764,7383,1461,1.11344E+12,28.678,1092.701,6042717.972,2134155.488,22.8,8.5,3,14.09,0,3,1757,1773,39.21,2.78,3,18450,3,3,4
1764,7384,1461,1.11344E+12,28.738,1094.111,6042717.817,2134156.891,22.8,8.5,3,14.09,0,3,1757,1773,39.3,2.79,3,18450,3,3,4
1764,7385,1461,1.11344E+12,28.8,1095.52,6042717.663,2134158.293,22.8,8.5,3,14.09,-0.05,3,1757,1773,39.39,2.8,3,18450,3,3,4
1764,7386,1461,1.11344E+12,28.86,1096.929,6042717.508,2134159.695,22.8,8.5,3,14.08,-0.07,3,1757,1773,39.48,2.8,3,18450,3,3,4
1764,7387,1461,1.11344E+12,28.922,1098.335,6042717.354,2134161.097,22.8,8.5,3,14.09,0.21,3,1757,1773,39.57,2.81,3,18450,3,3,4
1764,7388,1461,1.11344E+12,28.987,1099.74,6042717.204,2134162.495,22.8,8.5,3,14.16,1.03,3,1757,1773,39.65,2.8,3,18450,3,3,4
1764,7389,1461,1.11344E+12,29.048,1101.155,6042717.049,2134163.897,22.8,8.5,3,14.32,2.11,3,1757,1773,39.71,2.77,3,18450,3,3,4
1764,7390,1461,1.11344E+12,29.088,1102.593,6042716.87,2134165.323,22.8,8.5,3,14.55,2.64,3,1757,1773,39.75,2.73,3,18450,3,3,4
1764,7391,1461,1.11344E+12,29.102,1104.064,6042716.659,2134166.78,22.8,8.5,3,14.78,2.12,3,1757,1773,39.76,2.69,3,18450,3,3,4
1764,7392,1461,1.11344E+12,29.095,1105.559,6042716.423,2134168.262,22.8,8.5,3,14.93,1.03,3,1757,1773,39.74,2.66,3,18450,3,3,4
1764,7393,1461,1.11344E+12,29.083,1107.064,6042716.182,2134169.748,22.8,8.5,3,15,0.19,3,1757,1773,39.72,2.65,3,18450,3,3,4
1764,7394,1461,1.11344E+12,29.075,1108.567,6042715.945,2134171.229,22.8,8.5,3,15.01,-0.08,3,1757,1773,39.69,2.64,3,18450,3,3,4
1764,7395,1461,1.11344E+12,29.067,1110.067,6042715.709,2134172.711,22.8,8.5,3,15,-0.04,3,1757,1773,39.67,2.64,3,18450,3,3,4
1764,7396,1461,1.11344E+12,29.06,1111.567,6042715.473,2134174.192,22.8,8.5,3,15,0,3,1757,1773,39.65,2.64,3,18450,3,3,4
1764,7397,1461,1.11344E+12,29.053,1113.067,6042715.237,2134175.674,22.8,8.5,3,15,0,3,1757,1773,39.63,2.64,3,18450,3,3,4
1764,7398,1461,1.11344E+12,29.045,1114.567,6042715.001,2134177.155,22.8,8.5,3,15,0,3,1757,1773,39.61,2.64,3,18450,3,3,4
1764,7399,1461,1.11344E+12,29.038,1116.067,6042714.765,2134178.636,22.8,8.5,3,15,0,3,1757,1773,39.59,2.64,3,18450,3,3,4
1764,7400,1461,1.11344E+12,29.031,1117.567,6042714.529,2134180.118,22.8,8.5,3,15,0,3,1757,1773,39.56,2.64,3,18450,3,3,4
1764,7401,1461,1.11344E+12,29.023,1119.067,6042714.293,2134181.599,22.8,8.5,3,15,0,3,1757,1773,39.54,2.64,3,18450,3,3,4
1764,7402,1461,1.11344E+12,29.015,1120.575,6042714.056,2134183.08,22.8,8.5,3,14.93,-1.09,3,1757,1773,39.51,2.65,3,18450,3,3,4
1764,7403,1461,1.11344E+12,29.008,1122.068,6042713.82,2134184.562,22.8,8.5,3,14.78,-2.06,3,1757,1773,39.5,2.67,3,18450,3,3,4
1764,7404,1461,1.11344E+12,29,1123.53,6042713.584,2134186.043,22.8,8.5,3,14.66,-1,3,1757,1773,39.51,2.7,3,18450,3,3,4
1764,7405,1461,1.11344E+12,28.998,1124.98,6042713.348,2134187.524,22.8,8.5,3,14.66,0.97,3,1757,1773,39.54,2.7,3,18450,3,3,4
1764,7406,1461,1.11344E+12,28.998,1126.441,6042713.112,2134189.006,22.8,8.5,3,14.77,2.06,3,1757,1773,39.56,2.68,3,18450,3,3,4
1764,7407,1461,1.11344E+12,28.997,1127.934,6042712.876,2134190.487,22.8,8.5,3,14.93,1.11,3,1757,1773,39.54,2.65,3,18450,3,3,4
1764,7408,1461,1.11344E+12,28.996,1129.441,6042712.64,2134191.968,22.8,8.5,3,15,0,3,1757,1773,39.51,2.63,3,18450,3,3,4
1764,7409,1461,1.11344E+12,28.995,1130.942,6042712.404,2134193.45,22.8,8.5,3,15,0,3,1757,1773,39.49,2.63,3,18450,3,3,4
1764,7410,1461,1.11344E+12,28.994,1132.442,6042712.168,2134194.931,22.8,8.5,3,15,0,3,1757,1773,39.48,2.63,3,18450,3,3,4
1764,7411,1461,1.11344E+12,28.992,1133.942,6042711.931,2134196.412,22.8,8.5,3,15,-0.05,3,1757,1773,39.47,2.63,3,18450,3,3,4
1764,7412,1461,1.11344E+12,28.992,1135.443,6042711.695,2134197.895,22.8,8.5,3,14.98,-0.24,3,1757,1773,39.47,2.63,3,18450,3,3,4
1764,7413,1461,1.11344E+12,28.991,1136.942,6042711.459,2134199.376,22.8,8.5,3,14.95,-0.51,3,1757,1773,39.47,2.64,3,18450,3,3,4
1764,7414,1461,1.11344E+12,28.99,1138.435,6042711.224,2134200.851,22.8,8.5,3,14.89,-0.63,3,1757,1773,39.49,2.65,3,18450,3,3,4
1764,7415,1461,1.11344E+12,28.989,1139.92,6042710.99,2134202.317,22.8,8.5,3,14.84,-0.49,3,1757,1773,39.49,2.66,3,18450,3,3,4
1764,7416,1461,1.11344E+12,28.988,1141.4,6042710.757,2134203.777,22.8,8.5,3,14.8,-0.24,3,1757,1773,39.45,2.67,3,18450,3,3,4
1764,7417,1461,1.11344E+12,28.987,1142.877,6042710.525,2134205.236,22.8,8.5,3,14.78,-0.05,3,1757,1773,39.39,2.67,3,18450,3,3,4
1764,7418,1461,1.11344E+12,28.986,1144.355,6042710.292,2134206.696,22.8,8.5,3,14.78,0,3,1757,1773,39.34,2.66,3,18450,3,3,4
1764,7419,1461,1.11344E+12,28.986,1145.833,6042710.06,2134208.156,22.8,8.5,3,14.78,0,3,1757,1773,39.35,2.66,3,18450,3,3,4
1764,7420,1461,1.11344E+12,28.985,1147.312,6042709.827,2134209.616,22.8,8.5,3,14.78,0,3,1757,1773,39.38,2.66,3,18450,3,3,4
1764,7421,1461,1.11344E+12,28.983,1148.79,6042709.594,2134211.076,22.8,8.5,3,14.78,0,3,1757,1773,39.4,2.67,3,18450,3,3,4
1764,7422,1461,1.11344E+12,28.983,1150.268,6042709.362,2134212.536,22.8,8.5,3,14.78,0,3,1757,1773,39.42,2.67,3,18450,3,3,4
1764,7423,1461,1.11344E+12,28.982,1151.747,6042709.129,2134213.995,22.8,8.5,3,14.78,0,3,1757,1773,39.44,2.67,3,18450,3,3,4
1764,7424,1461,1.11344E+12,28.981,1153.225,6042708.896,2134215.455,22.8,8.5,3,14.78,0,3,1757,1773,39.47,2.67,3,18450,3,3,4
1764,7425,1461,1.11344E+12,28.979,1154.703,6042708.663,2134216.915,22.8,8.5,3,14.78,0,3,1757,1773,39.49,2.67,3,18450,3,3,4
1764,7426,1461,1.11344E+12,28.979,1156.181,6042708.431,2134218.375,22.8,8.5,3,14.78,0,3,1757,1773,39.51,2.67,3,18450,3,3,4
1764,7427,1461,1.11344E+12,28.978,1157.66,6042708.198,2134219.835,22.8,8.5,3,14.78,0,3,1757,1773,39.53,2.67,3,18450,3,3,4
1764,7428,1461,1.11344E+12,28.977,1159.138,6042707.965,2134221.295,22.8,8.5,3,14.79,0,3,1757,1773,39.56,2.67,3,18450,3,3,4
1764,7429,1461,1.11344E+12,28.977,1160.617,6042707.733,2134222.755,22.8,8.5,3,14.78,0,3,1757,1773,39.58,2.68,3,18450,3,3,4
1764,7430,1461,1.11344E+12,28.975,1162.095,6042707.5,2134224.215,22.8,8.5,3,14.78,-0.02,3,1757,1773,39.6,2.68,3,18450,3,3,4
1764,7431,1461,1.11344E+12,28.974,1163.573,6042707.267,2134225.675,22.8,8.5,3,14.78,0,3,1757,1773,39.62,2.68,3,18450,3,3,4
1764,7432,1461,1.11344E+12,28.974,1165.051,6042707.035,2134227.134,22.8,8.5,3,14.78,0,3,1757,1773,39.64,2.68,3,18450,3,3,4
1764,7433,1461,1.11344E+12,28.973,1166.529,6042706.802,2134228.594,22.8,8.5,3,14.78,0,3,1757,1773,39.66,2.68,3,18450,3,3,4
1764,7434,1461,1.11344E+12,28.971,1168.007,6042706.569,2134230.054,22.8,8.5,3,14.78,0.06,3,1757,1773,39.69,2.69,3,18450,3,3,4
1764,7435,1461,1.11344E+12,28.971,1169.485,6042706.337,2134231.513,22.8,8.5,3,14.8,0.24,3,1757,1773,39.71,2.68,3,18450,3,3,4
1764,7436,1461,1.11344E+12,28.97,1170.964,6042706.104,2134232.973,22.8,8.5,3,14.84,0.5,3,1757,1773,39.73,2.68,3,18450,3,3,4
1764,7437,1461,1.11344E+12,28.968,1172.45,6042705.87,2134234.439,22.8,8.5,3,14.89,0.63,3,1757,1773,39.74,2.67,3,18450,3,3,4
1764,7438,1461,1.11344E+12,28.968,1173.943,6042705.635,2134235.914,22.8,8.5,3,14.95,0.51,3,1757,1773,39.75,2.66,3,18450,3,3,4
1764,7439,1461,1.11344E+12,28.967,1175.441,6042705.399,2134237.395,22.8,8.5,3,14.98,0.25,3,1757,1773,39.75,2.65,3,18450,3,3,4
1764,7440,1461,1.11344E+12,28.966,1176.942,6042705.163,2134238.878,22.8,8.5,3,15,0.05,3,1757,1773,39.75,2.65,3,18450,3,3,4
1764,7441,1461,1.11344E+12,28.965,1178.456,6042704.927,2134240.359,22.8,8.5,3,14.89,-1.86,3,1757,1773,39.74,2.67,3,18450,3,3,4
1764,7443,1461,1.11344E+12,28.963,1181.38,6042704.454,2134243.322,22.8,8.5,3,14.44,-1.64,3,1757,1773,39.81,2.76,3,18450,3,3,4
1764,7444,1461,1.11344E+12,28.966,1182.796,6042704.218,2134244.803,22.8,8.5,3,14.44,1.65,3,1757,1773,39.9,2.76,3,18450,3,3,4
1764,7446,1461,1.11344E+12,28.987,1185.72,6042703.746,2134247.766,22.8,8.5,3,14.89,1.82,3,1757,1773,39.97,2.68,3,18450,3,3,4
1764,7447,1461,1.11344E+12,28.997,1187.233,6042703.51,2134249.247,22.8,8.5,3,15,0,3,1757,1773,39.96,2.66,3,18450,3,3,4
1764,7448,1461,1.11344E+12,29.007,1188.733,6042703.274,2134250.729,22.8,8.5,3,15,0,3,1757,1773,39.96,2.66,3,18450,3,3,4
1764,7449,1461,1.11344E+12,29.017,1190.233,6042703.038,2134252.21,22.8,8.5,3,15,0,3,1757,1773,39.96,2.66,3,18450,3,3,4
1764,7450,1461,1.11344E+12,29.027,1191.733,6042702.802,2134253.691,22.8,8.5,3,15,0,3,1757,1773,39.96,2.66,3,18450,3,3,4
1764,7451,1461,1.11344E+12,29.036,1193.233,6042702.565,2134255.173,22.8,8.5,3,15,0,3,1757,1773,39.96,2.66,3,18450,3,3,4
1764,7452,1461,1.11344E+12,29.046,1194.733,6042702.329,2134256.654,22.8,8.5,3,15,0,3,1757,1773,39.96,2.66,3,18450,3,3,4
1764,7453,1461,1.11344E+12,29.056,1196.233,6042702.093,2134258.135,22.8,8.5,3,15,0,3,1757,1773,39.96,2.66,3,18450,3,3,4
1764,7454,1461,1.11344E+12,29.066,1197.733,6042701.857,2134259.617,22.8,8.5,3,15,0,3,1757,1773,39.96,2.66,3,18450,3,3,4
1764,7455,1461,1.11344E+12,29.076,1199.233,6042701.621,2134261.098,22.8,8.5,3,15,0,3,1757,1773,39.94,2.66,3,18450,3,3,4
1764,7456,1461,1.11344E+12,29.087,1200.733,6042701.385,2134262.58,22.8,8.5,3,15,0,3,1757,1773,39.94,2.66,3,18450,3,3,4
1764,7457,1461,1.11344E+12,29.097,1202.233,6042701.149,2134264.061,22.8,8.5,3,15,0,3,1757,1773,39.99,2.67,3,18450,3,3,4
1764,7458,1461,1.11344E+12,29.107,1203.733,6042700.913,2134265.542,22.8,8.5,3,15,0,3,1757,1773,40.12,2.67,3,18450,3,3,4
1764,7459,1461,1.11344E+12,29.117,1205.233,6042700.677,2134267.024,22.8,8.5,3,15,0,3,1757,1773,40.3,2.69,3,18450,3,3,4
1764,7460,1461,1.11344E+12,29.126,1206.733,6042700.44,2134268.505,22.8,8.5,3,15,0,3,1757,1773,40.43,2.7,3,18450,3,3,4
1764,7461,1461,1.11344E+12,29.136,1208.233,6042700.204,2134269.986,22.8,8.5,3,15,0,3,1757,1773,40.48,2.7,3,18450,3,3,4
1764,7462,1461,1.11344E+12,29.146,1209.733,6042699.968,2134271.468,22.8,8.5,3,15,0,3,1757,1773,40.48,2.7,3,18450,3,3,4
1764,7463,1461,1.11344E+12,29.156,1211.233,6042699.732,2134272.949,22.8,8.5,3,15,0,3,1757,1773,40.49,2.7,3,18450,3,3,4
1764,7464,1461,1.11344E+12,29.166,1212.733,6042699.496,2134274.43,22.8,8.5,3,15,0,3,1757,1773,40.55,2.7,3,18450,3,3,4
1764,7465,1461,1.11344E+12,29.176,1214.233,6042699.26,2134275.912,22.8,8.5,3,15,0,3,1757,1773,40.64,2.71,3,18450,3,3,4
1764,7466,1461,1.11344E+12,29.186,1215.733,6042699.024,2134277.393,22.8,8.5,3,15,0,3,1757,1773,40.74,2.72,3,18450,3,3,4
1764,7467,1461,1.11344E+12,29.196,1217.233,6042698.788,2134278.874,22.8,8.5,3,15,0,3,1757,1773,40.83,2.72,3,18450,3,3,4
1764,7468,1461,1.11344E+12,29.207,1218.733,6042698.552,2134280.356,22.8,8.5,3,15,0,3,1757,1773,40.93,2.73,3,18450,3,3,4
1764,7469,1461,1.11344E+12,29.216,1220.233,6042698.315,2134281.837,22.8,8.5,3,15,0,3,1757,1773,41.02,2.73,3,18450,3,3,4
1764,7470,1461,1.11344E+12,29.226,1221.733,6042698.079,2134283.318,22.8,8.5,3,15,0,3,1757,1773,41.12,2.74,3,18450,3,3,4
1764,7471,1461,1.11344E+12,29.236,1223.233,6042697.843,2134284.8,22.8,8.5,3,15,0,3,1757,1773,41.21,2.75,3,18450,3,3,4
1764,7472,1461,1.11344E+12,29.246,1224.733,6042697.607,2134286.281,22.8,8.5,3,15,0,3,1757,1773,41.3,2.75,3,18450,3,3,4
1764,7473,1461,1.11344E+12,29.256,1226.233,6042697.371,2134287.762,22.8,8.5,3,15,0,3,1757,1773,41.4,2.76,3,18450,3,3,4
1764,7474,1461,1.11344E+12,29.266,1227.733,6042697.135,2134289.244,22.8,8.5,3,15,0,3,1757,1773,41.52,2.77,3,18450,3,3,4
1764,7475,1461,1.11344E+12,29.276,1229.233,6042696.899,2134290.725,22.8,8.5,3,15,0,3,1757,1773,41.64,2.78,3,18450,3,3,4
1764,7476,1461,1.11344E+12,29.286,1230.733,6042696.663,2134292.207,22.8,8.5,3,15,0,3,1757,1773,41.76,2.78,3,18450,3,3,4
1764,7477,1461,1.11344E+12,29.295,1232.233,6042696.426,2134293.688,22.8,8.5,3,15,0,3,1757,1773,41.86,2.79,3,18450,3,3,4
1764,7478,1461,1.11344E+12,29.305,1233.733,6042696.19,2134295.169,22.8,8.5,3,15,0,3,1757,1773,41.95,2.8,3,18450,3,3,4
1764,7479,1461,1.11344E+12,29.316,1235.233,6042695.954,2134296.651,22.8,8.5,3,15,0,3,1757,1773,42.05,2.8,3,18450,3,3,4
1764,7480,1461,1.11344E+12,29.326,1236.733,6042695.718,2134298.132,22.8,8.5,3,15,0,3,1757,1773,42.14,2.81,3,18450,3,3,4
1764,7481,1461,1.11344E+12,29.336,1238.233,6042695.482,2134299.613,22.8,8.5,3,15,0,3,1757,1773,42.23,2.82,3,18450,3,3,4
1764,7482,1461,1.11344E+12,29.346,1239.733,6042695.246,2134301.095,22.8,8.5,3,15,0,3,1757,1781,42.33,2.82,3,18450,3,3,4
1764,7483,1461,1.11344E+12,29.356,1241.233,6042695.01,2134302.576,22.8,8.5,3,15,0,3,1757,1781,42.42,2.83,3,18450,3,3,4
1764,7484,1461,1.11344E+12,29.366,1242.733,6042694.774,2134304.057,22.8,8.5,3,15,0,3,1757,1781,42.52,2.83,3,18450,3,3,4
1764,7485,1461,1.11344E+12,29.376,1244.234,6042694.538,2134305.539,22.8,8.5,3,14.99,-0.13,3,1757,1781,42.61,2.84,3,18450,3,3,4
1764,7486,1461,1.11344E+12,29.385,1245.733,6042694.301,2134307.02,22.8,8.5,3,14.97,-0.24,3,1757,1781,42.71,2.85,3,18450,3,3,4
1764,7487,1461,1.11344E+12,29.395,1247.224,6042694.065,2134308.501,22.8,8.5,3,15,0.54,3,1757,1781,42.81,2.85,3,18450,3,3,4
1764,7488,1461,1.11344E+12,29.405,1248.712,6042693.831,2134309.968,22.8,8.5,3,15.19,2.88,3,1757,1781,42.92,2.83,3,18450,3,3,4
1764,7492,1461,1.11344E+12,29.419,1255.219,6042692.778,2134316.389,22.8,8.5,3,17.35,2.94,3,1757,1781,42.71,2.46,3,18450,3,3,4
1764,7493,1461,1.11344E+12,29.385,1256.986,6042692.454,2134318.129,22.8,8.5,3,17.54,0.57,3,1757,1781,42.45,2.42,3,18450,3,3,4
1764,7494,1461,1.11344E+12,29.347,1258.75,6042692.129,2134319.854,22.8,8.5,3,17.57,-0.24,3,1757,1781,42.13,2.4,3,18450,3,3,4
1764,7495,1461,1.11344E+12,29.312,1260.505,6042691.807,2134321.579,22.8,8.5,3,17.56,-0.13,3,1757,1781,41.76,2.38,3,18450,3,3,4
1764,7496,1461,1.11344E+12,29.278,1262.259,6042691.485,2134323.305,22.8,8.5,3,17.55,0,3,1757,1781,41.35,2.36,3,18450,3,3,4
1764,7497,1461,1.11344E+12,29.244,1264.014,6042691.164,2134325.03,22.8,8.5,3,17.55,0,3,1757,1781,40.9,2.33,3,18450,3,3,4
1764,7498,1461,1.11344E+12,29.209,1265.764,6042690.842,2134326.755,22.8,8.5,3,17.59,0.67,3,1757,1781,40.43,2.3,3,18450,3,3,4
1764,7499,1461,1.11344E+12,29.174,1267.523,6042690.52,2134328.481,22.8,8.5,3,17.69,1.27,3,1757,1781,39.94,2.26,3,18450,3,3,4
1764,7500,1461,1.11344E+12,29.139,1269.302,6042690.198,2134330.206,22.8,8.5,3,17.76,0.61,3,1757,1781,39.45,2.22,3,18450,3,3,4
1764,7501,1461,1.11344E+12,29.105,1271.087,6042689.877,2134331.931,22.8,8.5,3,17.76,-0.61,3,1757,1781,38.97,2.19,3,18450,3,3,4
1764,7502,1461,1.11344E+12,29.065,1272.866,6042689.555,2134333.657,22.8,8.5,3,17.69,-1.28,3,1757,1781,38.48,2.18,3,18450,3,3,4
1764,7503,1461,1.11344E+12,29.026,1274.625,6042689.233,2134335.382,22.8,8.5,3,17.59,-0.69,3,1757,1781,37.99,2.16,3,18450,3,3,4
1764,7504,1461,1.11344E+12,28.986,1276.375,6042688.911,2134337.107,22.8,8.5,3,17.54,0,3,1757,1781,37.58,2.14,3,18450,3,3,4
1764,7505,1461,1.11344E+12,28.948,1278.129,6042688.59,2134338.832,22.8,8.5,3,17.55,0.08,3,1757,1781,37.22,2.12,3,18450,3,3,4
1764,7506,1461,1.11344E+12,28.908,1279.884,6042688.268,2134340.558,22.8,8.5,3,17.56,0.15,3,1757,1781,36.84,2.1,3,18450,3,3,4
1764,7507,1461,1.11344E+12,28.869,1281.644,6042687.946,2134342.283,22.8,8.5,3,17.55,-0.32,3,1757,1781,36.43,2.08,3,18450,3,3,4
1764,7508,1461,1.11344E+12,28.834,1283.406,6042687.627,2134344.018,22.8,8.5,3,17.43,-1.76,3,1757,1781,36.03,2.07,3,18450,3,3,4
1764,7512,1461,1.11344E+12,28.683,1290.114,6042686.396,2134350.614,22.8,8.5,3,16.12,-1.74,3,1757,1743,35.46,2.2,3,18450,3,3,4
1764,7513,1461,1.11344E+12,28.724,1291.707,6042686.179,2134352.191,22.8,8.5,3,16,-0.32,3,1757,1743,35.54,2.22,3,18450,3,3,4
1764,7514,1461,1.11344E+12,28.777,1293.302,6042685.974,2134353.779,22.8,8.5,3,15.99,0.14,3,1757,1743,35.58,2.23,3,18450,3,3,4
1764,7515,1461,1.11344E+12,28.822,1294.902,6042685.76,2134355.365,22.8,8.5,3,16,0.07,3,1757,1743,35.53,2.22,3,18450,3,3,4
1764,7516,1461,1.11344E+12,28.867,1296.502,6042685.546,2134356.951,22.8,8.5,3,16,0,3,1757,1743,35.41,2.21,3,18450,3,3,4
1764,7517,1461,1.11344E+12,28.912,1298.102,6042685.332,2134358.538,22.8,8.5,3,16,0,3,1757,1743,35.29,2.21,3,18450,3,3,4
1764,7518,1461,1.11344E+12,28.956,1299.702,6042685.118,2134360.124,22.8,8.5,3,16,0,3,1757,1743,35.25,2.2,3,18450,3,3,4
1764,7519,1461,1.11344E+12,29,1301.302,6042684.903,2134361.71,22.8,8.5,3,16,0,3,1757,1743,35.29,2.21,3,18450,3,3,4
1764,7520,1461,1.11344E+12,29.045,1302.902,6042684.689,2134363.296,22.8,8.5,3,16,0,3,1757,1743,35.31,2.21,3,18450,3,3,4
1764,7521,1461,1.11344E+12,29.089,1304.502,6042684.475,2134364.883,22.8,8.5,3,16,0,3,1757,1743,35.23,2.2,3,18450,3,3,4
1764,7522,1461,1.11344E+12,29.134,1306.102,6042684.261,2134366.469,22.8,8.5,3,16,0,3,1757,1743,35.03,2.19,3,18450,3,3,4
1764,7523,1461,1.11344E+12,29.179,1307.702,6042684.047,2134368.055,22.8,8.5,3,16,0,3,1757,1743,34.77,2.17,3,18450,3,3,4
1764,7524,1461,1.11344E+12,29.223,1309.303,6042683.832,2134369.642,22.8,8.5,3,16,0,3,1757,1743,34.42,2.15,3,18450,3,3,4
1764,7525,1461,1.11344E+12,29.267,1310.903,6042683.618,2134371.228,22.8,8.5,3,16,0,3,1757,1743,33.96,2.12,3,18450,3,3,4
1764,7526,1461,1.11344E+12,29.312,1312.503,6042683.404,2134372.814,22.8,8.5,3,16,0,3,1757,1743,33.41,2.09,3,18450,3,3,4
1764,7527,1461,1.11344E+12,29.357,1314.103,6042683.19,2134374.401,22.8,8.5,3,16,0,3,1757,1743,32.89,2.06,3,18450,3,3,4
1764,7528,1461,1.11344E+12,29.401,1315.702,6042682.976,2134375.987,22.8,8.5,3,16.01,0.14,3,1757,1743,32.51,2.03,3,18450,3,3,4
1764,7529,1461,1.11344E+12,29.446,1317.304,6042682.762,2134377.573,22.8,8.5,3,16.02,0.04,3,1757,1743,32.27,2.01,3,18450,3,3,4
1764,7530,1461,1.11344E+12,29.49,1318.914,6042682.547,2134379.159,22.8,8.5,3,15.95,-1.11,3,1757,1743,32.1,2.01,3,18450,3,3,4
1764,7531,1461,1.11344E+12,29.544,1320.51,6042682.339,2134380.765,22.8,8.5,3,15.77,-2.38,3,1757,1743,31.93,2.02,3,18450,3,3,4
1764,7532,1461,1.11344E+12,29.582,1322.071,6042682.123,2134382.322,22.8,8.5,3,15.62,-1.43,3,1757,1743,31.77,2.03,3,18450,3,3,4
1764,7533,1461,1.11344E+12,29.581,1323.6,6042681.879,2134383.81,22.8,8.5,3,15.72,2.73,3,1757,1743,31.67,2.01,3,18450,3,3,4
1764,7537,1461,1.11344E+12,29.549,1330.356,6042680.755,2134390.489,22.8,8.5,3,17.87,1.34,3,1757,1743,31.95,1.79,3,18450,3,3,4
1764,7538,1461,1.11344E+12,29.559,1332.163,6042680.476,2134392.258,22.8,8.5,3,17.95,-0.33,3,1757,1743,32.14,1.79,3,18450,3,3,4
1764,7539,1461,1.11344E+12,29.57,1333.956,6042680.198,2134394.026,22.8,8.5,3,17.92,-0.27,3,1757,1743,32.32,1.8,3,18450,3,3,4
1764,7540,1461,1.11344E+12,29.58,1335.744,6042679.919,2134395.795,22.8,8.5,3,17.9,0,3,1757,1743,32.48,1.81,3,18450,3,3,4
1764,7541,1461,1.11344E+12,29.59,1337.535,6042679.64,2134397.563,22.8,8.5,3,17.9,0,3,1757,1743,32.64,1.82,3,18450,3,3,4
1764,7542,1461,1.11344E+12,29.6,1339.325,6042679.361,2134399.332,22.8,8.5,3,17.9,0,3,1757,1743,32.8,1.83,3,18450,3,3,4
1764,7543,1461,1.11344E+12,29.61,1341.115,6042679.082,2134401.1,22.8,8.5,3,17.9,0,3,1757,1743,32.96,1.84,3,18450,3,3,4
1764,7544,1461,1.11344E+12,29.62,1342.905,6042678.803,2134402.868,22.8,8.5,3,17.9,0,3,1757,1743,33.13,1.85,3,18450,3,3,4
1764,7545,1461,1.11344E+12,29.63,1344.696,6042678.524,2134404.637,22.8,8.5,3,17.9,0,3,1757,1743,33.29,1.86,3,18450,3,3,4
1764,7546,1461,1.11344E+12,29.64,1346.486,6042678.245,2134406.405,22.8,8.5,3,17.9,0,3,1757,1743,33.45,1.87,3,18450,3,3,4
1764,7547,1461,1.11344E+12,29.65,1348.276,6042677.966,2134408.174,22.8,8.5,3,17.9,0,3,1757,1743,33.61,1.88,3,18450,3,3,4
1764,7548,1461,1.11344E+12,29.66,1350.066,6042677.687,2134409.942,22.8,8.5,3,17.9,0,3,1757,1743,33.77,1.89,3,18450,3,3,4
1764,7549,1461,1.11344E+12,29.67,1351.857,6042677.408,2134411.711,22.8,8.5,3,17.9,0,3,1757,1743,33.93,1.9,3,18450,3,3,4
1764,7550,1461,1.11344E+12,29.68,1353.647,6042677.129,2134413.479,22.8,8.5,3,17.9,0,3,1757,1743,34.09,1.9,3,18450,3,3,4
1764,7551,1461,1.11344E+12,29.689,1355.437,6042676.85,2134415.247,22.8,8.5,3,17.9,0,3,1757,1743,34.25,1.91,3,18450,3,3,4
1764,7552,1461,1.11344E+12,29.7,1357.227,6042676.572,2134417.016,22.8,8.5,3,17.9,0,3,1757,1743,34.41,1.92,3,18450,3,3,4
1764,7553,1461,1.11344E+12,29.71,1359.015,6042676.293,2134418.784,22.8,8.5,3,17.93,0.42,3,1757,1743,34.58,1.93,3,18450,3,3,4
1764,7554,1461,1.11344E+12,29.72,1360.808,6042676.014,2134420.553,22.8,8.5,3,17.99,0.8,3,1757,1743,34.73,1.93,3,18450,3,3,4
1764,7555,1461,1.11344E+12,29.73,1362.613,6042675.735,2134422.321,22.8,8.5,3,18.03,0.37,3,1757,1743,34.88,1.93,3,18450,3,3,4
1764,7556,1461,1.11344E+12,29.738,1364.422,6042675.456,2134424.09,22.8,8.5,3,18.03,-0.38,3,1757,1743,35.02,1.94,3,18450,3,3,4
1764,7557,1461,1.11344E+12,29.745,1366.227,6042675.177,2134425.858,22.8,8.5,3,17.99,-0.78,3,1757,1743,35.17,1.95,3,18450,3,3,4
1764,7558,1461,1.11344E+12,29.752,1368.02,6042674.898,2134427.626,22.8,8.5,3,17.93,-0.42,3,1757,1743,35.33,1.97,3,18450,3,3,4
1764,7559,1461,1.11344E+12,29.759,1369.808,6042674.619,2134429.395,22.8,8.5,3,17.9,0,3,1757,1743,35.49,1.98,3,18450,3,3,4
1764,7560,1461,1.11344E+12,29.766,1371.597,6042674.34,2134431.163,22.8,8.5,3,17.91,0.17,3,1757,1743,35.65,1.99,3,18450,3,3,4
1764,7561,1461,1.11344E+12,29.773,1373.388,6042674.061,2134432.932,22.8,8.5,3,17.94,0.32,3,1757,1743,35.82,2,3,18450,3,3,4
1764,7562,1461,1.11344E+12,29.78,1375.191,6042673.782,2134434.7,22.8,8.5,3,17.9,-0.79,3,1757,1743,35.98,2.01,3,18450,3,3,4
1764,7567,1461,1.11344E+12,29.707,1383.519,6042672.379,2134442.912,22.8,8.5,3,15.12,-2.64,3,1757,1743,36.81,2.43,3,18450,3,3,4
1764,7568,1461,1.11344E+12,29.695,1384.999,6042672.131,2134444.371,22.8,8.5,3,14.96,-0.08,3,1757,1743,36.94,2.47,3,18450,3,3,4
1764,7569,1461,1.11344E+12,29.694,1386.488,6042671.89,2134445.854,22.8,8.5,3,14.98,0.73,3,1757,1743,36.99,2.47,3,18450,3,3,4
1764,7570,1461,1.11344E+12,29.688,1387.991,6042671.644,2134447.334,22.8,8.5,3,15.04,0.51,3,1757,1743,36.98,2.46,3,18450,3,3,4
1764,7571,1461,1.11344E+12,29.682,1389.512,6042671.399,2134448.814,22.8,8.5,3,14.96,-1.69,3,1757,1743,36.92,2.47,3,18450,3,3,4
1764,7577,1461,1.11344E+12,29.652,1397.012,6042670.171,2134456.213,22.8,8.5,3,10.05,-1.65,3,1757,1743,38.96,3.88,3,18450,3,3,4
1764,7578,1461,1.11344E+12,29.647,1397.992,6042670.007,2134457.199,22.8,8.5,3,9.95,0.39,3,1757,1743,39.48,3.97,3,18450,3,3,4
1764,7579,1461,1.11344E+12,29.644,1398.99,6042669.844,2134458.186,22.8,8.5,3,9.99,0.26,3,1757,1743,39.96,4,3,18450,3,3,4
1764,7580,1461,1.11344E+12,29.64,1399.99,6042669.68,2134459.173,22.8,8.5,3,10.02,0.24,3,1757,1743,40.46,4.04,3,18450,3,3,4
1764,7581,1461,1.11344E+12,29.635,1400.993,6042669.516,2134460.159,22.8,8.5,3,10.04,0.29,3,1757,1743,40.97,4.08,3,18450,3,3,4
1764,7582,1461,1.11344E+12,29.631,1402.013,6042669.352,2134461.146,22.8,8.5,3,9.93,-1.87,3,1757,1743,41.45,4.17,3,18450,3,3,4
1764,7591,1461,1.11344E+12,28.885,1413.892,6042666.712,2134472.789,22.8,8.5,3,19.6,1.26,3,1757,1743,43.5,2.22,3,18450,3,3,4
1764,7592,1461,1.11344E+12,28.874,1415.874,6042666.388,2134474.725,22.8,8.5,3,19.67,-0.54,3,1757,1743,43.4,2.21,3,18450,3,3,4
1764,7593,1461,1.11344E+12,28.865,1417.834,6042666.065,2134476.662,22.8,8.5,3,19.63,0,3,1757,1743,43.33,2.21,3,18450,3,3,4
1764,7594,1461,1.11344E+12,28.855,1419.797,6042665.742,2134478.598,22.8,8.5,3,19.63,0,3,1757,1743,43.25,2.2,3,18450,3,3,4
1764,7595,1461,1.11344E+12,28.845,1421.76,6042665.418,2134480.535,22.8,8.5,3,19.63,0,3,1757,1743,43.17,2.2,3,18450,3,3,4
1764,7596,1461,1.11344E+12,28.835,1423.724,6042665.095,2134482.471,22.8,8.5,3,19.63,0,3,1757,1743,43.1,2.2,3,18450,3,3,4
1764,7597,1461,1.11344E+12,28.826,1425.687,6042664.772,2134484.408,22.8,8.5,3,19.63,0,3,1757,1743,43.02,2.19,3,18450,3,3,4
1764,7598,1461,1.11344E+12,28.815,1427.65,6042664.448,2134486.344,22.8,8.5,3,19.63,0,3,1757,1743,42.94,2.19,3,18450,3,3,4
1764,7599,1461,1.11344E+12,28.806,1429.614,6042664.125,2134488.281,22.8,8.5,3,19.63,0,3,1757,1743,42.86,2.18,3,18450,3,3,4
1764,7600,1461,1.11344E+12,28.796,1431.577,6042663.802,2134490.217,22.8,8.5,3,19.63,0,3,1757,1743,42.79,2.18,3,18450,3,3,4
1764,7601,1461,1.11344E+12,28.785,1433.54,6042663.478,2134492.154,22.8,8.5,3,19.63,0,3,1757,1743,42.71,2.18,3,18450,3,3,4
1764,7602,1461,1.11344E+12,28.776,1435.503,6042663.155,2134494.09,22.8,8.5,3,19.63,0,3,1757,1743,42.63,2.17,3,18450,3,3,4
1764,7603,1461,1.11344E+12,28.766,1437.469,6042662.832,2134496.027,22.8,8.5,3,19.61,-0.35,3,1757,1743,42.55,2.17,3,18450,3,3,4
1764,7604,1461,1.11344E+12,28.756,1439.43,6042662.508,2134497.963,22.8,8.5,3,19.56,-0.67,3,1757,1743,42.48,2.17,3,18450,3,3,4
1764,7605,1461,1.11344E+12,28.746,1441.381,6042662.185,2134499.9,22.8,8.5,3,19.52,-0.33,3,1757,1743,42.41,2.17,3,18450,3,3,4
1764,7606,1461,1.11344E+12,28.738,1443.329,6042661.862,2134501.836,22.8,8.5,3,19.52,0.3,3,1757,1743,42.35,2.17,3,18450,3,3,4
1764,7607,1461,1.11344E+12,28.73,1445.279,6042661.538,2134503.773,22.8,8.5,3,19.56,0.66,3,1757,1743,42.29,2.16,3,18450,3,3,4
1764,7608,1461,1.11344E+12,28.723,1447.24,6042661.215,2134505.709,22.8,8.5,3,19.61,0.36,3,1757,1743,42.21,2.15,3,18450,3,3,4
1764,7609,1461,1.11344E+12,28.717,1449.206,6042660.892,2134507.646,22.8,8.5,3,19.63,0,3,1757,1743,42.13,2.15,3,18450,3,3,4
1764,7610,1461,1.11344E+12,28.709,1451.169,6042660.568,2134509.582,22.8,8.5,3,19.63,0,3,1757,1743,42.05,2.14,3,18450,3,3,4
1764,7611,1461,1.11344E+12,28.702,1453.133,6042660.245,2134511.519,22.8,8.5,3,19.63,0,3,1757,1743,41.97,2.14,3,18450,3,3,4
1764,7612,1461,1.11344E+12,28.695,1455.096,6042659.922,2134513.455,22.8,8.5,3,19.63,0,3,1757,1743,41.9,2.13,3,18450,3,3,4
